Date,CL1 Comdty - Last Price
14/11/23,78.25
13/11/23,78.26
10/11/23,77.17
9/11/23,75.74
8/11/23,75.33
7/11/23,77.37
6/11/23,80.82
3/11/23,80.51
2/11/23,82.46
1/11/23,80.44
31/10/23,81.02
30/10/23,82.31
27/10/23,85.54
26/10/23,83.21
25/10/23,85.39
24/10/23,83.74
23/10/23,85.49
20/10/23,88.75
19/10/23,89.37
18/10/23,88.32
17/10/23,86.66
16/10/23,86.66
13/10/23,87.69
12/10/23,82.91
11/10/23,83.49
10/10/23,85.97
9/10/23,86.38
6/10/23,82.79
5/10/23,82.31
4/10/23,84.22
3/10/23,89.23
2/10/23,88.82
29/9/23,90.79
28/9/23,91.71
27/9/23,93.68
26/9/23,90.39
25/9/23,89.68
22/9/23,90.03
21/9/23,89.63
20/9/23,90.28
19/9/23,91.2
18/9/23,91.48
15/9/23,90.77
14/9/23,90.16
13/9/23,88.52
12/9/23,88.84
11/9/23,87.29
8/9/23,87.51
7/9/23,86.87
6/9/23,87.54
5/9/23,86.69
1/9/23,85.55
31/8/23,83.63
30/8/23,81.63
29/8/23,81.16
28/8/23,80.1
25/8/23,79.83
24/8/23,79.05
23/8/23,78.89
22/8/23,80.35
21/8/23,80.72
18/8/23,81.25
17/8/23,80.39
16/8/23,79.38
15/8/23,80.99
14/8/23,82.51
11/8/23,83.19
10/8/23,82.82
9/8/23,84.4
8/8/23,82.92
7/8/23,81.94
4/8/23,82.82
3/8/23,81.55
2/8/23,79.49
1/8/23,81.37
31/7/23,81.8
28/7/23,80.58
27/7/23,80.09
26/7/23,78.78
25/7/23,79.63
24/7/23,78.74
21/7/23,77.07
20/7/23,75.63
19/7/23,75.35
18/7/23,75.75
17/7/23,74.15
14/7/23,75.42
13/7/23,76.89
12/7/23,75.75
11/7/23,74.83
10/7/23,72.99
7/7/23,73.86
6/7/23,71.8
5/7/23,71.79
3/7/23,69.79
30/6/23,70.64
29/6/23,69.86
28/6/23,69.56
27/6/23,67.7
26/6/23,69.37
23/6/23,69.16
22/6/23,69.51
21/6/23,72.53
20/6/23,70.5
16/6/23,71.78
15/6/23,70.62
14/6/23,68.27
13/6/23,69.42
12/6/23,67.12
9/6/23,70.17
8/6/23,71.29
7/6/23,72.53
6/6/23,71.74
5/6/23,72.15
2/6/23,71.74
1/6/23,70.1
31/5/23,68.09
30/5/23,69.46
26/5/23,72.67
25/5/23,71.83
24/5/23,74.34
23/5/23,72.91
22/5/23,71.99
19/5/23,71.55
18/5/23,71.86
17/5/23,72.83
16/5/23,70.86
15/5/23,71.11
12/5/23,70.04
11/5/23,70.87
10/5/23,72.56
9/5/23,73.71
8/5/23,73.16
5/5/23,71.34
4/5/23,68.56
3/5/23,68.6
2/5/23,71.66
1/5/23,75.66
28/4/23,76.78
27/4/23,74.76
26/4/23,74.3
25/4/23,77.07
24/4/23,78.76
21/4/23,77.87
20/4/23,77.29
19/4/23,79.16
18/4/23,80.86
17/4/23,80.83
14/4/23,82.52
13/4/23,82.16
12/4/23,83.26
11/4/23,81.53
10/4/23,79.74
7/4/23,80.7
6/4/23,80.7
5/4/23,80.61
4/4/23,80.71
3/4/23,80.42
31/3/23,75.67
30/3/23,74.37
29/3/23,72.97
28/3/23,73.2
27/3/23,72.81
24/3/23,69.26
23/3/23,69.96
22/3/23,70.9
21/3/23,69.33
20/3/23,67.64
17/3/23,66.74
16/3/23,68.35
15/3/23,67.61
14/3/23,71.33
13/3/23,74.8
10/3/23,76.68
9/3/23,75.72
8/3/23,76.66
7/3/23,77.58
6/3/23,80.46
3/3/23,79.68
2/3/23,78.16
1/3/23,77.69
28/2/23,77.05
27/2/23,75.68
24/2/23,76.32
23/2/23,75.39
22/2/23,73.95
21/2/23,76.16
17/2/23,76.34
16/2/23,78.49
15/2/23,78.59
14/2/23,79.06
13/2/23,80.14
10/2/23,79.72
9/2/23,78.06
8/2/23,78.47
7/2/23,77.14
6/2/23,74.11
3/2/23,73.39
2/2/23,75.88
1/2/23,76.41
31/1/23,78.87
30/1/23,77.9
27/1/23,79.68
26/1/23,81.01
25/1/23,80.15
24/1/23,80.13
23/1/23,81.62
20/1/23,81.31
19/1/23,80.33
18/1/23,79.48
17/1/23,80.18
13/1/23,79.86
12/1/23,78.39
11/1/23,77.41
10/1/23,75.12
9/1/23,74.63
6/1/23,73.77
5/1/23,73.67
4/1/23,72.84
3/1/23,76.93
30/12/22,80.26
29/12/22,78.4
28/12/22,78.96
27/12/22,79.53
23/12/22,79.56
22/12/22,77.49
21/12/22,78.29
20/12/22,76.09
19/12/22,75.19
16/12/22,74.29
15/12/22,76.11
14/12/22,77.28
13/12/22,75.39
12/12/22,73.17
9/12/22,71.02
8/12/22,71.46
7/12/22,72.01
6/12/22,74.25
5/12/22,76.93
2/12/22,79.98
1/12/22,81.22
30/11/22,80.55
29/11/22,78.2
28/11/22,77.24
25/11/22,76.28
23/11/22,77.94
22/11/22,80.95
21/11/22,79.73
18/11/22,80.08
17/11/22,81.64
16/11/22,85.59
15/11/22,86.92
14/11/22,85.87
11/11/22,88.96
10/11/22,86.47
9/11/22,85.83
8/11/22,88.91
7/11/22,91.79
4/11/22,92.61
3/11/22,88.17
2/11/22,90
1/11/22,88.37
31/10/22,86.53
28/10/22,87.9
27/10/22,89.08
26/10/22,87.91
25/10/22,85.32
24/10/22,84.58
21/10/22,85.05
20/10/22,85.98
19/10/22,85.55
18/10/22,82.82
17/10/22,85.46
14/10/22,85.61
13/10/22,89.11
12/10/22,87.27
11/10/22,89.35
10/10/22,91.13
7/10/22,92.64
6/10/22,88.45
5/10/22,87.76
4/10/22,86.52
3/10/22,83.63
30/9/22,79.49
29/9/22,81.23
28/9/22,82.15
27/9/22,78.5
26/9/22,76.71
23/9/22,78.74
22/9/22,83.49
21/9/22,82.94
20/9/22,84.45
19/9/22,85.73
16/9/22,85.11
15/9/22,85.1
14/9/22,88.48
13/9/22,87.31
12/9/22,87.78
9/9/22,86.79
8/9/22,83.54
7/9/22,81.94
6/9/22,86.88
2/9/22,86.87
1/9/22,86.61
31/8/22,89.55
30/8/22,91.64
29/8/22,97.01
26/8/22,93.06
25/8/22,92.52
24/8/22,94.89
23/8/22,93.74
22/8/22,90.23
19/8/22,90.77
18/8/22,90.5
17/8/22,88.11
16/8/22,86.53
15/8/22,89.41
12/8/22,92.09
11/8/22,94.34
10/8/22,91.93
9/8/22,90.5
8/8/22,90.76
5/8/22,89.01
4/8/22,88.54
3/8/22,90.66
2/8/22,94.42
1/8/22,93.89
29/7/22,98.62
28/7/22,96.42
27/7/22,97.26
26/7/22,94.98
25/7/22,96.7
22/7/22,94.7
21/7/22,96.35
20/7/22,102.26
19/7/22,104.22
18/7/22,102.6
15/7/22,97.59
14/7/22,95.78
13/7/22,96.3
12/7/22,95.84
11/7/22,104.09
8/7/22,104.79
7/7/22,102.73
6/7/22,98.53
5/7/22,99.5
1/7/22,108.43
30/6/22,105.76
29/6/22,109.78
28/6/22,111.76
27/6/22,109.57
24/6/22,107.62
23/6/22,104.27
22/6/22,106.19
21/6/22,110.65
17/6/22,109.56
16/6/22,117.59
15/6/22,115.31
14/6/22,118.93
13/6/22,120.93
10/6/22,120.67
9/6/22,121.51
8/6/22,122.11
7/6/22,119.41
6/6/22,118.5
3/6/22,118.87
2/6/22,116.87
1/6/22,115.26
31/5/22,114.67
27/5/22,115.07
26/5/22,114.09
25/5/22,110.33
24/5/22,109.77
23/5/22,110.29
20/5/22,113.23
19/5/22,112.21
18/5/22,109.59
17/5/22,112.4
16/5/22,114.2
13/5/22,110.49
12/5/22,106.13
11/5/22,105.71
10/5/22,99.76
9/5/22,103.09
6/5/22,109.77
5/5/22,108.26
4/5/22,107.81
3/5/22,102.41
2/5/22,105.17
29/4/22,104.69
28/4/22,105.36
27/4/22,102.02
26/4/22,101.7
25/4/22,98.54
22/4/22,102.07
21/4/22,103.79
20/4/22,102.75
19/4/22,102.56
18/4/22,108.21
14/4/22,106.95
13/4/22,104.25
12/4/22,100.6
11/4/22,94.29
8/4/22,98.26
7/4/22,96.03
6/4/22,96.23
5/4/22,101.96
4/4/22,103.28
1/4/22,99.27
31/3/22,100.28
30/3/22,107.82
29/3/22,104.24
28/3/22,105.96
25/3/22,113.9
24/3/22,112.34
23/3/22,114.93
22/3/22,111.76
21/3/22,112.12
18/3/22,104.7
17/3/22,102.98
16/3/22,95.04
15/3/22,96.44
14/3/22,103.01
11/3/22,109.33
10/3/22,106.02
9/3/22,108.7
8/3/22,123.7
7/3/22,119.4
4/3/22,115.68
3/3/22,107.67
2/3/22,110.6
1/3/22,103.41
28/2/22,95.72
25/2/22,91.59
24/2/22,92.81
23/2/22,92.1
22/2/22,92.35
18/2/22,91.07
17/2/22,91.76
16/2/22,93.66
15/2/22,92.07
14/2/22,95.46
11/2/22,93.1
10/2/22,89.88
9/2/22,89.66
8/2/22,89.36
7/2/22,91.32
4/2/22,92.31
3/2/22,90.27
2/2/22,88.26
1/2/22,88.2
31/1/22,88.15
28/1/22,86.82
27/1/22,86.61
26/1/22,87.35
25/1/22,85.6
24/1/22,83.31
21/1/22,85.14
20/1/22,86.9
19/1/22,86.96
18/1/22,85.43
14/1/22,83.82
13/1/22,82.12
12/1/22,82.64
11/1/22,81.22
10/1/22,78.23
7/1/22,78.9
6/1/22,79.46
5/1/22,77.85
4/1/22,76.99
3/1/22,76.08
31/12/21,75.21
30/12/21,76.99
29/12/21,76.56
28/12/21,75.98
27/12/21,75.57
23/12/21,73.79
22/12/21,72.76
21/12/21,71.12
20/12/21,68.23
17/12/21,70.86
16/12/21,72.38
15/12/21,70.87
14/12/21,70.73
13/12/21,71.29
10/12/21,71.67
9/12/21,70.94
8/12/21,72.36
7/12/21,72.05
6/12/21,69.49
3/12/21,66.26
2/12/21,66.5
1/12/21,65.57
30/11/21,66.18
29/11/21,69.95
26/11/21,68.15
24/11/21,78.39
23/11/21,78.5
22/11/21,76.75
19/11/21,76.1
18/11/21,79.01
17/11/21,78.36
16/11/21,80.76
15/11/21,80.88
12/11/21,80.79
11/11/21,81.59
10/11/21,81.34
9/11/21,84.15
8/11/21,81.93
5/11/21,81.27
4/11/21,78.81
3/11/21,80.86
2/11/21,83.91
1/11/21,84.05
29/10/21,83.57
28/10/21,82.81
27/10/21,82.66
26/10/21,84.65
25/10/21,83.76
22/10/21,83.76
21/10/21,82.5
20/10/21,83.87
19/10/21,82.96
18/10/21,82.44
15/10/21,82.28
14/10/21,81.31
13/10/21,80.44
12/10/21,80.64
11/10/21,80.52
8/10/21,79.35
7/10/21,78.3
6/10/21,77.43
5/10/21,78.93
4/10/21,77.62
1/10/21,75.88
30/9/21,75.03
29/9/21,74.83
28/9/21,75.29
27/9/21,75.45
24/9/21,73.98
23/9/21,73.3
22/9/21,72.23
21/9/21,70.56
20/9/21,70.29
17/9/21,71.97
16/9/21,72.61
15/9/21,72.61
14/9/21,70.46
13/9/21,70.45
10/9/21,69.72
9/9/21,68.14
8/9/21,69.3
7/9/21,68.35
3/9/21,69.29
2/9/21,69.99
1/9/21,68.59
31/8/21,68.5
30/8/21,69.21
27/8/21,68.74
26/8/21,67.42
25/8/21,68.36
24/8/21,67.54
23/8/21,65.64
20/8/21,62.32
19/8/21,63.69
18/8/21,65.46
17/8/21,66.59
16/8/21,67.29
13/8/21,68.44
12/8/21,69.09
11/8/21,69.25
10/8/21,68.29
9/8/21,66.48
6/8/21,68.28
5/8/21,69.09
4/8/21,68.15
3/8/21,70.56
2/8/21,71.26
30/7/21,73.95
29/7/21,73.62
28/7/21,72.39
27/7/21,71.65
26/7/21,71.91
23/7/21,72.07
22/7/21,71.91
21/7/21,70.3
20/7/21,67.42
19/7/21,66.42
16/7/21,71.81
15/7/21,71.65
14/7/21,73.13
13/7/21,75.25
12/7/21,74.1
9/7/21,74.56
8/7/21,72.94
7/7/21,72.2
6/7/21,73.37
2/7/21,75.16
1/7/21,75.23
30/6/21,73.47
29/6/21,72.98
28/6/21,72.91
25/6/21,74.05
24/6/21,73.3
23/6/21,73.08
22/6/21,73.06
21/6/21,73.66
18/6/21,71.64
17/6/21,71.04
16/6/21,72.15
15/6/21,72.12
14/6/21,70.88
11/6/21,70.91
10/6/21,70.29
9/6/21,69.96
8/6/21,70.05
7/6/21,69.23
4/6/21,69.62
3/6/21,68.81
2/6/21,68.83
1/6/21,67.72
28/5/21,66.32
27/5/21,66.85
26/5/21,66.21
25/5/21,66.07
24/5/21,66.05
21/5/21,63.58
20/5/21,62.05
19/5/21,63.36
18/5/21,65.49
17/5/21,66.27
14/5/21,65.37
13/5/21,63.82
12/5/21,66.08
11/5/21,65.28
10/5/21,64.92
7/5/21,64.9
6/5/21,64.71
5/5/21,65.63
4/5/21,65.69
3/5/21,64.49
30/4/21,63.58
29/4/21,65.01
28/4/21,63.86
27/4/21,62.94
26/4/21,61.91
23/4/21,62.14
22/4/21,61.43
21/4/21,61.35
20/4/21,62.44
19/4/21,63.38
16/4/21,63.13
15/4/21,63.46
14/4/21,63.15
13/4/21,60.18
12/4/21,59.7
9/4/21,59.32
8/4/21,59.6
7/4/21,59.77
6/4/21,59.33
5/4/21,58.65
2/4/21,61.45
1/4/21,61.45
31/3/21,59.16
30/3/21,60.55
29/3/21,61.56
26/3/21,60.97
25/3/21,58.56
24/3/21,61.18
23/3/21,57.76
22/3/21,61.55
19/3/21,61.42
18/3/21,60
17/3/21,64.6
16/3/21,64.8
15/3/21,65.39
12/3/21,65.61
11/3/21,66.02
10/3/21,64.44
9/3/21,64.01
8/3/21,65.05
5/3/21,66.09
4/3/21,63.83
3/3/21,61.28
2/3/21,59.75
1/3/21,60.64
26/2/21,61.5
25/2/21,63.53
24/2/21,63.22
23/2/21,61.67
22/2/21,61.49
19/2/21,59.24
18/2/21,60.52
17/2/21,61.14
16/2/21,60.05
12/2/21,59.47
11/2/21,58.24
10/2/21,58.68
9/2/21,58.36
8/2/21,57.97
5/2/21,56.85
4/2/21,56.23
3/2/21,55.69
2/2/21,54.76
1/2/21,53.55
29/1/21,52.2
28/1/21,52.34
27/1/21,52.85
26/1/21,52.61
25/1/21,52.77
22/1/21,52.27
21/1/21,53.13
20/1/21,53.24
19/1/21,52.98
15/1/21,52.36
14/1/21,53.57
13/1/21,52.91
12/1/21,53.21
11/1/21,52.25
8/1/21,52.24
7/1/21,50.83
6/1/21,50.63
5/1/21,49.93
4/1/21,47.62
31/12/20,48.52
30/12/20,48.4
29/12/20,48
28/12/20,47.62
24/12/20,48.23
23/12/20,48.12
22/12/20,47.02
21/12/20,47.74
18/12/20,49.1
17/12/20,48.36
16/12/20,47.82
15/12/20,47.62
14/12/20,46.99
11/12/20,46.57
10/12/20,46.78
9/12/20,45.52
8/12/20,45.6
7/12/20,45.76
4/12/20,46.26
3/12/20,45.64
2/12/20,45.28
1/12/20,44.55
30/11/20,45.34
27/11/20,45.53
25/11/20,45.71
24/11/20,44.91
23/11/20,43.06
20/11/20,42.15
19/11/20,41.74
18/11/20,41.82
17/11/20,41.43
16/11/20,41.34
13/11/20,40.13
12/11/20,41.12
11/11/20,41.45
10/11/20,41.36
9/11/20,40.29
6/11/20,37.14
5/11/20,38.79
4/11/20,39.15
3/11/20,37.66
2/11/20,36.81
30/10/20,35.79
29/10/20,36.17
28/10/20,37.39
27/10/20,39.57
26/10/20,38.56
23/10/20,39.85
22/10/20,40.64
21/10/20,40.03
20/10/20,41.46
19/10/20,40.83
16/10/20,40.88
15/10/20,40.96
14/10/20,41.04
13/10/20,40.2
12/10/20,39.43
9/10/20,40.6
8/10/20,41.19
7/10/20,39.95
6/10/20,40.67
5/10/20,39.22
2/10/20,37.05
1/10/20,38.72
30/9/20,40.22
29/9/20,39.29
28/9/20,40.6
25/9/20,40.25
24/9/20,40.31
23/9/20,39.93
22/9/20,39.6
21/9/20,39.31
18/9/20,41.11
17/9/20,40.97
16/9/20,40.16
15/9/20,38.28
14/9/20,37.26
11/9/20,37.33
10/9/20,37.3
9/9/20,38.05
8/9/20,36.76
4/9/20,39.77
3/9/20,41.37
2/9/20,41.51
1/9/20,42.76
31/8/20,42.61
28/8/20,42.97
27/8/20,43.04
26/8/20,43.39
25/8/20,43.35
24/8/20,42.62
21/8/20,42.34
20/8/20,42.58
19/8/20,42.93
18/8/20,42.89
17/8/20,42.89
14/8/20,42.01
13/8/20,42.24
12/8/20,42.67
11/8/20,41.61
10/8/20,41.94
7/8/20,41.22
6/8/20,41.95
5/8/20,42.19
4/8/20,41.7
3/8/20,41.01
31/7/20,40.27
30/7/20,39.92
29/7/20,41.27
28/7/20,41.04
27/7/20,41.6
24/7/20,41.29
23/7/20,41.07
22/7/20,41.9
21/7/20,41.96
20/7/20,40.81
17/7/20,40.59
16/7/20,40.75
15/7/20,41.2
14/7/20,40.29
13/7/20,40.1
10/7/20,40.55
9/7/20,39.62
8/7/20,40.9
7/7/20,40.62
6/7/20,40.63
2/7/20,40.65
1/7/20,39.82
30/6/20,39.27
29/6/20,39.7
26/6/20,38.49
25/6/20,38.72
24/6/20,38.01
23/6/20,40.37
22/6/20,40.46
19/6/20,39.75
18/6/20,38.84
17/6/20,37.96
16/6/20,38.38
15/6/20,37.12
12/6/20,36.26
11/6/20,36.34
10/6/20,39.6
9/6/20,38.94
8/6/20,38.19
5/6/20,39.55
4/6/20,37.41
3/6/20,37.29
2/6/20,36.81
1/6/20,35.44
29/5/20,35.49
28/5/20,33.71
27/5/20,32.81
26/5/20,34.35
22/5/20,33.25
21/5/20,33.92
20/5/20,33.49
19/5/20,32.5
18/5/20,31.82
15/5/20,29.43
14/5/20,27.56
13/5/20,25.29
12/5/20,25.78
11/5/20,24.14
8/5/20,24.74
7/5/20,23.55
6/5/20,23.99
5/5/20,24.56
4/5/20,20.39
1/5/20,19.78
30/4/20,18.84
29/4/20,15.06
28/4/20,12.34
27/4/20,12.78
24/4/20,16.94
23/4/20,16.5
22/4/20,13.78
21/4/20,10.01
20/4/20,-37.63
17/4/20,18.27
16/4/20,19.87
15/4/20,19.87
14/4/20,20.11
13/4/20,22.41
9/4/20,22.76
8/4/20,25.09
7/4/20,23.63
6/4/20,26.08
3/4/20,28.34
2/4/20,25.32
1/4/20,20.31
31/3/20,20.48
30/3/20,20.09
27/3/20,21.51
26/3/20,22.6
25/3/20,24.49
24/3/20,24.01
23/3/20,23.36
20/3/20,22.43
19/3/20,25.22
18/3/20,20.37
17/3/20,26.95
16/3/20,28.7
13/3/20,31.73
12/3/20,31.5
11/3/20,32.98
10/3/20,34.36
9/3/20,31.13
6/3/20,41.28
5/3/20,45.9
4/3/20,46.78
3/3/20,47.18
2/3/20,46.75
28/2/20,44.76
27/2/20,47.09
26/2/20,48.73
25/2/20,49.9
24/2/20,51.43
21/2/20,53.38
20/2/20,53.78
19/2/20,53.29
18/2/20,52.05
14/2/20,52.05
13/2/20,51.42
12/2/20,51.17
11/2/20,49.94
10/2/20,49.57
7/2/20,50.32
6/2/20,50.95
5/2/20,50.75
4/2/20,49.61
3/2/20,50.11
31/1/20,51.56
30/1/20,52.14
29/1/20,53.33
28/1/20,53.48
27/1/20,53.14
24/1/20,54.19
23/1/20,55.59
22/1/20,56.74
21/1/20,58.34
17/1/20,58.54
16/1/20,58.52
15/1/20,57.81
14/1/20,58.23
13/1/20,58.08
10/1/20,59.04
9/1/20,59.56
8/1/20,59.61
7/1/20,62.7
6/1/20,63.27
3/1/20,63.05
2/1/20,61.18
31/12/19,61.06
30/12/19,61.68
27/12/19,61.72
26/12/19,61.68
24/12/19,61.11
23/12/19,60.52
20/12/19,60.44
19/12/19,61.22
18/12/19,60.93
17/12/19,60.94
16/12/19,60.21
13/12/19,60.07
12/12/19,59.18
11/12/19,58.76
10/12/19,59.24
9/12/19,59.02
6/12/19,59.2
5/12/19,58.43
4/12/19,58.43
3/12/19,56.1
2/12/19,55.96
29/11/19,55.17
27/11/19,58.11
26/11/19,58.41
25/11/19,58.01
22/11/19,57.77
21/11/19,58.58
20/11/19,57.11
19/11/19,55.21
18/11/19,57.05
15/11/19,57.72
14/11/19,56.77
13/11/19,57.12
12/11/19,56.8
11/11/19,56.86
8/11/19,57.24
7/11/19,57.15
6/11/19,56.35
5/11/19,57.23
4/11/19,56.54
1/11/19,56.2
31/10/19,54.18
30/10/19,55.06
29/10/19,55.54
28/10/19,55.81
25/10/19,56.66
24/10/19,56.23
23/10/19,55.97
22/10/19,54.16
21/10/19,53.31
18/10/19,53.78
17/10/19,53.93
16/10/19,53.36
15/10/19,52.81
14/10/19,53.59
11/10/19,54.7
10/10/19,53.55
9/10/19,52.59
8/10/19,52.63
7/10/19,52.75
4/10/19,52.81
3/10/19,52.45
2/10/19,52.64
1/10/19,53.62
30/9/19,54.07
27/9/19,55.91
26/9/19,56.41
25/9/19,56.49
24/9/19,57.29
23/9/19,58.64
20/9/19,58.09
19/9/19,58.13
18/9/19,58.11
17/9/19,59.34
16/9/19,62.9
13/9/19,54.85
12/9/19,55.09
11/9/19,55.75
10/9/19,57.4
9/9/19,57.85
6/9/19,56.52
5/9/19,56.3
4/9/19,56.26
3/9/19,53.94
30/8/19,55.1
29/8/19,56.71
28/8/19,55.78
27/8/19,54.93
26/8/19,53.64
23/8/19,54.17
22/8/19,55.35
21/8/19,55.68
20/8/19,56.34
19/8/19,56.21
16/8/19,54.87
15/8/19,54.47
14/8/19,55.23
13/8/19,57.1
12/8/19,54.93
9/8/19,54.5
8/8/19,52.54
7/8/19,51.09
6/8/19,53.63
5/8/19,54.69
2/8/19,55.66
1/8/19,53.95
31/7/19,58.58
30/7/19,58.05
29/7/19,56.87
26/7/19,56.2
25/7/19,56.02
24/7/19,55.88
23/7/19,56.77
22/7/19,56.22
19/7/19,55.63
18/7/19,55.3
17/7/19,56.78
16/7/19,57.62
15/7/19,59.58
12/7/19,60.21
11/7/19,60.2
10/7/19,60.43
9/7/19,57.83
8/7/19,57.66
5/7/19,57.51
3/7/19,57.34
2/7/19,56.25
1/7/19,59.09
28/6/19,58.47
27/6/19,59.43
26/6/19,59.38
25/6/19,57.83
24/6/19,57.9
21/6/19,57.43
20/6/19,56.65
19/6/19,53.76
18/6/19,53.9
17/6/19,51.93
14/6/19,52.51
13/6/19,52.28
12/6/19,51.14
11/6/19,53.27
10/6/19,53.26
7/6/19,53.99
6/6/19,52.59
5/6/19,51.68
4/6/19,53.48
3/6/19,53.25
31/5/19,53.5
30/5/19,56.59
29/5/19,58.81
28/5/19,59.14
24/5/19,58.63
23/5/19,57.91
22/5/19,61.42
21/5/19,62.99
20/5/19,63.1
17/5/19,62.76
16/5/19,62.87
15/5/19,62.02
14/5/19,61.78
13/5/19,61.04
10/5/19,61.66
9/5/19,61.7
8/5/19,62.12
7/5/19,61.4
6/5/19,62.25
3/5/19,61.94
2/5/19,61.81
1/5/19,63.6
30/4/19,63.91
29/4/19,63.5
26/4/19,63.3
25/4/19,65.21
24/4/19,65.89
23/4/19,66.3
22/4/19,65.7
18/4/19,64
17/4/19,63.76
16/4/19,64.05
15/4/19,63.4
12/4/19,63.89
11/4/19,63.58
10/4/19,64.61
9/4/19,63.98
8/4/19,64.4
5/4/19,63.08
4/4/19,62.1
3/4/19,62.46
2/4/19,62.58
1/4/19,61.59
29/3/19,60.14
28/3/19,59.3
27/3/19,59.41
26/3/19,59.94
25/3/19,58.82
22/3/19,59.04
21/3/19,59.98
20/3/19,59.83
19/3/19,59.03
18/3/19,59.09
15/3/19,58.52
14/3/19,58.61
13/3/19,58.26
12/3/19,56.87
11/3/19,56.79
8/3/19,56.07
7/3/19,56.66
6/3/19,56.22
5/3/19,56.56
4/3/19,56.59
1/3/19,55.8
28/2/19,57.22
27/2/19,56.94
26/2/19,55.5
25/2/19,55.48
22/2/19,57.26
21/2/19,56.96
20/2/19,56.92
19/2/19,56.09
15/2/19,55.59
14/2/19,54.41
13/2/19,53.9
12/2/19,53.1
11/2/19,52.41
8/2/19,52.72
7/2/19,52.64
6/2/19,54.01
5/2/19,53.66
4/2/19,54.56
1/2/19,55.26
31/1/19,53.79
30/1/19,54.23
29/1/19,53.31
28/1/19,51.99
25/1/19,53.69
24/1/19,53.13
23/1/19,52.62
22/1/19,52.57
18/1/19,53.8
17/1/19,52.07
16/1/19,52.31
15/1/19,52.11
14/1/19,50.51
11/1/19,51.59
10/1/19,52.59
9/1/19,52.36
8/1/19,49.78
7/1/19,48.52
4/1/19,47.96
3/1/19,47.09
2/1/19,46.54
31/12/18,45.41
28/12/18,45.33
27/12/18,44.61
26/12/18,46.22
24/12/18,42.53
21/12/18,45.59
20/12/18,45.88
19/12/18,47.2
18/12/18,46.24
17/12/18,49.88
14/12/18,51.2
13/12/18,52.58
12/12/18,51.15
11/12/18,51.65
10/12/18,51
7/12/18,52.61
6/12/18,51.49
5/12/18,52.89
4/12/18,53.25
3/12/18,52.95
30/11/18,50.93
29/11/18,51.45
28/11/18,50.29
27/11/18,51.56
26/11/18,51.63
23/11/18,50.42
21/11/18,54.63
20/11/18,53.43
19/11/18,56.76
16/11/18,56.46
15/11/18,56.46
14/11/18,56.25
13/11/18,55.69
12/11/18,59.93
9/11/18,60.19
8/11/18,60.67
7/11/18,61.67
6/11/18,62.21
5/11/18,63.1
2/11/18,63.14
1/11/18,63.69
31/10/18,65.31
30/10/18,66.18
29/10/18,67.04
26/10/18,67.59
25/10/18,67.33
24/10/18,66.82
23/10/18,66.43
22/10/18,69.17
19/10/18,69.12
18/10/18,68.65
17/10/18,69.75
16/10/18,71.92
15/10/18,71.78
12/10/18,71.34
11/10/18,70.97
10/10/18,73.17
9/10/18,74.96
8/10/18,74.29
5/10/18,74.34
4/10/18,74.33
3/10/18,76.41
2/10/18,75.23
1/10/18,75.3
28/9/18,73.25
27/9/18,72.12
26/9/18,71.57
25/9/18,72.28
24/9/18,72.08
21/9/18,70.78
20/9/18,70.8
19/9/18,71.12
18/9/18,69.85
17/9/18,68.91
14/9/18,68.99
13/9/18,68.59
12/9/18,70.37
11/9/18,69.25
10/9/18,67.54
7/9/18,67.75
6/9/18,67.77
5/9/18,68.72
4/9/18,69.87
31/8/18,69.8
30/8/18,70.25
29/8/18,69.51
28/8/18,68.53
27/8/18,68.87
24/8/18,68.72
23/8/18,67.83
22/8/18,67.86
21/8/18,67.35
20/8/18,66.43
17/8/18,65.91
16/8/18,65.46
15/8/18,65.01
14/8/18,67.04
13/8/18,67.2
10/8/18,67.63
9/8/18,66.81
8/8/18,66.94
7/8/18,69.17
6/8/18,69.01
3/8/18,68.49
2/8/18,68.96
1/8/18,67.66
31/7/18,68.76
30/7/18,70.13
27/7/18,68.69
26/7/18,69.61
25/7/18,69.3
24/7/18,68.52
23/7/18,67.89
20/7/18,70.46
19/7/18,69.46
18/7/18,68.76
17/7/18,68.08
16/7/18,68.06
13/7/18,71.01
12/7/18,70.33
11/7/18,70.38
10/7/18,74.11
9/7/18,73.85
6/7/18,73.8
5/7/18,72.94
3/7/18,74.14
2/7/18,73.94
29/6/18,74.15
28/6/18,73.45
27/6/18,72.76
26/6/18,70.53
25/6/18,68.08
22/6/18,68.58
21/6/18,65.54
20/6/18,66.22
19/6/18,65.07
18/6/18,65.85
15/6/18,65.06
14/6/18,66.89
13/6/18,66.64
12/6/18,66.36
11/6/18,66.1
8/6/18,65.74
7/6/18,65.95
6/6/18,64.73
5/6/18,65.52
4/6/18,64.75
1/6/18,65.81
31/5/18,67.04
30/5/18,68.21
29/5/18,66.73
25/5/18,67.88
24/5/18,70.71
23/5/18,71.84
22/5/18,72.13
21/5/18,72.24
18/5/18,71.28
17/5/18,71.49
16/5/18,71.49
15/5/18,71.31
14/5/18,70.96
11/5/18,70.7
10/5/18,71.36
9/5/18,71.14
8/5/18,69.06
7/5/18,70.73
4/5/18,69.72
3/5/18,68.43
2/5/18,67.93
1/5/18,67.25
30/4/18,68.57
27/4/18,68.1
26/4/18,68.19
25/4/18,68.05
24/4/18,67.7
23/4/18,68.64
20/4/18,68.38
19/4/18,68.29
18/4/18,68.47
17/4/18,66.52
16/4/18,66.22
13/4/18,67.39
12/4/18,67.07
11/4/18,66.82
10/4/18,65.51
9/4/18,63.42
6/4/18,62.06
5/4/18,63.54
4/4/18,63.37
3/4/18,63.51
2/4/18,63.01
29/3/18,64.94
28/3/18,64.38
27/3/18,65.25
26/3/18,65.55
23/3/18,65.88
22/3/18,64.3
21/3/18,65.17
20/3/18,63.4
19/3/18,62.06
16/3/18,62.34
15/3/18,61.19
14/3/18,60.96
13/3/18,60.71
12/3/18,61.36
9/3/18,62.04
8/3/18,60.12
7/3/18,61.15
6/3/18,62.6
5/3/18,62.57
2/3/18,61.25
1/3/18,60.99
28/2/18,61.64
27/2/18,63.01
26/2/18,63.91
23/2/18,63.55
22/2/18,62.77
21/2/18,61.68
20/2/18,61.9
16/2/18,61.68
15/2/18,61.34
14/2/18,60.6
13/2/18,59.19
12/2/18,59.29
9/2/18,59.2
8/2/18,61.15
7/2/18,61.79
6/2/18,63.39
5/2/18,64.15
2/2/18,65.45
1/2/18,65.8
31/1/18,64.73
30/1/18,64.5
29/1/18,65.56
26/1/18,66.14
25/1/18,65.51
24/1/18,65.61
23/1/18,64.47
22/1/18,63.49
19/1/18,63.37
18/1/18,63.95
17/1/18,63.97
16/1/18,63.73
12/1/18,64.3
11/1/18,63.8
10/1/18,63.57
9/1/18,62.96
8/1/18,61.73
5/1/18,61.44
4/1/18,62.01
3/1/18,61.63
2/1/18,60.37
29/12/17,60.42
28/12/17,59.84
27/12/17,59.64
26/12/17,59.97
22/12/17,58.47
21/12/17,58.36
20/12/17,58.09
19/12/17,57.46
18/12/17,57.16
15/12/17,57.3
14/12/17,57.04
13/12/17,56.6
12/12/17,57.14
11/12/17,57.99
8/12/17,57.36
7/12/17,56.69
6/12/17,55.96
5/12/17,57.62
4/12/17,57.47
1/12/17,58.36
30/11/17,57.4
29/11/17,57.3
28/11/17,57.99
27/11/17,58.11
24/11/17,58.95
22/11/17,58.02
21/11/17,56.83
20/11/17,56.09
17/11/17,56.55
16/11/17,55.14
15/11/17,55.33
14/11/17,55.7
13/11/17,56.76
10/11/17,56.74
9/11/17,57.17
8/11/17,56.81
7/11/17,57.2
6/11/17,57.35
3/11/17,55.64
2/11/17,54.54
1/11/17,54.3
31/10/17,54.38
30/10/17,54.15
27/10/17,53.9
26/10/17,52.64
25/10/17,52.18
24/10/17,52.47
23/10/17,51.9
20/10/17,51.47
19/10/17,51.29
18/10/17,52.04
17/10/17,51.88
16/10/17,51.87
13/10/17,51.45
12/10/17,50.6
11/10/17,51.3
10/10/17,50.92
9/10/17,49.58
6/10/17,49.29
5/10/17,50.79
4/10/17,49.98
3/10/17,50.42
2/10/17,50.58
29/9/17,51.67
28/9/17,51.56
27/9/17,52.14
26/9/17,51.88
25/9/17,52.22
22/9/17,50.66
21/9/17,50.55
20/9/17,50.41
19/9/17,49.48
18/9/17,49.91
15/9/17,49.89
14/9/17,49.89
13/9/17,49.3
12/9/17,48.23
11/9/17,48.07
8/9/17,47.48
7/9/17,49.09
6/9/17,49.16
5/9/17,48.66
1/9/17,47.29
31/8/17,47.23
30/8/17,45.96
29/8/17,46.44
28/8/17,46.57
25/8/17,47.87
24/8/17,47.43
23/8/17,48.41
22/8/17,47.64
21/8/17,47.37
18/8/17,48.51
17/8/17,47.09
16/8/17,46.78
15/8/17,47.55
14/8/17,47.59
11/8/17,48.82
10/8/17,48.59
9/8/17,49.56
8/8/17,49.17
7/8/17,49.39
4/8/17,49.58
3/8/17,49.03
2/8/17,49.59
1/8/17,49.16
31/7/17,50.17
28/7/17,49.71
27/7/17,49.04
26/7/17,48.75
25/7/17,47.89
24/7/17,46.34
21/7/17,45.77
20/7/17,46.79
19/7/17,47.12
18/7/17,46.4
17/7/17,46.02
14/7/17,46.54
13/7/17,46.08
12/7/17,45.49
11/7/17,45.04
10/7/17,44.4
7/7/17,44.23
6/7/17,45.52
5/7/17,45.13
3/7/17,47.07
30/6/17,46.04
29/6/17,44.93
28/6/17,44.74
27/6/17,44.24
26/6/17,43.38
23/6/17,43.01
22/6/17,42.74
21/6/17,42.53
20/6/17,43.23
19/6/17,44.2
16/6/17,44.74
15/6/17,44.46
14/6/17,44.73
13/6/17,46.46
12/6/17,46.08
9/6/17,45.83
8/6/17,45.64
7/6/17,45.72
6/6/17,48.19
5/6/17,47.4
2/6/17,47.66
1/6/17,48.36
31/5/17,48.32
30/5/17,49.66
26/5/17,49.8
25/5/17,48.9
24/5/17,51.36
23/5/17,51.47
22/5/17,50.73
19/5/17,50.33
18/5/17,49.35
17/5/17,49.07
16/5/17,48.66
15/5/17,48.85
12/5/17,47.84
11/5/17,47.83
10/5/17,47.33
9/5/17,45.88
8/5/17,46.43
5/5/17,46.22
4/5/17,45.52
3/5/17,47.82
2/5/17,47.66
1/5/17,48.84
28/4/17,49.33
27/4/17,48.97
26/4/17,49.62
25/4/17,49.56
24/4/17,49.23
21/4/17,49.62
20/4/17,50.27
19/4/17,50.44
18/4/17,52.41
17/4/17,52.65
13/4/17,53.18
12/4/17,53.11
11/4/17,53.4
10/4/17,53.08
7/4/17,52.24
6/4/17,51.7
5/4/17,51.15
4/4/17,51.03
3/4/17,50.24
31/3/17,50.6
30/3/17,50.35
29/3/17,49.51
28/3/17,48.37
27/3/17,47.73
24/3/17,47.97
23/3/17,47.7
22/3/17,48.04
21/3/17,47.34
20/3/17,48.22
17/3/17,48.78
16/3/17,48.75
15/3/17,48.86
14/3/17,47.72
13/3/17,48.4
10/3/17,48.49
9/3/17,49.28
8/3/17,50.28
7/3/17,53.14
6/3/17,53.2
3/3/17,53.33
2/3/17,52.61
1/3/17,53.83
28/2/17,54.01
27/2/17,54.05
24/2/17,53.99
23/2/17,54.45
22/2/17,53.59
21/2/17,54.06
17/2/17,53.4
16/2/17,53.36
15/2/17,53.11
14/2/17,53.2
13/2/17,52.93
10/2/17,53.86
9/2/17,53
8/2/17,52.34
7/2/17,52.17
6/2/17,53.01
3/2/17,53.83
2/2/17,53.54
1/2/17,53.88
31/1/17,52.81
30/1/17,52.63
27/1/17,53.17
26/1/17,53.78
25/1/17,52.75
24/1/17,53.18
23/1/17,52.75
20/1/17,52.42
19/1/17,51.37
18/1/17,51.08
17/1/17,52.48
13/1/17,52.37
12/1/17,53.01
11/1/17,52.25
10/1/17,50.82
9/1/17,51.96
6/1/17,53.99
5/1/17,53.76
4/1/17,53.26
3/1/17,52.33
30/12/16,53.72
29/12/16,53.77
28/12/16,54.06
27/12/16,53.9
23/12/16,53.02
22/12/16,52.95
21/12/16,52.49
20/12/16,52.23
19/12/16,52.12
16/12/16,51.9
15/12/16,50.9
14/12/16,51.04
13/12/16,52.98
12/12/16,52.83
9/12/16,51.5
8/12/16,50.84
7/12/16,49.77
6/12/16,50.93
5/12/16,51.79
2/12/16,51.68
1/12/16,51.06
30/11/16,49.44
29/11/16,45.23
28/11/16,47.08
25/11/16,46.06
23/11/16,47.96
22/11/16,48.03
21/11/16,47.49
18/11/16,45.69
17/11/16,45.42
16/11/16,45.57
15/11/16,45.81
14/11/16,43.32
11/11/16,43.41
10/11/16,44.66
9/11/16,45.27
8/11/16,44.98
7/11/16,44.89
4/11/16,44.07
3/11/16,44.66
2/11/16,45.34
1/11/16,46.67
31/10/16,46.86
28/10/16,48.7
27/10/16,49.72
26/10/16,49.18
25/10/16,49.96
24/10/16,50.52
21/10/16,50.85
20/10/16,50.43
19/10/16,51.6
18/10/16,50.29
17/10/16,49.94
14/10/16,50.35
13/10/16,50.44
12/10/16,50.18
11/10/16,50.79
10/10/16,51.35
7/10/16,49.81
6/10/16,50.44
5/10/16,49.83
4/10/16,48.69
3/10/16,48.81
30/9/16,48.24
29/9/16,47.83
28/9/16,47.05
27/9/16,44.67
26/9/16,45.93
23/9/16,44.48
22/9/16,46.32
21/9/16,45.34
20/9/16,43.44
19/9/16,43.3
16/9/16,43.03
15/9/16,43.91
14/9/16,43.58
13/9/16,44.9
12/9/16,46.29
9/9/16,45.88
8/9/16,47.62
7/9/16,45.5
6/9/16,44.83
2/9/16,44.44
1/9/16,43.16
31/8/16,44.7
30/8/16,46.35
29/8/16,46.98
26/8/16,47.64
25/8/16,47.33
24/8/16,46.77
23/8/16,48.1
22/8/16,47.05
19/8/16,48.52
18/8/16,48.22
17/8/16,46.79
16/8/16,46.58
15/8/16,45.74
12/8/16,44.49
11/8/16,43.49
10/8/16,41.71
9/8/16,42.77
8/8/16,43.02
5/8/16,41.8
4/8/16,41.93
3/8/16,40.83
2/8/16,39.51
1/8/16,40.06
29/7/16,41.6
28/7/16,41.14
27/7/16,41.92
26/7/16,42.92
25/7/16,43.13
22/7/16,44.19
21/7/16,44.75
20/7/16,44.94
19/7/16,44.65
18/7/16,45.24
15/7/16,45.95
14/7/16,45.68
13/7/16,44.75
12/7/16,46.8
11/7/16,44.76
8/7/16,45.41
7/7/16,45.14
6/7/16,47.43
5/7/16,46.6
1/7/16,48.99
30/6/16,48.33
29/6/16,49.88
28/6/16,47.85
27/6/16,46.33
24/6/16,47.64
23/6/16,50.11
22/6/16,49.13
21/6/16,48.85
20/6/16,49.37
17/6/16,47.98
16/6/16,46.21
15/6/16,48.01
14/6/16,48.49
13/6/16,48.88
10/6/16,49.07
9/6/16,50.56
8/6/16,51.23
7/6/16,50.36
6/6/16,49.69
3/6/16,48.62
2/6/16,49.17
1/6/16,49.01
31/5/16,49.1
27/5/16,49.33
26/5/16,49.48
25/5/16,49.56
24/5/16,48.62
23/5/16,48.08
20/5/16,47.75
19/5/16,48.16
18/5/16,48.19
17/5/16,48.31
16/5/16,47.72
13/5/16,46.21
12/5/16,46.7
11/5/16,46.23
10/5/16,44.66
9/5/16,43.44
6/5/16,44.66
5/5/16,44.32
4/5/16,43.78
3/5/16,43.65
2/5/16,44.78
29/4/16,45.92
28/4/16,46.03
27/4/16,45.33
26/4/16,44.04
25/4/16,42.64
22/4/16,43.73
21/4/16,43.18
20/4/16,42.63
19/4/16,41.08
18/4/16,39.78
15/4/16,40.36
14/4/16,41.5
13/4/16,41.76
12/4/16,42.17
11/4/16,40.36
8/4/16,39.72
7/4/16,37.26
6/4/16,37.75
5/4/16,35.89
4/4/16,35.7
1/4/16,36.79
31/3/16,38.34
30/3/16,38.32
29/3/16,38.28
28/3/16,39.39
24/3/16,39.46
23/3/16,39.79
22/3/16,41.45
21/3/16,39.91
18/3/16,39.44
17/3/16,40.2
16/3/16,38.46
15/3/16,36.34
14/3/16,37.18
11/3/16,38.5
10/3/16,37.84
9/3/16,38.29
8/3/16,36.5
7/3/16,37.9
4/3/16,35.92
3/3/16,34.57
2/3/16,34.66
1/3/16,34.4
29/2/16,33.75
26/2/16,32.78
25/2/16,33.07
24/2/16,32.15
23/2/16,31.87
22/2/16,31.48
19/2/16,29.64
18/2/16,30.77
17/2/16,30.66
16/2/16,29.04
12/2/16,29.44
11/2/16,26.21
10/2/16,27.45
9/2/16,27.94
8/2/16,29.69
5/2/16,30.89
4/2/16,31.72
3/2/16,32.28
2/2/16,29.88
1/2/16,31.62
29/1/16,33.62
28/1/16,33.22
27/1/16,32.3
26/1/16,31.45
25/1/16,30.34
22/1/16,32.19
21/1/16,29.53
20/1/16,26.55
19/1/16,28.46
15/1/16,29.42
14/1/16,31.2
13/1/16,30.48
12/1/16,30.44
11/1/16,31.41
8/1/16,33.16
7/1/16,33.27
6/1/16,33.97
5/1/16,35.97
4/1/16,36.76
31/12/15,37.04
30/12/15,36.6
29/12/15,37.87
28/12/15,36.81
24/12/15,38.1
23/12/15,37.5
22/12/15,36.14
21/12/15,34.74
18/12/15,34.73
17/12/15,34.95
16/12/15,35.52
15/12/15,37.35
14/12/15,36.31
11/12/15,35.62
10/12/15,36.76
9/12/15,37.16
8/12/15,37.51
7/12/15,37.65
4/12/15,39.97
3/12/15,41.08
2/12/15,39.94
1/12/15,41.85
30/11/15,41.65
27/11/15,41.71
25/11/15,43.04
24/11/15,42.87
23/11/15,41.75
20/11/15,40.39
19/11/15,40.54
18/11/15,40.75
17/11/15,40.67
16/11/15,41.74
13/11/15,40.74
12/11/15,41.75
11/11/15,42.93
10/11/15,44.21
9/11/15,43.87
6/11/15,44.29
5/11/15,45.2
4/11/15,46.32
3/11/15,47.9
2/11/15,46.14
30/10/15,46.59
29/10/15,46.06
28/10/15,45.94
27/10/15,43.2
26/10/15,43.98
23/10/15,44.6
22/10/15,45.38
21/10/15,45.2
20/10/15,45.55
19/10/15,45.89
16/10/15,47.26
15/10/15,46.38
14/10/15,46.64
13/10/15,46.66
12/10/15,47.1
9/10/15,49.63
8/10/15,49.43
7/10/15,47.81
6/10/15,48.53
5/10/15,46.26
2/10/15,45.54
1/10/15,44.74
30/9/15,45.09
29/9/15,45.23
28/9/15,44.43
25/9/15,45.7
24/9/15,44.91
23/9/15,44.48
22/9/15,45.83
21/9/15,46.68
18/9/15,44.68
17/9/15,46.9
16/9/15,47.15
15/9/15,44.59
14/9/15,44
11/9/15,44.63
10/9/15,45.92
9/9/15,44.15
8/9/15,45.94
4/9/15,46.05
3/9/15,46.75
2/9/15,46.25
1/9/15,45.41
31/8/15,49.2
28/8/15,45.22
27/8/15,42.56
26/8/15,38.6
25/8/15,39.31
24/8/15,38.24
21/8/15,40.45
20/8/15,41.14
19/8/15,40.8
18/8/15,42.62
17/8/15,41.87
14/8/15,42.5
13/8/15,42.23
12/8/15,43.3
11/8/15,43.08
10/8/15,44.96
7/8/15,43.87
6/8/15,44.66
5/8/15,45.15
4/8/15,45.74
3/8/15,45.17
31/7/15,47.12
30/7/15,48.52
29/7/15,48.79
28/7/15,47.98
27/7/15,47.39
24/7/15,48.14
23/7/15,48.45
22/7/15,49.19
21/7/15,50.36
20/7/15,50.15
17/7/15,50.89
16/7/15,50.91
15/7/15,51.41
14/7/15,53.04
13/7/15,52.2
10/7/15,52.74
9/7/15,52.78
8/7/15,51.65
7/7/15,52.33
6/7/15,52.53
2/7/15,56.93
1/7/15,56.96
30/6/15,59.47
29/6/15,58.33
26/6/15,59.63
25/6/15,59.7
24/6/15,60.27
23/6/15,61.01
22/6/15,59.68
19/6/15,59.61
18/6/15,60.45
17/6/15,59.92
16/6/15,59.97
15/6/15,59.52
12/6/15,59.96
11/6/15,60.77
10/6/15,61.43
9/6/15,60.14
8/6/15,58.14
5/6/15,59.13
4/6/15,58
3/6/15,59.64
2/6/15,61.26
1/6/15,60.2
29/5/15,60.3
28/5/15,57.68
27/5/15,57.51
26/5/15,58.03
22/5/15,59.72
21/5/15,60.72
20/5/15,58.98
19/5/15,57.26
18/5/15,59.43
15/5/15,59.69
14/5/15,59.88
13/5/15,60.5
12/5/15,60.75
11/5/15,59.25
8/5/15,59.39
7/5/15,58.94
6/5/15,60.93
5/5/15,60.4
4/5/15,58.93
1/5/15,59.15
30/4/15,59.63
29/4/15,58.58
28/4/15,57.06
27/4/15,56.99
24/4/15,57.15
23/4/15,57.74
22/4/15,56.16
21/4/15,55.26
20/4/15,56.38
17/4/15,55.74
16/4/15,56.71
15/4/15,56.39
14/4/15,53.29
13/4/15,51.91
10/4/15,51.64
9/4/15,50.79
8/4/15,50.42
7/4/15,53.98
6/4/15,52.14
2/4/15,49.14
1/4/15,50.09
31/3/15,47.6
30/3/15,48.68
27/3/15,48.87
26/3/15,51.43
25/3/15,49.21
24/3/15,47.51
23/3/15,47.45
20/3/15,45.72
19/3/15,43.96
18/3/15,44.66
17/3/15,43.46
16/3/15,43.88
13/3/15,44.84
12/3/15,47.05
11/3/15,48.17
10/3/15,48.29
9/3/15,50
6/3/15,49.61
5/3/15,50.76
4/3/15,51.53
3/3/15,50.52
2/3/15,49.59
27/2/15,49.76
26/2/15,48.17
25/2/15,50.99
24/2/15,49.28
23/2/15,49.45
20/2/15,50.34
19/2/15,51.16
18/2/15,52.14
17/2/15,53.53
13/2/15,52.78
12/2/15,51.21
11/2/15,48.84
10/2/15,50.02
9/2/15,52.86
6/2/15,51.69
5/2/15,50.48
4/2/15,48.45
3/2/15,53.05
2/2/15,49.57
30/1/15,48.24
29/1/15,44.53
28/1/15,44.45
27/1/15,46.23
26/1/15,45.15
23/1/15,45.59
22/1/15,46.31
21/1/15,47.78
20/1/15,46.39
16/1/15,48.69
15/1/15,46.25
14/1/15,48.48
13/1/15,45.89
12/1/15,46.07
9/1/15,48.36
8/1/15,48.79
7/1/15,48.65
6/1/15,47.93
5/1/15,50.04
2/1/15,52.69
31/12/14,53.27
30/12/14,54.12
29/12/14,53.61
26/12/14,54.73
24/12/14,55.84
23/12/14,57.12
22/12/14,55.26
19/12/14,56.52
18/12/14,54.11
17/12/14,56.47
16/12/14,55.93
15/12/14,55.91
12/12/14,57.81
11/12/14,59.95
10/12/14,60.94
9/12/14,63.82
8/12/14,63.05
5/12/14,65.84
4/12/14,66.81
3/12/14,67.38
2/12/14,66.88
1/12/14,69
28/11/14,66.15
26/11/14,73.69
25/11/14,74.09
24/11/14,75.78
21/11/14,76.51
20/11/14,75.58
19/11/14,74.58
18/11/14,74.61
17/11/14,75.64
14/11/14,75.82
13/11/14,74.21
12/11/14,77.18
11/11/14,77.94
10/11/14,77.4
7/11/14,78.65
6/11/14,77.91
5/11/14,78.68
4/11/14,77.19
3/11/14,78.78
31/10/14,80.54
30/10/14,81.12
29/10/14,82.2
28/10/14,81.42
27/10/14,81
24/10/14,81.01
23/10/14,82.09
22/10/14,80.52
21/10/14,82.81
20/10/14,82.71
17/10/14,82.75
16/10/14,82.7
15/10/14,81.78
14/10/14,81.84
13/10/14,85.74
10/10/14,85.82
9/10/14,85.77
8/10/14,87.31
7/10/14,88.85
6/10/14,90.34
3/10/14,89.74
2/10/14,91.01
1/10/14,90.73
30/9/14,91.16
29/9/14,94.57
26/9/14,93.54
25/9/14,92.53
24/9/14,92.8
23/9/14,91.56
22/9/14,91.52
19/9/14,92.41
18/9/14,93.07
17/9/14,94.42
16/9/14,94.88
15/9/14,92.92
12/9/14,92.27
11/9/14,92.83
10/9/14,91.67
9/9/14,92.75
8/9/14,92.66
5/9/14,93.29
4/9/14,94.45
3/9/14,95.54
2/9/14,92.88
29/8/14,95.96
28/8/14,94.55
27/8/14,93.88
26/8/14,93.86
25/8/14,93.35
22/8/14,93.65
21/8/14,93.96
20/8/14,96.07
19/8/14,94.48
18/8/14,96.41
15/8/14,97.35
14/8/14,95.58
13/8/14,97.59
12/8/14,97.37
11/8/14,98.08
8/8/14,97.65
7/8/14,97.34
6/8/14,96.92
5/8/14,97.38
4/8/14,98.29
1/8/14,97.88
31/7/14,98.17
30/7/14,100.27
29/7/14,100.97
28/7/14,101.67
25/7/14,102.09
24/7/14,102.07
23/7/14,103.12
22/7/14,104.42
21/7/14,104.59
18/7/14,103.13
17/7/14,103.19
16/7/14,101.2
15/7/14,99.96
14/7/14,100.91
11/7/14,100.83
10/7/14,102.93
9/7/14,102.29
8/7/14,103.4
7/7/14,103.53
3/7/14,104.06
2/7/14,104.48
1/7/14,105.34
30/6/14,105.37
27/6/14,105.74
26/6/14,105.84
25/6/14,106.5
24/6/14,106.03
23/6/14,106.17
20/6/14,107.26
19/6/14,106.43
18/6/14,105.97
17/6/14,106.36
16/6/14,106.9
13/6/14,106.91
12/6/14,106.53
11/6/14,104.4
10/6/14,104.35
9/6/14,104.41
6/6/14,102.66
5/6/14,102.48
4/6/14,102.64
3/6/14,102.66
2/6/14,102.47
30/5/14,102.71
29/5/14,103.58
28/5/14,102.72
27/5/14,104.11
23/5/14,104.35
22/5/14,103.74
21/5/14,104.07
20/5/14,102.44
19/5/14,102.61
16/5/14,102.02
15/5/14,101.5
14/5/14,102.37
13/5/14,101.7
12/5/14,100.59
9/5/14,99.99
8/5/14,100.26
7/5/14,100.77
6/5/14,99.5
5/5/14,99.48
2/5/14,99.76
1/5/14,99.42
30/4/14,99.74
29/4/14,101.28
28/4/14,100.84
25/4/14,100.6
24/4/14,101.94
23/4/14,101.44
22/4/14,102.13
21/4/14,104.37
17/4/14,104.3
16/4/14,103.76
15/4/14,103.75
14/4/14,104.05
11/4/14,103.74
10/4/14,103.4
9/4/14,103.6
8/4/14,102.56
7/4/14,100.44
4/4/14,101.14
3/4/14,100.29
2/4/14,99.62
1/4/14,99.74
31/3/14,101.58
28/3/14,101.67
27/3/14,101.28
26/3/14,100.26
25/3/14,99.19
24/3/14,99.6
21/3/14,99.46
20/3/14,99.43
19/3/14,100.37
18/3/14,99.7
17/3/14,98.08
14/3/14,98.89
13/3/14,98.2
12/3/14,97.99
11/3/14,100.03
10/3/14,101.12
7/3/14,102.58
6/3/14,101.56
5/3/14,101.45
4/3/14,103.33
3/3/14,104.92
28/2/14,102.59
27/2/14,102.4
26/2/14,102.59
25/2/14,101.83
24/2/14,102.82
21/2/14,102.2
20/2/14,102.92
19/2/14,103.31
18/2/14,102.43
14/2/14,100.3
13/2/14,100.35
12/2/14,100.37
11/2/14,99.94
10/2/14,100.06
7/2/14,99.88
6/2/14,97.84
5/2/14,97.38
4/2/14,97.19
3/2/14,96.43
31/1/14,97.49
30/1/14,98.23
29/1/14,97.36
28/1/14,97.41
27/1/14,95.72
24/1/14,96.64
23/1/14,97.32
22/1/14,96.73
21/1/14,94.99
17/1/14,94.37
16/1/14,93.96
15/1/14,94.17
14/1/14,92.59
13/1/14,91.8
10/1/14,92.72
9/1/14,91.66
8/1/14,92.33
7/1/14,93.67
6/1/14,93.43
3/1/14,93.96
2/1/14,95.44
31/12/13,98.42
30/12/13,99.29
27/12/13,100.32
26/12/13,99.55
24/12/13,99.22
23/12/13,98.91
20/12/13,99.32
19/12/13,98.77
18/12/13,97.8
17/12/13,97.22
16/12/13,97.48
13/12/13,96.6
12/12/13,97.5
11/12/13,97.44
10/12/13,98.51
9/12/13,97.34
6/12/13,97.65
5/12/13,97.38
4/12/13,97.2
3/12/13,96.04
2/12/13,93.82
29/11/13,92.72
27/11/13,92.3
26/11/13,93.68
25/11/13,94.09
22/11/13,94.84
21/11/13,95.44
20/11/13,93.33
19/11/13,93.34
18/11/13,93.03
15/11/13,93.84
14/11/13,93.76
13/11/13,93.88
12/11/13,93.04
11/11/13,95.14
8/11/13,94.6
7/11/13,94.2
6/11/13,94.8
5/11/13,93.37
4/11/13,94.62
1/11/13,94.61
31/10/13,96.38
30/10/13,96.77
29/10/13,98.2
28/10/13,98.68
25/10/13,97.85
24/10/13,97.11
23/10/13,96.86
22/10/13,97.8
21/10/13,99.22
18/10/13,100.81
17/10/13,100.67
16/10/13,102.29
15/10/13,101.21
14/10/13,102.41
11/10/13,102.02
10/10/13,103.01
9/10/13,101.61
8/10/13,103.49
7/10/13,103.03
4/10/13,103.84
3/10/13,103.31
2/10/13,104.1
1/10/13,102.04
30/9/13,102.33
27/9/13,102.87
26/9/13,103.03
25/9/13,102.66
24/9/13,103.13
23/9/13,103.59
20/9/13,104.67
19/9/13,106.39
18/9/13,108.07
17/9/13,105.42
16/9/13,106.59
13/9/13,108.21
12/9/13,108.6
11/9/13,107.56
10/9/13,107.39
9/9/13,109.52
6/9/13,110.53
5/9/13,108.37
4/9/13,107.23
3/9/13,108.54
30/8/13,107.65
29/8/13,108.8
28/8/13,110.1
27/8/13,109.01
26/8/13,105.92
23/8/13,106.42
22/8/13,105.03
21/8/13,103.85
20/8/13,104.96
19/8/13,107.1
16/8/13,107.46
15/8/13,107.33
14/8/13,106.85
13/8/13,106.83
12/8/13,106.11
9/8/13,105.97
8/8/13,103.4
7/8/13,104.37
6/8/13,105.3
5/8/13,106.56
2/8/13,106.94
1/8/13,107.89
31/7/13,105.03
30/7/13,103.08
29/7/13,104.55
26/7/13,104.7
25/7/13,105.49
24/7/13,105.39
23/7/13,107.23
22/7/13,106.91
19/7/13,108.05
18/7/13,108.04
17/7/13,106.48
16/7/13,106
15/7/13,106.32
12/7/13,105.95
11/7/13,104.91
10/7/13,106.52
9/7/13,103.53
8/7/13,103.14
5/7/13,103.22
3/7/13,101.24
2/7/13,99.6
1/7/13,97.99
28/6/13,96.56
27/6/13,97.05
26/6/13,95.5
25/6/13,95.32
24/6/13,95.18
21/6/13,93.69
20/6/13,95.4
19/6/13,98.24
18/6/13,98.44
17/6/13,97.77
14/6/13,97.85
13/6/13,96.69
12/6/13,95.88
11/6/13,95.38
10/6/13,95.77
7/6/13,96.03
6/6/13,94.76
5/6/13,93.74
4/6/13,93.31
3/6/13,93.45
31/5/13,91.97
30/5/13,93.61
29/5/13,93.13
28/5/13,95.01
24/5/13,94.15
23/5/13,94.25
22/5/13,94.28
21/5/13,96.16
20/5/13,96.71
17/5/13,96.02
16/5/13,95.16
15/5/13,94.3
14/5/13,94.21
13/5/13,95.17
10/5/13,96.04
9/5/13,96.39
8/5/13,96.62
7/5/13,95.62
6/5/13,96.16
3/5/13,95.61
2/5/13,93.99
1/5/13,91.03
30/4/13,93.46
29/4/13,94.5
26/4/13,93
25/4/13,93.64
24/4/13,91.43
23/4/13,89.18
22/4/13,88.76
19/4/13,88.01
18/4/13,87.73
17/4/13,86.68
16/4/13,88.72
15/4/13,88.71
12/4/13,91.29
11/4/13,93.51
10/4/13,94.64
9/4/13,94.2
8/4/13,93.36
5/4/13,92.7
4/4/13,93.26
3/4/13,94.45
2/4/13,97.19
1/4/13,97.07
28/3/13,97.23
27/3/13,96.58
26/3/13,96.34
25/3/13,94.81
22/3/13,93.71
21/3/13,92.45
20/3/13,92.96
19/3/13,92.16
18/3/13,93.74
15/3/13,93.45
14/3/13,93.03
13/3/13,92.52
12/3/13,92.54
11/3/13,92.06
8/3/13,91.95
7/3/13,91.56
6/3/13,90.43
5/3/13,90.82
4/3/13,90.12
1/3/13,90.68
28/2/13,92.05
27/2/13,92.76
26/2/13,92.63
25/2/13,93.11
22/2/13,93.13
21/2/13,92.84
20/2/13,94.46
19/2/13,96.66
15/2/13,95.86
14/2/13,97.31
13/2/13,97.01
12/2/13,97.51
11/2/13,97.03
8/2/13,95.72
7/2/13,95.83
6/2/13,96.62
5/2/13,96.64
4/2/13,96.17
1/2/13,97.77
31/1/13,97.49
30/1/13,97.94
29/1/13,97.57
28/1/13,96.44
25/1/13,95.88
24/1/13,95.95
23/1/13,95.23
22/1/13,96.24
18/1/13,95.56
17/1/13,95.49
16/1/13,94.24
15/1/13,93.28
14/1/13,94.14
11/1/13,93.56
10/1/13,93.82
9/1/13,93.1
8/1/13,93.15
7/1/13,93.19
4/1/13,93.09
3/1/13,92.92
2/1/13,93.12
31/12/12,91.82
28/12/12,90.8
27/12/12,90.87
26/12/12,90.98
24/12/12,88.61
21/12/12,88.66
20/12/12,90.13
19/12/12,89.51
18/12/12,87.93
17/12/12,87.2
14/12/12,86.73
13/12/12,85.89
12/12/12,86.77
11/12/12,85.79
10/12/12,85.56
7/12/12,85.93
6/12/12,86.26
5/12/12,87.88
4/12/12,88.5
3/12/12,89.09
30/11/12,88.91
29/11/12,88.07
28/11/12,86.49
27/11/12,87.18
26/11/12,87.74
23/11/12,88.28
21/11/12,87.38
20/11/12,86.75
19/11/12,89.28
16/11/12,86.67
15/11/12,85.45
14/11/12,86.32
13/11/12,85.38
12/11/12,85.57
9/11/12,86.07
8/11/12,85.09
7/11/12,84.44
6/11/12,88.71
5/11/12,85.65
2/11/12,84.86
1/11/12,87.09
31/10/12,86.24
30/10/12,85.68
29/10/12,85.54
26/10/12,86.28
25/10/12,86.05
24/10/12,85.73
23/10/12,86.67
22/10/12,88.73
19/10/12,90.05
18/10/12,92.1
17/10/12,92.12
16/10/12,92.09
15/10/12,91.85
12/10/12,91.86
11/10/12,92.07
10/10/12,91.25
9/10/12,92.39
8/10/12,89.33
5/10/12,89.88
4/10/12,91.71
3/10/12,88.14
2/10/12,91.89
1/10/12,92.48
28/9/12,92.19
27/9/12,91.85
26/9/12,89.98
25/9/12,91.37
24/9/12,91.93
21/9/12,92.89
20/9/12,91.87
19/9/12,91.98
18/9/12,95.29
17/9/12,96.62
14/9/12,99
13/9/12,98.31
12/9/12,97.01
11/9/12,97.17
10/9/12,96.54
7/9/12,96.42
6/9/12,95.53
5/9/12,95.36
4/9/12,95.3
31/8/12,96.47
30/8/12,94.62
29/8/12,95.49
28/8/12,96.33
27/8/12,95.47
24/8/12,96.15
23/8/12,96.27
22/8/12,97.26
21/8/12,96.68
20/8/12,95.97
17/8/12,96.01
16/8/12,95.6
15/8/12,94.33
14/8/12,93.43
13/8/12,92.73
10/8/12,92.87
9/8/12,93.36
8/8/12,93.35
7/8/12,93.67
6/8/12,92.2
3/8/12,91.4
2/8/12,87.13
1/8/12,88.91
31/7/12,88.06
30/7/12,89.78
27/7/12,90.13
26/7/12,89.39
25/7/12,88.97
24/7/12,88.5
23/7/12,88.14
20/7/12,91.44
19/7/12,92.66
18/7/12,89.87
17/7/12,89.22
16/7/12,88.43
13/7/12,87.1
12/7/12,86.08
11/7/12,85.81
10/7/12,83.91
9/7/12,85.99
6/7/12,84.45
5/7/12,87.22
3/7/12,87.66
2/7/12,83.75
29/6/12,84.96
28/6/12,77.69
27/6/12,80.21
26/6/12,79.36
25/6/12,79.21
22/6/12,79.76
21/6/12,78.2
20/6/12,81.8
19/6/12,84.03
18/6/12,83.27
15/6/12,84.03
14/6/12,83.91
13/6/12,82.62
12/6/12,83.32
11/6/12,82.7
8/6/12,84.1
7/6/12,84.82
6/6/12,85.02
5/6/12,84.29
4/6/12,83.98
1/6/12,83.23
31/5/12,86.53
30/5/12,87.82
29/5/12,90.76
25/5/12,90.86
24/5/12,90.66
23/5/12,89.9
22/5/12,91.66
21/5/12,92.57
18/5/12,91.48
17/5/12,92.56
16/5/12,92.81
15/5/12,93.98
14/5/12,94.78
11/5/12,96.13
10/5/12,97.08
9/5/12,96.81
8/5/12,97.01
7/5/12,97.94
4/5/12,98.49
3/5/12,102.54
2/5/12,105.22
1/5/12,106.16
30/4/12,104.87
27/4/12,104.93
26/4/12,104.55
25/4/12,104.12
24/4/12,103.55
23/4/12,103.11
20/4/12,103.05
19/4/12,102.27
18/4/12,102.67
17/4/12,104.2
16/4/12,102.93
13/4/12,102.83
12/4/12,103.64
11/4/12,102.7
10/4/12,101.02
9/4/12,102.46
5/4/12,103.31
4/4/12,101.47
3/4/12,104.01
2/4/12,105.23
30/3/12,103.02
29/3/12,102.78
28/3/12,105.41
27/3/12,107.33
26/3/12,107.03
23/3/12,106.87
22/3/12,105.35
21/3/12,107.27
20/3/12,105.61
19/3/12,108.09
16/3/12,107.06
15/3/12,105.11
14/3/12,105.43
13/3/12,106.71
12/3/12,106.34
9/3/12,107.4
8/3/12,106.58
7/3/12,106.16
6/3/12,104.7
5/3/12,106.72
2/3/12,106.7
1/3/12,108.84
29/2/12,107.07
28/2/12,106.55
27/2/12,108.56
24/2/12,109.77
23/2/12,107.83
22/2/12,106.28
21/2/12,105.84
17/2/12,103.24
16/2/12,102.31
15/2/12,101.8
14/2/12,100.74
13/2/12,100.91
10/2/12,98.67
9/2/12,99.84
8/2/12,98.71
7/2/12,98.41
6/2/12,96.91
3/2/12,97.84
2/2/12,96.36
1/2/12,97.61
31/1/12,98.48
30/1/12,98.78
27/1/12,99.56
26/1/12,99.7
25/1/12,99.4
24/1/12,98.95
23/1/12,99.58
20/1/12,98.46
19/1/12,100.39
18/1/12,100.59
17/1/12,100.71
13/1/12,98.7
12/1/12,99.1
11/1/12,100.87
10/1/12,102.24
9/1/12,101.31
6/1/12,101.56
5/1/12,101.81
4/1/12,103.22
3/1/12,102.96
30/12/11,98.83
29/12/11,99.65
28/12/11,99.36
27/12/11,101.34
23/12/11,99.68
22/12/11,99.53
21/12/11,98.67
20/12/11,97.22
19/12/11,93.88
16/12/11,93.53
15/12/11,93.87
14/12/11,94.95
13/12/11,100.14
12/12/11,97.77
9/12/11,99.41
8/12/11,98.34
7/12/11,100.49
6/12/11,101.28
5/12/11,100.99
2/12/11,100.96
1/12/11,100.2
30/11/11,100.36
29/11/11,99.79
28/11/11,98.21
25/11/11,96.77
23/11/11,96.17
22/11/11,98.01
21/11/11,96.92
18/11/11,97.41
17/11/11,98.82
16/11/11,102.59
15/11/11,99.37
14/11/11,98.14
11/11/11,98.99
10/11/11,97.78
9/11/11,95.74
8/11/11,96.8
7/11/11,95.52
4/11/11,94.26
3/11/11,94.07
2/11/11,92.51
1/11/11,92.19
31/10/11,93.19
28/10/11,93.32
27/10/11,93.96
26/10/11,90.2
25/10/11,93.17
24/10/11,91.27
21/10/11,87.4
20/10/11,85.3
19/10/11,86.11
18/10/11,88.34
17/10/11,86.38
14/10/11,86.8
13/10/11,84.23
12/10/11,85.57
11/10/11,85.81
10/10/11,85.41
7/10/11,82.98
6/10/11,82.59
5/10/11,79.68
4/10/11,75.67
3/10/11,77.61
30/9/11,79.2
29/9/11,82.14
28/9/11,81.21
27/9/11,84.45
26/9/11,80.24
23/9/11,79.85
22/9/11,80.51
21/9/11,85.92
20/9/11,86.89
19/9/11,85.7
16/9/11,87.96
15/9/11,89.4
14/9/11,88.91
13/9/11,90.21
12/9/11,88.19
9/9/11,87.24
8/9/11,89.05
7/9/11,89.34
6/9/11,86.02
2/9/11,86.45
1/9/11,88.93
31/8/11,88.81
30/8/11,88.9
29/8/11,87.27
26/8/11,85.37
25/8/11,85.3
24/8/11,85.16
23/8/11,85.44
22/8/11,84.12
19/8/11,82.26
18/8/11,82.38
17/8/11,87.58
16/8/11,86.65
15/8/11,87.88
12/8/11,85.38
11/8/11,85.72
10/8/11,82.89
9/8/11,79.3
8/8/11,81.31
5/8/11,86.88
4/8/11,86.63
3/8/11,91.93
2/8/11,93.79
1/8/11,94.89
29/7/11,95.7
28/7/11,97.44
27/7/11,97.4
26/7/11,99.59
25/7/11,99.2
22/7/11,99.87
21/7/11,99.13
20/7/11,98.14
19/7/11,97.5
18/7/11,95.93
15/7/11,97.24
14/7/11,95.69
13/7/11,98.05
12/7/11,97.43
11/7/11,95.15
8/7/11,96.2
7/7/11,98.67
6/7/11,96.65
5/7/11,96.89
1/7/11,94.94
30/6/11,95.42
29/6/11,94.77
28/6/11,92.89
27/6/11,90.61
24/6/11,91.16
23/6/11,91.02
22/6/11,95.41
21/6/11,93.4
20/6/11,93.26
17/6/11,93.01
16/6/11,94.95
15/6/11,94.81
14/6/11,99.37
13/6/11,97.3
10/6/11,99.29
9/6/11,101.93
8/6/11,100.74
7/6/11,99.09
6/6/11,99.01
3/6/11,100.22
2/6/11,100.4
1/6/11,100.29
31/5/11,102.7
27/5/11,100.59
26/5/11,100.23
25/5/11,101.32
24/5/11,99.59
23/5/11,97.7
20/5/11,99.49
19/5/11,98.44
18/5/11,100.1
17/5/11,96.91
16/5/11,97.37
13/5/11,99.65
12/5/11,98.97
11/5/11,98.21
10/5/11,103.88
9/5/11,102.55
6/5/11,97.18
5/5/11,99.8
4/5/11,109.24
3/5/11,111.05
2/5/11,113.52
29/4/11,113.93
28/4/11,112.86
27/4/11,112.76
26/4/11,112.21
25/4/11,112.28
21/4/11,112.29
20/4/11,111.45
19/4/11,108.15
18/4/11,107.12
15/4/11,109.66
14/4/11,108.11
13/4/11,107.11
12/4/11,106.25
11/4/11,109.92
8/4/11,112.79
7/4/11,110.3
6/4/11,108.83
5/4/11,108.34
4/4/11,108.47
1/4/11,107.94
31/3/11,106.72
30/3/11,104.27
29/3/11,104.79
28/3/11,103.98
25/3/11,105.4
24/3/11,105.6
23/3/11,105.75
22/3/11,104
21/3/11,102.33
18/3/11,101.07
17/3/11,101.42
16/3/11,97.98
15/3/11,97.18
14/3/11,101.19
11/3/11,101.16
10/3/11,102.7
9/3/11,104.38
8/3/11,105.02
7/3/11,105.44
4/3/11,104.42
3/3/11,101.91
2/3/11,102.23
1/3/11,99.63
28/2/11,96.97
25/2/11,97.88
24/2/11,97.28
23/2/11,98.1
22/2/11,93.57
18/2/11,86.2
17/2/11,86.36
16/2/11,84.99
15/2/11,84.32
14/2/11,84.81
11/2/11,85.58
10/2/11,86.73
9/2/11,86.71
8/2/11,86.94
7/2/11,87.48
4/2/11,89.03
3/2/11,90.54
2/2/11,90.86
1/2/11,90.77
31/1/11,92.19
28/1/11,89.34
27/1/11,85.64
26/1/11,87.33
25/1/11,86.19
24/1/11,87.87
21/1/11,89.11
20/1/11,88.86
19/1/11,90.86
18/1/11,91.38
14/1/11,91.54
13/1/11,91.4
12/1/11,91.86
11/1/11,91.11
10/1/11,89.25
7/1/11,88.03
6/1/11,88.38
5/1/11,90.3
4/1/11,89.38
3/1/11,91.55
31/12/10,91.38
30/12/10,89.84
29/12/10,91.12
28/12/10,91.49
27/12/10,91
23/12/10,91.51
22/12/10,90.48
21/12/10,89.82
20/12/10,88.81
17/12/10,88.02
16/12/10,87.7
15/12/10,88.62
14/12/10,88.28
13/12/10,88.61
10/12/10,87.79
9/12/10,88.37
8/12/10,88.28
7/12/10,88.69
6/12/10,89.38
3/12/10,89.19
2/12/10,88
1/12/10,86.75
30/11/10,84.11
29/11/10,85.73
26/11/10,83.76
24/11/10,83.86
23/11/10,81.25
22/11/10,81.74
19/11/10,81.51
18/11/10,81.85
17/11/10,80.44
16/11/10,82.34
15/11/10,84.86
12/11/10,84.88
11/11/10,87.81
10/11/10,87.81
9/11/10,86.72
8/11/10,87.06
5/11/10,86.85
4/11/10,86.49
3/11/10,84.69
2/11/10,83.9
1/11/10,82.95
29/10/10,81.43
28/10/10,82.18
27/10/10,81.94
26/10/10,82.55
25/10/10,82.52
22/10/10,81.69
21/10/10,80.56
20/10/10,81.77
19/10/10,79.49
18/10/10,83.08
15/10/10,81.25
14/10/10,82.69
13/10/10,83.01
12/10/10,81.67
11/10/10,82.21
8/10/10,82.66
7/10/10,81.67
6/10/10,83.23
5/10/10,82.82
4/10/10,81.47
1/10/10,81.58
30/9/10,79.97
29/9/10,77.86
28/9/10,76.18
27/9/10,76.52
24/9/10,76.49
23/9/10,75.18
22/9/10,74.71
21/9/10,73.52
20/9/10,74.86
17/9/10,73.66
16/9/10,74.57
15/9/10,76.02
14/9/10,76.8
13/9/10,77.19
10/9/10,76.45
9/9/10,74.25
8/9/10,74.67
7/9/10,74.09
3/9/10,74.6
2/9/10,75.02
1/9/10,73.91
31/8/10,71.92
30/8/10,74.7
27/8/10,75.17
26/8/10,73.36
25/8/10,72.52
24/8/10,71.63
23/8/10,73.1
20/8/10,73.46
19/8/10,74.43
18/8/10,75.42
17/8/10,75.77
16/8/10,75.24
13/8/10,75.39
12/8/10,75.74
11/8/10,78.02
10/8/10,80.25
9/8/10,81.48
6/8/10,80.7
5/8/10,82.01
4/8/10,82.47
3/8/10,82.55
2/8/10,81.34
30/7/10,78.95
29/7/10,78.36
28/7/10,76.99
27/7/10,77.5
26/7/10,78.98
23/7/10,78.98
22/7/10,79.3
21/7/10,76.56
20/7/10,77.44
19/7/10,76.54
16/7/10,76.01
15/7/10,76.62
14/7/10,77.04
13/7/10,77.15
12/7/10,74.95
9/7/10,76.09
8/7/10,75.44
7/7/10,74.07
6/7/10,71.98
2/7/10,72.14
1/7/10,72.95
30/6/10,75.63
29/6/10,75.94
28/6/10,78.25
25/6/10,78.86
24/6/10,76.51
23/6/10,76.35
22/6/10,77.21
21/6/10,77.82
18/6/10,77.18
17/6/10,76.79
16/6/10,77.67
15/6/10,76.94
14/6/10,75.12
11/6/10,73.78
10/6/10,75.48
9/6/10,74.38
8/6/10,71.99
7/6/10,71.44
4/6/10,71.51
3/6/10,74.61
2/6/10,72.86
1/6/10,72.58
28/5/10,73.97
27/5/10,74.55
26/5/10,71.51
25/5/10,68.75
24/5/10,70.21
21/5/10,70.04
20/5/10,68.01
19/5/10,69.87
18/5/10,69.41
17/5/10,70.08
14/5/10,71.61
13/5/10,74.4
12/5/10,75.65
11/5/10,76.37
10/5/10,76.8
7/5/10,75.11
6/5/10,77.11
5/5/10,79.97
4/5/10,82.74
3/5/10,86.19
30/4/10,86.15
29/4/10,85.17
28/4/10,83.22
27/4/10,82.44
26/4/10,84.2
23/4/10,85.12
22/4/10,83.7
21/4/10,83.68
20/4/10,83.45
19/4/10,81.45
16/4/10,83.24
15/4/10,85.51
14/4/10,85.84
13/4/10,84.05
12/4/10,84.34
9/4/10,84.92
8/4/10,85.39
7/4/10,85.88
6/4/10,86.84
5/4/10,86.62
1/4/10,84.87
31/3/10,83.76
30/3/10,82.37
29/3/10,82.17
26/3/10,80
25/3/10,80.53
24/3/10,80.61
23/3/10,81.91
22/3/10,81.25
19/3/10,80.68
18/3/10,82.2
17/3/10,82.93
16/3/10,81.7
15/3/10,79.8
12/3/10,81.24
11/3/10,82.11
10/3/10,82.09
9/3/10,81.49
8/3/10,81.87
5/3/10,81.5
4/3/10,80.21
3/3/10,80.87
2/3/10,79.68
1/3/10,78.7
26/2/10,79.66
25/2/10,78.17
24/2/10,80
23/2/10,78.86
22/2/10,80.16
19/2/10,79.81
18/2/10,79.06
17/2/10,77.33
16/2/10,77.01
12/2/10,74.13
11/2/10,75.28
10/2/10,74.52
9/2/10,73.75
8/2/10,71.89
5/2/10,71.19
4/2/10,73.14
3/2/10,76.98
2/2/10,77.23
1/2/10,74.43
29/1/10,72.89
28/1/10,73.64
27/1/10,73.67
26/1/10,74.71
25/1/10,75.26
22/1/10,74.54
21/1/10,76.08
20/1/10,77.62
19/1/10,79.02
15/1/10,78
14/1/10,79.39
13/1/10,79.65
12/1/10,80.79
11/1/10,82.52
8/1/10,82.75
7/1/10,82.66
6/1/10,83.18
5/1/10,81.77
4/1/10,81.51
31/12/09,79.36
30/12/09,79.28
29/12/09,78.87
28/12/09,78.77
24/12/09,78.05
23/12/09,76.67
22/12/09,74.4
21/12/09,72.47
18/12/09,73.36
17/12/09,72.65
16/12/09,72.66
15/12/09,70.69
14/12/09,69.51
11/12/09,69.87
10/12/09,70.54
9/12/09,70.67
8/12/09,72.62
7/12/09,73.93
4/12/09,75.47
3/12/09,76.46
2/12/09,76.6
1/12/09,78.37
30/11/09,77.28
27/11/09,76.05
25/11/09,77.96
24/11/09,76.02
23/11/09,77.56
20/11/09,76.72
19/11/09,77.46
18/11/09,79.58
17/11/09,79.14
16/11/09,78.9
13/11/09,76.35
12/11/09,76.94
11/11/09,79.28
10/11/09,79.05
9/11/09,79.43
6/11/09,77.43
5/11/09,79.62
4/11/09,80.4
3/11/09,79.6
2/11/09,78.13
30/10/09,77
29/10/09,79.87
28/10/09,77.46
27/10/09,79.55
26/10/09,78.68
23/10/09,80.5
22/10/09,81.19
21/10/09,81.37
20/10/09,79.09
19/10/09,79.61
16/10/09,78.53
15/10/09,77.58
14/10/09,75.18
13/10/09,74.15
12/10/09,73.27
9/10/09,71.77
8/10/09,71.69
7/10/09,69.57
6/10/09,70.88
5/10/09,70.41
2/10/09,69.95
1/10/09,70.82
30/9/09,70.61
29/9/09,66.71
28/9/09,66.84
25/9/09,66.02
24/9/09,65.89
23/9/09,68.97
22/9/09,71.55
21/9/09,69.71
18/9/09,72.04
17/9/09,72.47
16/9/09,72.51
15/9/09,70.93
14/9/09,68.86
11/9/09,69.29
10/9/09,71.94
9/9/09,71.31
8/9/09,71.1
4/9/09,68.02
3/9/09,67.96
2/9/09,68.05
1/9/09,68.05
31/8/09,69.96
28/8/09,72.74
27/8/09,72.49
26/8/09,71.43
25/8/09,72.05
24/8/09,74.37
21/8/09,73.89
20/8/09,72.54
19/8/09,72.42
18/8/09,69.19
17/8/09,66.75
14/8/09,67.51
13/8/09,70.52
12/8/09,70.16
11/8/09,69.45
10/8/09,70.6
7/8/09,70.93
6/8/09,71.94
5/8/09,71.97
4/8/09,71.42
3/8/09,71.58
31/7/09,69.45
30/7/09,66.94
29/7/09,63.35
28/7/09,67.23
27/7/09,68.38
24/7/09,68.05
23/7/09,67.16
22/7/09,65.4
21/7/09,64.72
20/7/09,63.98
17/7/09,63.56
16/7/09,62.02
15/7/09,61.54
14/7/09,59.52
13/7/09,59.69
10/7/09,59.89
9/7/09,60.41
8/7/09,60.14
7/7/09,62.93
6/7/09,64.05
2/7/09,66.73
1/7/09,69.31
30/6/09,69.89
29/6/09,71.49
26/6/09,69.16
25/6/09,70.23
24/6/09,68.67
23/6/09,69.24
22/6/09,66.93
19/6/09,69.55
18/6/09,71.37
17/6/09,71.03
16/6/09,70.47
15/6/09,70.62
12/6/09,72.04
11/6/09,72.68
10/6/09,71.33
9/6/09,70.01
8/6/09,68.09
5/6/09,68.44
4/6/09,68.81
3/6/09,66.12
2/6/09,68.55
1/6/09,68.58
29/5/09,66.31
28/5/09,65.08
27/5/09,63.45
26/5/09,62.45
22/5/09,61.67
21/5/09,61.05
20/5/09,62.04
19/5/09,59.65
18/5/09,59.03
15/5/09,56.34
14/5/09,58.62
13/5/09,58.02
12/5/09,58.85
11/5/09,58.5
8/5/09,58.63
7/5/09,56.71
6/5/09,56.34
5/5/09,53.84
4/5/09,54.47
1/5/09,53.2
30/4/09,51.12
29/4/09,50.97
28/4/09,49.92
27/4/09,50.14
24/4/09,51.55
23/4/09,49.62
22/4/09,48.85
21/4/09,46.51
20/4/09,45.88
17/4/09,50.33
16/4/09,49.98
15/4/09,49.25
14/4/09,49.41
13/4/09,50.05
9/4/09,52.24
8/4/09,49.38
7/4/09,49.15
6/4/09,51.05
3/4/09,52.51
2/4/09,52.64
1/4/09,48.39
31/3/09,49.66
30/3/09,48.41
27/3/09,52.38
26/3/09,54.34
25/3/09,52.77
24/3/09,53.98
23/3/09,53.8
20/3/09,51.06
19/3/09,51.61
18/3/09,48.14
17/3/09,49.16
16/3/09,47.35
13/3/09,46.25
12/3/09,47.03
11/3/09,42.33
10/3/09,45.71
9/3/09,47.07
6/3/09,45.52
5/3/09,43.61
4/3/09,45.38
3/3/09,41.65
2/3/09,40.15
27/2/09,44.76
26/2/09,45.22
25/2/09,42.5
24/2/09,39.96
23/2/09,38.44
20/2/09,38.94
19/2/09,39.48
18/2/09,34.62
17/2/09,34.93
13/2/09,37.51
12/2/09,33.98
11/2/09,35.94
10/2/09,37.55
9/2/09,39.56
6/2/09,40.17
5/2/09,41.17
4/2/09,40.32
3/2/09,40.78
2/2/09,40.08
30/1/09,41.68
29/1/09,41.44
28/1/09,42.16
27/1/09,41.58
26/1/09,45.73
23/1/09,46.47
22/1/09,43.67
21/1/09,43.55
20/1/09,38.74
16/1/09,36.51
15/1/09,35.4
14/1/09,37.28
13/1/09,37.78
12/1/09,37.59
9/1/09,40.83
8/1/09,41.7
7/1/09,42.63
6/1/09,48.58
5/1/09,48.81
2/1/09,46.34
31/12/08,44.6
30/12/08,39.03
29/12/08,40.02
26/12/08,37.71
24/12/08,35.35
23/12/08,38.98
22/12/08,39.91
19/12/08,33.87
18/12/08,36.22
17/12/08,40.06
16/12/08,43.6
15/12/08,44.51
12/12/08,46.28
11/12/08,47.98
10/12/08,43.52
9/12/08,42.07
8/12/08,43.71
5/12/08,40.81
4/12/08,43.67
3/12/08,46.79
2/12/08,46.96
1/12/08,49.28
28/11/08,54.43
26/11/08,54.44
25/11/08,50.77
24/11/08,54.5
21/11/08,49.93
20/11/08,49.62
19/11/08,53.62
18/11/08,54.39
17/11/08,54.95
14/11/08,57.04
13/11/08,58.24
12/11/08,56.16
11/11/08,59.33
10/11/08,62.41
7/11/08,61.04
6/11/08,60.77
5/11/08,65.3
4/11/08,70.53
3/11/08,63.91
31/10/08,67.81
30/10/08,65.96
29/10/08,67.5
28/10/08,62.73
27/10/08,63.22
24/10/08,64.15
23/10/08,67.84
22/10/08,66.75
21/10/08,70.89
20/10/08,74.25
17/10/08,71.85
16/10/08,69.85
15/10/08,74.54
14/10/08,78.63
13/10/08,81.19
10/10/08,77.7
9/10/08,86.59
8/10/08,88.95
7/10/08,90.06
6/10/08,87.81
3/10/08,93.88
2/10/08,93.97
1/10/08,98.53
30/9/08,100.64
29/9/08,96.37
26/9/08,106.89
25/9/08,108.02
24/9/08,105.73
23/9/08,106.61
22/9/08,120.92
19/9/08,104.55
18/9/08,97.88
17/9/08,97.16
16/9/08,91.15
15/9/08,95.71
12/9/08,101.18
11/9/08,100.87
10/9/08,102.58
9/9/08,103.26
8/9/08,106.34
5/9/08,106.23
4/9/08,107.89
3/9/08,109.35
2/9/08,109.71
29/8/08,115.46
28/8/08,115.59
27/8/08,118.15
26/8/08,116.27
25/8/08,115.11
22/8/08,114.59
21/8/08,121.18
20/8/08,114.98
19/8/08,114.53
18/8/08,112.87
15/8/08,113.77
14/8/08,115.01
13/8/08,116
12/8/08,113.01
11/8/08,114.45
8/8/08,115.2
7/8/08,120.02
6/8/08,118.58
5/8/08,119.17
4/8/08,121.41
1/8/08,125.1
31/7/08,124.08
30/7/08,126.77
29/7/08,122.19
28/7/08,124.73
25/7/08,123.26
24/7/08,125.49
23/7/08,124.44
22/7/08,127.95
21/7/08,131.04
18/7/08,128.88
17/7/08,129.29
16/7/08,134.6
15/7/08,138.74
14/7/08,145.18
11/7/08,145.08
10/7/08,141.65
9/7/08,136.05
8/7/08,136.04
7/7/08,141.37
3/7/08,145.29
2/7/08,143.57
1/7/08,140.97
30/6/08,140
27/6/08,140.21
26/6/08,139.64
25/6/08,134.55
24/6/08,137
23/6/08,136.74
20/6/08,134.62
19/6/08,131.93
18/6/08,136.68
17/6/08,134.01
16/6/08,134.61
13/6/08,134.86
12/6/08,136.74
11/6/08,136.38
10/6/08,131.31
9/6/08,134.35
6/6/08,138.54
5/6/08,127.79
4/6/08,122.3
3/6/08,124.31
2/6/08,127.76
30/5/08,127.35
29/5/08,126.62
28/5/08,131.03
27/5/08,128.85
23/5/08,132.19
22/5/08,130.81
21/5/08,133.17
20/5/08,129.07
19/5/08,127.05
16/5/08,126.29
15/5/08,124.12
14/5/08,124.22
13/5/08,125.8
12/5/08,124.23
9/5/08,125.96
8/5/08,123.69
7/5/08,123.53
6/5/08,121.84
5/5/08,119.97
2/5/08,116.32
1/5/08,112.52
30/4/08,113.46
29/4/08,115.63
28/4/08,118.75
25/4/08,118.52
24/4/08,116.06
23/4/08,118.3
22/4/08,119.37
21/4/08,117.48
18/4/08,116.69
17/4/08,114.86
16/4/08,114.93
15/4/08,113.79
14/4/08,111.76
11/4/08,110.14
10/4/08,110.11
9/4/08,110.87
8/4/08,108.5
7/4/08,109.09
4/4/08,106.23
3/4/08,103.83
2/4/08,104.83
1/4/08,100.98
31/3/08,101.58
28/3/08,105.62
27/3/08,107.58
26/3/08,105.9
25/3/08,101.22
24/3/08,100.86
20/3/08,101.84
19/3/08,104.48
18/3/08,109.42
17/3/08,105.68
14/3/08,110.21
13/3/08,110.33
12/3/08,109.92
11/3/08,108.75
10/3/08,107.9
7/3/08,105.15
6/3/08,105.47
5/3/08,104.52
4/3/08,99.52
3/3/08,102.45
29/2/08,101.84
28/2/08,102.59
27/2/08,99.64
26/2/08,100.88
25/2/08,99.23
22/2/08,98.81
21/2/08,98.23
20/2/08,100.74
19/2/08,100.01
15/2/08,95.5
14/2/08,95.46
13/2/08,93.27
12/2/08,92.78
11/2/08,93.59
8/2/08,91.77
7/2/08,88.11
6/2/08,87.14
5/2/08,88.41
4/2/08,90.02
1/2/08,88.96
31/1/08,91.75
30/1/08,92.33
29/1/08,91.64
28/1/08,90.99
25/1/08,90.71
24/1/08,89.41
23/1/08,86.99
22/1/08,89.85
18/1/08,90.57
17/1/08,90.13
16/1/08,90.84
15/1/08,91.9
14/1/08,94.2
11/1/08,92.69
10/1/08,93.71
9/1/08,95.67
8/1/08,96.33
7/1/08,95.09
4/1/08,97.91
3/1/08,99.18
2/1/08,99.62
31/12/07,95.98
28/12/07,96
27/12/07,96.62
26/12/07,95.97
24/12/07,94.13
21/12/07,93.31
20/12/07,91.06
19/12/07,91.24
18/12/07,90.49
17/12/07,90.63
14/12/07,91.27
13/12/07,92.25
12/12/07,94.39
11/12/07,90.02
10/12/07,87.86
7/12/07,88.28
6/12/07,90.23
5/12/07,87.49
4/12/07,88.32
3/12/07,89.31
30/11/07,88.71
29/11/07,91.01
28/11/07,90.62
27/11/07,94.42
26/11/07,97.7
23/11/07,98.18
21/11/07,97.29
20/11/07,98.03
19/11/07,94.64
16/11/07,95.1
15/11/07,93.43
14/11/07,94.09
13/11/07,91.17
12/11/07,94.62
9/11/07,96.32
8/11/07,95.46
7/11/07,96.37
6/11/07,96.7
5/11/07,93.98
2/11/07,95.93
1/11/07,93.49
31/10/07,94.53
30/10/07,90.38
29/10/07,93.53
26/10/07,91.86
25/10/07,90.46
24/10/07,87.1
23/10/07,85.27
22/10/07,87.56
19/10/07,88.6
18/10/07,89.47
17/10/07,87.4
16/10/07,87.61
15/10/07,86.13
12/10/07,83.69
11/10/07,83.08
10/10/07,81.3
9/10/07,80.26
8/10/07,79.02
5/10/07,81.22
4/10/07,81.44
3/10/07,79.94
2/10/07,80.05
1/10/07,80.24
28/9/07,81.66
27/9/07,82.88
26/9/07,80.3
25/9/07,79.53
24/9/07,80.95
21/9/07,81.62
20/9/07,83.32
19/9/07,81.93
18/9/07,81.51
17/9/07,80.57
14/9/07,79.1
13/9/07,80.09
12/9/07,79.91
11/9/07,78.23
10/9/07,77.49
7/9/07,76.7
6/9/07,76.3
5/9/07,75.73
4/9/07,75.08
31/8/07,74.04
30/8/07,73.36
29/8/07,73.51
28/8/07,71.73
27/8/07,71.97
24/8/07,71.09
23/8/07,69.83
22/8/07,69.26
21/8/07,69.47
20/8/07,71.12
17/8/07,71.98
16/8/07,71
15/8/07,73.33
14/8/07,72.38
13/8/07,71.62
10/8/07,71.47
9/8/07,71.59
8/8/07,72.15
7/8/07,72.42
6/8/07,72.06
3/8/07,75.48
2/8/07,76.86
1/8/07,76.53
31/7/07,78.21
30/7/07,76.83
27/7/07,77.02
26/7/07,74.95
25/7/07,75.88
24/7/07,73.56
23/7/07,74.89
20/7/07,75.57
19/7/07,75.92
18/7/07,75.05
17/7/07,74.02
16/7/07,74.15
13/7/07,73.93
12/7/07,72.5
11/7/07,72.56
10/7/07,72.81
9/7/07,72.19
6/7/07,72.81
5/7/07,71.81
3/7/07,71.41
2/7/07,71.09
29/6/07,70.68
28/6/07,69.57
27/6/07,68.97
26/6/07,67.77
25/6/07,69.18
22/6/07,69.14
21/6/07,68.65
20/6/07,68.19
19/6/07,69.1
18/6/07,69.09
15/6/07,68
14/6/07,67.65
13/6/07,66.26
12/6/07,65.35
11/6/07,65.97
8/6/07,64.76
7/6/07,66.93
6/6/07,65.96
5/6/07,65.61
4/6/07,66.21
1/6/07,65.08
31/5/07,64.01
30/5/07,63.49
29/5/07,63.15
25/5/07,65.2
24/5/07,64.18
23/5/07,65.77
22/5/07,64.97
21/5/07,66.27
18/5/07,64.94
17/5/07,64.86
16/5/07,62.55
15/5/07,63.17
14/5/07,62.46
11/5/07,62.37
10/5/07,61.81
9/5/07,61.55
8/5/07,62.26
7/5/07,61.47
4/5/07,61.93
3/5/07,63.19
2/5/07,63.68
1/5/07,64.4
30/4/07,65.71
27/4/07,66.46
26/4/07,65.06
25/4/07,65.84
24/4/07,64.58
23/4/07,65.89
20/4/07,63.38
19/4/07,61.83
18/4/07,63.13
17/4/07,63.1
16/4/07,63.61
13/4/07,63.63
12/4/07,63.85
11/4/07,62.01
10/4/07,61.89
9/4/07,61.51
5/4/07,64.28
4/4/07,64.38
3/4/07,64.64
2/4/07,65.94
30/3/07,65.87
29/3/07,66.03
28/3/07,64.08
27/3/07,62.93
26/3/07,62.91
23/3/07,62.28
22/3/07,61.69
21/3/07,59.61
20/3/07,56.73
19/3/07,56.59
16/3/07,57.11
15/3/07,57.55
14/3/07,58.16
13/3/07,57.93
12/3/07,58.91
9/3/07,60.05
8/3/07,61.64
7/3/07,61.82
6/3/07,60.69
5/3/07,60.07
2/3/07,61.64
1/3/07,62
28/2/07,61.79
27/2/07,61.46
26/2/07,61.39
23/2/07,61.14
22/2/07,60.95
21/2/07,60.07
20/2/07,58.07
16/2/07,59.39
15/2/07,57.99
14/2/07,58
13/2/07,59.06
12/2/07,57.81
9/2/07,59.89
8/2/07,59.71
7/2/07,57.71
6/2/07,58.88
5/2/07,58.74
2/2/07,59.02
1/2/07,57.3
31/1/07,58.14
30/1/07,56.97
29/1/07,54.01
26/1/07,55.42
25/1/07,54.23
24/1/07,55.37
23/1/07,55.04
22/1/07,51.13
19/1/07,51.99
18/1/07,50.48
17/1/07,52.24
16/1/07,51.21
12/1/07,52.99
11/1/07,51.88
10/1/07,54.02
9/1/07,55.64
8/1/07,56.09
5/1/07,56.31
4/1/07,55.59
3/1/07,58.32
2/1/07,61.05
29/12/06,61.05
28/12/06,60.53
27/12/06,60.34
26/12/06,61.1
22/12/06,62.41
21/12/06,62.66
20/12/06,63.72
19/12/06,63.15
18/12/06,62.21
15/12/06,63.43
14/12/06,62.51
13/12/06,61.37
12/12/06,61.02
11/12/06,61.22
8/12/06,62.03
7/12/06,62.49
6/12/06,62.19
5/12/06,62.43
4/12/06,62.44
1/12/06,63.43
30/11/06,63.13
29/11/06,62.46
28/11/06,60.99
27/11/06,60.32
24/11/06,59.24
22/11/06,59.24
21/11/06,60.17
20/11/06,58.8
17/11/06,55.81
16/11/06,56.26
15/11/06,58.76
14/11/06,58.28
13/11/06,58.58
10/11/06,59.59
9/11/06,61.16
8/11/06,59.83
7/11/06,58.93
6/11/06,60.02
3/11/06,59.14
2/11/06,57.88
1/11/06,58.71
31/10/06,58.73
30/10/06,58.36
27/10/06,60.75
26/10/06,60.36
25/10/06,61.4
24/10/06,59.35
23/10/06,58.81
20/10/06,56.82
19/10/06,58.5
18/10/06,57.65
17/10/06,58.93
16/10/06,59.94
13/10/06,58.57
12/10/06,57.86
11/10/06,57.59
10/10/06,58.52
9/10/06,59.96
6/10/06,59.76
5/10/06,60.03
4/10/06,59.41
3/10/06,58.68
2/10/06,61.03
29/9/06,62.91
28/9/06,62.76
27/9/06,62.96
26/9/06,61.01
25/9/06,61.45
22/9/06,60.55
21/9/06,61.59
20/9/06,60.46
19/9/06,61.66
18/9/06,63.8
15/9/06,63.33
14/9/06,63.22
13/9/06,63.97
12/9/06,63.76
11/9/06,65.61
8/9/06,66.25
7/9/06,67.32
6/9/06,67.5
5/9/06,68.6
1/9/06,69.19
31/8/06,70.26
30/8/06,70.03
29/8/06,69.71
28/8/06,70.61
25/8/06,72.51
24/8/06,72.36
23/8/06,71.76
22/8/06,72.63
21/8/06,72.45
18/8/06,71.14
17/8/06,70.06
16/8/06,71.89
15/8/06,73.05
14/8/06,73.53
11/8/06,74.35
10/8/06,74
9/8/06,76.35
8/8/06,76.31
7/8/06,76.98
4/8/06,74.76
3/8/06,75.46
2/8/06,75.81
1/8/06,74.91
31/7/06,74.4
28/7/06,73.24
27/7/06,74.54
26/7/06,73.94
25/7/06,73.75
24/7/06,75.05
21/7/06,74.43
20/7/06,73.08
19/7/06,72.66
18/7/06,73.54
17/7/06,75.3
14/7/06,77.03
13/7/06,76.7
12/7/06,74.95
11/7/06,74.16
10/7/06,73.61
7/7/06,74.09
6/7/06,75.14
5/7/06,75.19
3/7/06,73.93
30/6/06,73.93
29/6/06,73.52
28/6/06,72.19
27/6/06,71.92
26/6/06,71.8
23/6/06,70.87
22/6/06,70.84
21/6/06,70.33
20/6/06,68.94
19/6/06,68.98
16/6/06,69.88
15/6/06,69.5
14/6/06,69.14
13/6/06,68.56
12/6/06,70.36
9/6/06,71.63
8/6/06,70.35
7/6/06,70.82
6/6/06,72.5
5/6/06,72.6
2/6/06,72.33
1/6/06,70.34
31/5/06,71.29
30/5/06,72.03
26/5/06,71.37
25/5/06,71.32
24/5/06,69.86
23/5/06,71.76
22/5/06,69.23
19/5/06,68.53
18/5/06,69.45
17/5/06,68.69
16/5/06,69.53
15/5/06,69.41
12/5/06,72.04
11/5/06,73.32
10/5/06,72.13
9/5/06,70.69
8/5/06,69.77
5/5/06,70.19
4/5/06,69.94
3/5/06,72.28
2/5/06,74.61
1/5/06,73.7
28/4/06,71.88
27/4/06,70.97
26/4/06,71.93
25/4/06,72.88
24/4/06,73.33
21/4/06,75.17
20/4/06,71.95
19/4/06,72.17
18/4/06,71.35
17/4/06,70.4
13/4/06,69.32
12/4/06,68.62
11/4/06,68.98
10/4/06,68.74
7/4/06,67.39
6/4/06,67.94
5/4/06,67.07
4/4/06,66.23
3/4/06,66.74
31/3/06,66.63
30/3/06,67.15
29/3/06,66.45
28/3/06,66.07
27/3/06,64.16
24/3/06,64.26
23/3/06,63.91
22/3/06,61.77
21/3/06,60.57
20/3/06,60.42
17/3/06,62.77
16/3/06,63.58
15/3/06,62.17
14/3/06,63.1
13/3/06,61.77
10/3/06,59.96
9/3/06,60.47
8/3/06,60.02
7/3/06,61.58
6/3/06,62.41
3/3/06,63.67
2/3/06,63.36
1/3/06,61.97
28/2/06,61.41
27/2/06,61
24/2/06,62.91
23/2/06,60.54
22/2/06,61.01
21/2/06,61.1
17/2/06,59.88
16/2/06,58.46
15/2/06,57.65
14/2/06,59.57
13/2/06,61.24
10/2/06,61.84
9/2/06,62.62
8/2/06,62.55
7/2/06,63.09
6/2/06,65.11
3/2/06,65.37
2/2/06,64.68
1/2/06,66.56
31/1/06,67.92
30/1/06,68.35
27/1/06,67.76
26/1/06,66.26
25/1/06,65.85
24/1/06,67.06
23/1/06,68.1
20/1/06,68.35
19/1/06,66.83
18/1/06,65.73
17/1/06,66.31
13/1/06,63.92
12/1/06,63.94
11/1/06,63.94
10/1/06,63.37
9/1/06,63.5
6/1/06,64.21
5/1/06,62.79
4/1/06,63.42
3/1/06,63.14
30/12/05,61.04
29/12/05,60.32
28/12/05,59.82
27/12/05,58.16
23/12/05,58.43
22/12/05,58.28
21/12/05,58.56
20/12/05,57.98
19/12/05,57.34
16/12/05,58.06
15/12/05,59.99
14/12/05,60.85
13/12/05,61.37
12/12/05,61.3
9/12/05,59.39
8/12/05,60.66
7/12/05,59.21
6/12/05,59.94
5/12/05,59.91
2/12/05,59.32
1/12/05,58.47
30/11/05,57.32
29/11/05,56.5
28/11/05,57.36
23/11/05,58.71
22/11/05,58.84
21/11/05,57.7
18/11/05,56.14
17/11/05,56.34
16/11/05,57.88
15/11/05,56.98
14/11/05,57.69
11/11/05,57.53
10/11/05,57.8
9/11/05,58.93
8/11/05,59.71
7/11/05,59.47
4/11/05,60.58
3/11/05,61.78
2/11/05,59.75
1/11/05,59.85
31/10/05,59.76
28/10/05,61.22
27/10/05,61.09
26/10/05,60.66
25/10/05,62.44
24/10/05,60.32
21/10/05,60.63
20/10/05,61.03
19/10/05,62.41
18/10/05,63.2
17/10/05,64.36
14/10/05,62.63
13/10/05,63.08
12/10/05,64.12
11/10/05,63.53
10/10/05,61.8
7/10/05,61.84
6/10/05,61.36
5/10/05,62.79
4/10/05,63.9
3/10/05,65.47
30/9/05,66.24
29/9/05,66.79
28/9/05,66.35
27/9/05,65.07
26/9/05,65.82
23/9/05,64.19
22/9/05,66.5
21/9/05,66.8
20/9/05,66.23
19/9/05,67.39
16/9/05,63
15/9/05,64.75
14/9/05,65.09
13/9/05,63.11
12/9/05,63.34
9/9/05,64.08
8/9/05,64.49
7/9/05,64.37
6/9/05,65.96
2/9/05,67.57
1/9/05,69.47
31/8/05,68.94
30/8/05,69.81
29/8/05,67.2
26/8/05,66.13
25/8/05,67.49
24/8/05,67.32
23/8/05,65.71
22/8/05,65.45
19/8/05,65.35
18/8/05,63.27
17/8/05,63.25
16/8/05,66.08
15/8/05,66.27
12/8/05,66.86
11/8/05,65.8
10/8/05,64.9
9/8/05,63.07
8/8/05,63.94
5/8/05,62.31
4/8/05,61.38
3/8/05,60.86
2/8/05,61.89
1/8/05,61.57
29/7/05,60.57
28/7/05,59.94
27/7/05,59.11
26/7/05,59.2
25/7/05,59
22/7/05,58.65
21/7/05,57.13
20/7/05,56.72
19/7/05,57.46
18/7/05,57.32
15/7/05,58.09
14/7/05,57.8
13/7/05,60.01
12/7/05,60.62
11/7/05,58.92
8/7/05,59.63
7/7/05,60.73
6/7/05,61.28
5/7/05,59.59
1/7/05,58.75
30/6/05,56.5
29/6/05,57.26
28/6/05,58.2
27/6/05,60.54
24/6/05,59.84
23/6/05,59.42
22/6/05,58.09
21/6/05,58.9
20/6/05,59.37
17/6/05,58.47
16/6/05,56.58
15/6/05,55.57
14/6/05,55
13/6/05,55.62
10/6/05,53.54
9/6/05,54.28
8/6/05,52.54
7/6/05,53.76
6/6/05,54.49
3/6/05,55.03
2/6/05,53.63
1/6/05,54.6
31/5/05,51.97
27/5/05,51.85
26/5/05,51.01
25/5/05,50.98
24/5/05,49.67
23/5/05,49.16
20/5/05,46.8
19/5/05,46.92
18/5/05,47.25
17/5/05,48.97
16/5/05,48.61
13/5/05,48.67
12/5/05,48.54
11/5/05,50.45
10/5/05,52.07
9/5/05,52.03
6/5/05,50.96
5/5/05,50.83
4/5/05,50.13
3/5/05,49.5
2/5/05,50.92
29/4/05,49.72
28/4/05,51.77
27/4/05,51.61
26/4/05,54.2
25/4/05,54.57
22/4/05,55.39
21/4/05,54.2
20/4/05,52.44
19/4/05,52.29
18/4/05,50.37
15/4/05,50.49
14/4/05,51.13
13/4/05,50.22
12/4/05,51.86
11/4/05,53.71
8/4/05,53.32
7/4/05,54.11
6/4/05,55.85
5/4/05,56.04
4/4/05,57.01
1/4/05,57.27
31/3/05,55.4
30/3/05,53.99
29/3/05,54.23
28/3/05,54.05
24/3/05,54.84
23/3/05,53.81
22/3/05,56.03
21/3/05,56.62
18/3/05,56.72
17/3/05,56.4
16/3/05,56.46
15/3/05,55.05
14/3/05,54.95
11/3/05,54.43
10/3/05,53.54
9/3/05,54.77
8/3/05,54.59
7/3/05,53.89
4/3/05,53.78
3/3/05,53.57
2/3/05,53.05
1/3/05,51.68
28/2/05,51.75
25/2/05,51.49
24/2/05,51.39
23/2/05,51.17
22/2/05,51.15
18/2/05,48.35
17/2/05,47.54
16/2/05,48.33
15/2/05,47.26
14/2/05,47.44
11/2/05,47.16
10/2/05,47.1
9/2/05,45.46
8/2/05,45.4
7/2/05,45.28
4/2/05,46.48
3/2/05,46.45
2/2/05,46.69
1/2/05,47.12
31/1/05,48.2
28/1/05,47.18
27/1/05,48.84
26/1/05,48.78
25/1/05,49.64
24/1/05,48.81
21/1/05,48.53
20/1/05,46.91
19/1/05,47.55
18/1/05,48.38
14/1/05,48.38
13/1/05,48.04
12/1/05,46.37
11/1/05,45.68
10/1/05,45.33
7/1/05,45.43
6/1/05,45.56
5/1/05,43.39
4/1/05,43.91
3/1/05,42.12
30/12/04,43.45
29/12/04,43.64
28/12/04,41.77
27/12/04,41.32
23/12/04,44.18
22/12/04,44.24
21/12/04,45.76
20/12/04,45.64
17/12/04,46.28
16/12/04,44.18
15/12/04,44.19
14/12/04,41.82
13/12/04,41.01
10/12/04,40.71
9/12/04,42.53
8/12/04,41.94
7/12/04,41.46
6/12/04,42.98
3/12/04,42.54
2/12/04,43.25
1/12/04,45.49
30/11/04,49.13
29/11/04,49.76
24/11/04,49.44
23/11/04,48.94
22/11/04,48.64
19/11/04,48.44
18/11/04,46.22
17/11/04,46.84
16/11/04,46.11
15/11/04,46.87
12/11/04,47.32
11/11/04,47.42
10/11/04,48.86
9/11/04,47.37
8/11/04,49.09
5/11/04,49.61
4/11/04,48.82
3/11/04,50.88
2/11/04,49.62
1/11/04,50.13
29/10/04,51.76
28/10/04,50.92
27/10/04,52.46
26/10/04,55.17
25/10/04,54.54
22/10/04,55.17
21/10/04,54.47
20/10/04,54.92
19/10/04,53.29
18/10/04,53.67
15/10/04,54.93
14/10/04,54.76
13/10/04,53.64
12/10/04,52.51
11/10/04,53.64
8/10/04,53.31
7/10/04,52.67
6/10/04,52.02
5/10/04,51.09
4/10/04,49.91
1/10/04,50.12
30/9/04,49.64
29/9/04,49.51
28/9/04,49.9
27/9/04,49.64
24/9/04,48.88
23/9/04,48.46
22/9/04,48.35
21/9/04,47.1
20/9/04,46.35
17/9/04,45.59
16/9/04,43.88
15/9/04,43.58
14/9/04,44.39
13/9/04,43.87
10/9/04,42.81
9/9/04,44.61
8/9/04,42.77
7/9/04,43.31
3/9/04,43.99
2/9/04,44.06
1/9/04,44
31/8/04,42.12
30/8/04,42.28
27/8/04,43.18
26/8/04,43.1
25/8/04,43.47
24/8/04,45.21
23/8/04,46.05
20/8/04,47.86
19/8/04,48.7
18/8/04,47.27
17/8/04,46.75
16/8/04,46.05
13/8/04,46.58
12/8/04,45.5
11/8/04,44.8
10/8/04,44.52
9/8/04,44.84
6/8/04,43.95
5/8/04,44.41
4/8/04,42.83
3/8/04,44.15
2/8/04,43.82
30/7/04,43.8
29/7/04,42.75
28/7/04,42.9
27/7/04,41.84
26/7/04,41.44
23/7/04,41.71
22/7/04,41.36
21/7/04,40.58
20/7/04,40.86
19/7/04,41.64
16/7/04,41.25
15/7/04,40.77
14/7/04,40.97
13/7/04,39.44
12/7/04,39.5
9/7/04,39.96
8/7/04,40.33
7/7/04,39.08
6/7/04,39.65
2/7/04,38.39
1/7/04,38.74
30/6/04,37.05
29/6/04,35.66
28/6/04,36.24
25/6/04,37.55
24/6/04,37.93
23/6/04,37.57
22/6/04,38.11
21/6/04,37.63
18/6/04,38.75
17/6/04,38.46
16/6/04,37.32
15/6/04,37.19
14/6/04,37.59
10/6/04,38.45
9/6/04,37.54
8/6/04,37.28
7/6/04,38.66
4/6/04,38.49
3/6/04,39.28
2/6/04,39.96
1/6/04,42.33
28/5/04,39.88
27/5/04,39.44
26/5/04,40.7
25/5/04,41.14
24/5/04,41.72
21/5/04,39.93
20/5/04,40.92
19/5/04,41.5
18/5/04,40.54
17/5/04,41.55
14/5/04,41.38
13/5/04,41.08
12/5/04,40.77
11/5/04,40.06
10/5/04,38.93
7/5/04,39.93
6/5/04,39.37
5/5/04,39.57
4/5/04,38.98
3/5/04,38.21
30/4/04,37.38
29/4/04,37.31
28/4/04,37.46
27/4/04,37.53
26/4/04,36.97
23/4/04,36.46
22/4/04,36.71
21/4/04,35.73
20/4/04,37.6
19/4/04,37.42
16/4/04,37.74
15/4/04,37.57
14/4/04,36.72
13/4/04,37.21
12/4/04,37.84
8/4/04,37.14
7/4/04,36.15
6/4/04,34.97
5/4/04,34.38
2/4/04,34.39
1/4/04,34.27
31/3/04,35.76
30/3/04,36.25
29/3/04,35.45
26/3/04,35.73
25/3/04,35.51
24/3/04,37.01
23/3/04,37.45
22/3/04,37.11
19/3/04,38.08
18/3/04,37.93
17/3/04,38.18
16/3/04,37.48
15/3/04,37.44
12/3/04,36.19
11/3/04,36.78
10/3/04,36.1
9/3/04,36.28
8/3/04,36.57
5/3/04,37.26
4/3/04,36.64
3/3/04,35.8
2/3/04,36.66
1/3/04,36.86
27/2/04,36.16
26/2/04,35.51
25/2/04,35.68
24/2/04,34.58
23/2/04,34.35
20/2/04,35.6
19/2/04,36
18/2/04,35.45
17/2/04,35.19
13/2/04,34.56
12/2/04,33.98
11/2/04,34
10/2/04,33.87
9/2/04,32.83
6/2/04,32.48
5/2/04,33.08
4/2/04,33.1
3/2/04,34.1
2/2/04,34.98
30/1/04,33.05
29/1/04,32.81
28/1/04,33.62
27/1/04,34.12
26/1/04,34.47
23/1/04,34.94
22/1/04,34.93
21/1/04,34.58
20/1/04,36.2
16/1/04,35.07
15/1/04,33.44
14/1/04,34.5
13/1/04,34.43
12/1/04,34.72
9/1/04,34.31
8/1/04,33.98
7/1/04,33.62
6/1/04,33.7
5/1/04,33.78
31/12/03,32.52
30/12/03,32.79
29/12/03,32.4
24/12/03,32.86
23/12/03,31.95
22/12/03,31.87
19/12/03,33.02
18/12/03,33.71
17/12/03,33.35
16/12/03,32.89
15/12/03,33.18
12/12/03,33.04
11/12/03,31.85
10/12/03,31.88
9/12/03,31.76
8/12/03,32.1
5/12/03,30.73
4/12/03,31.26
3/12/03,31.1
2/12/03,30.78
1/12/03,29.95
26/11/03,30.41
25/11/03,29.77
24/11/03,29.74
21/11/03,31.61
20/11/03,32.86
19/11/03,32.92
18/11/03,33.28
17/11/03,31.73
14/11/03,32.37
13/11/03,31.9
12/11/03,31.33
11/11/03,31.15
10/11/03,30.88
7/11/03,30.85
6/11/03,30.26
5/11/03,30.3
4/11/03,28.75
3/11/03,28.9
31/10/03,29.11
30/10/03,28.47
29/10/03,28.91
28/10/03,29.56
27/10/03,29.92
24/10/03,30.16
23/10/03,30.3
22/10/03,29.92
21/10/03,30.18
20/10/03,30.35
17/10/03,30.68
16/10/03,31.54
15/10/03,31.77
14/10/03,31.82
13/10/03,31.95
10/10/03,31.97
9/10/03,31.01
8/10/03,29.81
7/10/03,30.41
6/10/03,30.47
3/10/03,30.4
2/10/03,29.84
1/10/03,29.39
30/9/03,29.2
29/9/03,28.4
26/9/03,28.16
25/9/03,28.29
24/9/03,28.24
23/9/03,27.13
22/9/03,26.96
19/9/03,27.03
18/9/03,27.17
17/9/03,27.03
16/9/03,27.56
15/9/03,28.14
12/9/03,28.27
11/9/03,28.82
10/9/03,29.35
9/9/03,29.18
8/9/03,28.85
5/9/03,28.88
4/9/03,28.98
3/9/03,29.49
2/9/03,29.41
29/8/03,31.57
28/8/03,31.5
27/8/03,31.21
26/8/03,31.95
25/8/03,31.56
22/8/03,31.84
21/8/03,31.88
20/8/03,30.95
19/8/03,30.7
18/8/03,30.89
15/8/03,31.05
14/8/03,31.09
13/8/03,30.78
12/8/03,31.92
11/8/03,32.01
8/8/03,32.18
7/8/03,32.39
6/8/03,31.7
5/8/03,32.22
4/8/03,31.84
1/8/03,32.31
31/7/03,30.54
30/7/03,30.68
29/7/03,30.24
28/7/03,30.11
25/7/03,30.17
24/7/03,30.22
23/7/03,29.67
22/7/03,30.19
21/7/03,31.78
18/7/03,31.96
17/7/03,31.41
16/7/03,31.05
15/7/03,31.62
14/7/03,31.27
11/7/03,31.28
10/7/03,31.06
9/7/03,30.88
8/7/03,30.22
7/7/03,30.13
3/7/03,30.42
2/7/03,30.15
1/7/03,30.4
30/6/03,30.19
27/6/03,29.27
26/6/03,29.01
25/6/03,29.95
24/6/03,28.78
23/6/03,29.17
20/6/03,30.82
19/6/03,29.96
18/6/03,30.36
17/6/03,31.07
16/6/03,31.18
13/6/03,30.65
12/6/03,31.51
11/6/03,32.36
10/6/03,31.73
9/6/03,31.45
6/6/03,31.28
5/6/03,30.74
4/6/03,30.05
3/6/03,30.67
2/6/03,30.71
30/5/03,29.56
29/5/03,29.1
28/5/03,28.58
27/5/03,29.35
23/5/03,29.16
22/5/03,28.85
21/5/03,29.03
20/5/03,29.28
19/5/03,28.83
16/5/03,29.14
15/5/03,28.74
14/5/03,29.17
13/5/03,28.5
12/5/03,27.35
9/5/03,27.72
8/5/03,26.98
7/5/03,26.23
6/5/03,25.72
5/5/03,26.49
2/5/03,25.67
1/5/03,26.03
30/4/03,25.8
29/4/03,25.24
28/4/03,25.49
25/4/03,26.26
24/4/03,26.64
23/4/03,26.65
22/4/03,29.91
21/4/03,30.87
17/4/03,30.55
16/4/03,29.18
15/4/03,29.29
14/4/03,28.63
11/4/03,28.14
10/4/03,27.46
9/4/03,28.85
8/4/03,28
7/4/03,27.96
4/4/03,28.62
3/4/03,28.97
2/4/03,28.56
1/4/03,29.78
31/3/03,31.04
28/3/03,30.16
27/3/03,30.37
26/3/03,28.63
25/3/03,27.97
24/3/03,28.66
21/3/03,26.91
20/3/03,28.61
19/3/03,29.88
18/3/03,31.67
17/3/03,34.93
14/3/03,35.38
13/3/03,36.01
12/3/03,37.83
11/3/03,36.72
10/3/03,37.27
7/3/03,37.78
6/3/03,37
5/3/03,36.69
4/3/03,36.89
3/3/03,35.88
28/2/03,36.6
27/2/03,37.2
26/2/03,37.7
25/2/03,36.06
24/2/03,36.48
21/2/03,35.58
20/2/03,36.79
19/2/03,37.16
18/2/03,36.96
14/2/03,36.8
13/2/03,36.36
12/2/03,35.77
11/2/03,35.44
10/2/03,34.48
7/2/03,35.12
6/2/03,34.16
5/2/03,33.93
4/2/03,33.58
3/2/03,32.76
31/1/03,33.51
30/1/03,33.85
29/1/03,33.63
28/1/03,32.67
27/1/03,32.29
24/1/03,33.28
23/1/03,32.25
22/1/03,32.85
21/1/03,34.61
17/1/03,33.91
16/1/03,33.66
15/1/03,33.21
14/1/03,32.37
13/1/03,32.26
10/1/03,31.68
9/1/03,31.99
8/1/03,30.56
7/1/03,31.08
6/1/03,32.1
3/1/03,33.08
2/1/03,31.85
31/12/02,31.2
30/12/02,31.37
27/12/02,32.72
26/12/02,32.49
24/12/02,31.97
23/12/02,31.75
20/12/02,30.3
19/12/02,30.56
18/12/02,30.44
17/12/02,30.1
16/12/02,30.1
13/12/02,28.44
12/12/02,28.01
11/12/02,27.4
10/12/02,27.74
9/12/02,27.2
6/12/02,26.93
5/12/02,27.29
4/12/02,26.71
3/12/02,27.3
2/12/02,27.24
27/11/02,26.89
26/11/02,26.4
25/11/02,26.11
22/11/02,26.76
21/11/02,26.35
20/11/02,26.98
19/11/02,26.42
18/11/02,26.71
15/11/02,25.51
14/11/02,25.29
13/11/02,25.19
12/11/02,25.9
11/11/02,25.94
8/11/02,25.78
7/11/02,25.38
6/11/02,25.77
5/11/02,26.14
4/11/02,26.95
1/11/02,27.13
31/10/02,27.22
30/10/02,26.81
29/10/02,26.86
28/10/02,27.29
25/10/02,27.05
24/10/02,28.2
23/10/02,28.18
22/10/02,27.92
21/10/02,28.37
18/10/02,29.6
17/10/02,29.62
16/10/02,29.47
15/10/02,29.72
14/10/02,30.03
11/10/02,29.37
10/10/02,28.97
9/10/02,29.35
8/10/02,29.48
7/10/02,29.64
4/10/02,29.62
3/10/02,29.76
2/10/02,30.49
1/10/02,30.83
30/9/02,30.45
27/9/02,30.54
26/9/02,30.41
25/9/02,30.64
24/9/02,30.77
23/9/02,30.71
20/9/02,29.61
19/9/02,29.5
18/9/02,29.48
17/9/02,29.08
16/9/02,29.67
13/9/02,29.81
12/9/02,28.85
11/9/02,29.77
10/9/02,29.73
9/9/02,29.73
6/9/02,29.61
5/9/02,28.98
4/9/02,28.27
3/9/02,27.79
30/8/02,28.98
29/8/02,28.92
28/8/02,28.34
27/8/02,28.83
26/8/02,29.28
23/8/02,28.63
22/8/02,28.84
21/8/02,29.24
20/8/02,30.11
19/8/02,29.84
16/8/02,29.33
15/8/02,29.06
14/8/02,28.15
13/8/02,27.9
12/8/02,27.86
9/8/02,26.86
8/8/02,26.67
7/8/02,26.5
6/8/02,27.17
5/8/02,26.58
2/8/02,26.84
1/8/02,26.47
31/7/02,27.02
30/7/02,27.36
29/7/02,26.55
26/7/02,26.54
25/7/02,26.77
24/7/02,26.87
23/7/02,26.31
22/7/02,26.6
19/7/02,27.83
18/7/02,27.57
17/7/02,27.88
16/7/02,27.75
15/7/02,27.07
12/7/02,27.48
11/7/02,26.83
10/7/02,26.77
9/7/02,26.09
8/7/02,26.07
3/7/02,26.8
2/7/02,26.77
1/7/02,26.81
28/6/02,26.86
27/6/02,26.86
26/6/02,26.76
25/6/02,26.32
24/6/02,26.47
21/6/02,25.82
20/6/02,25.53
19/6/02,25.31
18/6/02,25.43
17/6/02,26.09
14/6/02,25.94
13/6/02,25.64
12/6/02,24.64
11/6/02,24.12
10/6/02,24.29
7/6/02,24.75
6/6/02,24.79
5/6/02,24.89
4/6/02,25.33
3/6/02,25.08
31/5/02,25.31
30/5/02,24.67
29/5/02,25.76
28/5/02,25.27
24/5/02,25.88
23/5/02,26.15
22/5/02,26.37
21/5/02,27.33
20/5/02,28.33
17/5/02,28.18
16/5/02,27.95
15/5/02,28.15
14/5/02,29.36
13/5/02,28.38
10/5/02,27.99
9/5/02,27.68
8/5/02,27.85
7/5/02,26.63
6/5/02,26.12
3/5/02,26.62
2/5/02,26.24
1/5/02,26.75
30/4/02,27.29
29/4/02,27.57
26/4/02,27.11
25/4/02,26.73
24/4/02,26.38
23/4/02,26.62
22/4/02,26.27
19/4/02,26.38
18/4/02,26.18
17/4/02,25.94
16/4/02,24.75
15/4/02,24.57
12/4/02,23.47
11/4/02,24.99
10/4/02,26.13
9/4/02,25.82
8/4/02,26.54
5/4/02,26.21
4/4/02,26.58
3/4/02,27.56
2/4/02,27.71
1/4/02,26.88
28/3/02,26.31
27/3/02,25.87
26/3/02,25.36
25/3/02,24.99
22/3/02,25.35
21/3/02,25.61
20/3/02,24.9
19/3/02,24.88
18/3/02,25.11
15/3/02,24.51
14/3/02,24.56
13/3/02,24.16
12/3/02,24.2
11/3/02,24.31
8/3/02,23.84
7/3/02,23.71
6/3/02,23.15
5/3/02,23.17
4/3/02,22.45
1/3/02,22.4
28/2/02,21.74
27/2/02,21.29
26/2/02,21.41
25/2/02,20.48
22/2/02,21.07
21/2/02,20.95
20/2/02,20.29
19/2/02,20.88
15/2/02,21.5
14/2/02,21.23
13/2/02,21.18
12/2/02,20.73
11/2/02,21.41
8/2/02,20.26
7/2/02,19.64
6/2/02,19.78
5/2/02,20.07
4/2/02,20.07
1/2/02,20.38
31/1/02,19.48
30/1/02,19.08
29/1/02,19.58
28/1/02,20.05
25/1/02,19.99
24/1/02,19.7
23/1/02,19.5
22/1/02,18.34
18/1/02,18
17/1/02,17.97
16/1/02,18.86
15/1/02,18.9
14/1/02,18.89
11/1/02,19.68
10/1/02,20.38
9/1/02,20.18
8/1/02,21.25
7/1/02,21.48
4/1/02,21.62
3/1/02,20.37
2/1/02,21.01
31/12/01,19.84
28/12/01,20.41
27/12/01,20.9
26/12/01,21.27
21/12/01,19.62
20/12/01,19.28
19/12/01,19.8
18/12/01,19.36
17/12/01,19.22
14/12/01,19.23
13/12/01,18.12
12/12/01,18.36
11/12/01,18.08
10/12/01,18.37
7/12/01,19.04
6/12/01,18.54
5/12/01,19.49
4/12/01,19.65
3/12/01,20.09
30/11/01,19.44
29/11/01,18.62
28/11/01,19.22
27/11/01,19.48
26/11/01,18.69
21/11/01,18.96
20/11/01,19.15
19/11/01,17.72
16/11/01,18.03
15/11/01,17.45
14/11/01,19.74
13/11/01,21.67
12/11/01,21.23
9/11/01,22.22
8/11/01,21.17
7/11/01,20.09
6/11/01,19.92
5/11/01,20.02
2/11/01,20.18
1/11/01,20.39
31/10/01,21.18
30/10/01,21.87
29/10/01,22.15
26/10/01,22.03
25/10/01,22.01
24/10/01,22.33
23/10/01,21.85
22/10/01,21.76
19/10/01,21.83
18/10/01,21.31
17/10/01,21.81
16/10/01,22
15/10/01,22.29
12/10/01,22.5
11/10/01,23.34
10/10/01,22.53
9/10/01,22.48
8/10/01,22.45
5/10/01,22.39
4/10/01,22.63
3/10/01,22.08
2/10/01,22.79
1/10/01,23.28
28/9/01,23.43
27/9/01,22.74
26/9/01,22.38
25/9/01,21.81
24/9/01,22.01
21/9/01,25.97
20/9/01,26.59
19/9/01,26.72
18/9/01,27.7
17/9/01,28.81
14/9/01,29.53
11/9/01,27.77
10/9/01,27.63
7/9/01,28.03
6/9/01,27.58
5/9/01,26.95
4/9/01,26.93
31/8/01,27.2
30/8/01,26.55
29/8/01,27.05
28/8/01,27.17
27/8/01,26.67
24/8/01,26.9
23/8/01,26.63
22/8/01,26.37
21/8/01,27.91
20/8/01,27.18
17/8/01,26.68
16/8/01,27.4
15/8/01,27.56
14/8/01,28.01
13/8/01,27.82
10/8/01,28.05
9/8/01,27.64
8/8/01,27.54
7/8/01,27.94
6/8/01,27.74
3/8/01,27.62
2/8/01,27.71
1/8/01,26.77
31/7/01,26.35
30/7/01,26.63
27/7/01,27.02
26/7/01,26.73
25/7/01,26.84
24/7/01,26.31
23/7/01,26.12
20/7/01,25.59
19/7/01,24.7
18/7/01,24.89
17/7/01,25.57
16/7/01,26.06
13/7/01,26.59
12/7/01,26.8
11/7/01,27.11
10/7/01,27.49
9/7/01,27.59
6/7/01,28.21
5/7/01,27.02
3/7/01,26.24
2/7/01,25.95
29/6/01,26.25
28/6/01,25.56
27/6/01,25.61
26/6/01,26.98
25/6/01,27.25
22/6/01,26.83
21/6/01,26.56
20/6/01,26.5
19/6/01,27.48
18/6/01,27.55
15/6/01,28.51
14/6/01,29.04
13/6/01,28.84
12/6/01,29.18
11/6/01,29.04
8/6/01,28.33
7/6/01,27.75
6/6/01,27.72
5/6/01,28.24
4/6/01,28.13
1/6/01,27.93
31/5/01,28.37
30/5/01,28.55
29/5/01,28.66
25/5/01,28.38
24/5/01,28.41
23/5/01,29.58
22/5/01,29.74
21/5/01,29.98
18/5/01,29.91
17/5/01,28.91
16/5/01,28.86
15/5/01,28.98
14/5/01,28.71
11/5/01,28.55
10/5/01,28.52
9/5/01,28.23
8/5/01,27.39
7/5/01,27.77
4/5/01,28.36
3/5/01,28.45
2/5/01,27.8
1/5/01,28.94
30/4/01,28.46
27/4/01,28.27
26/4/01,28.44
25/4/01,27.29
24/4/01,26.86
23/4/01,27.61
20/4/01,27.28
19/4/01,27.82
18/4/01,27.95
17/4/01,28.24
16/4/01,28.79
12/4/01,28.25
11/4/01,28.18
10/4/01,28.48
9/4/01,27.28
6/4/01,27.06
5/4/01,27.26
4/4/01,27.12
3/4/01,26.19
2/4/01,25.59
30/3/01,26.29
29/3/01,26.32
28/3/01,26.31
27/3/01,27.75
26/3/01,27.48
23/3/01,27.3
22/3/01,26.54
21/3/01,26.8
20/3/01,25.96
19/3/01,26.15
16/3/01,26.74
15/3/01,26.55
14/3/01,26.41
13/3/01,27.59
12/3/01,28
9/3/01,28.01
8/3/01,28.39
7/3/01,29
6/3/01,28.32
5/3/01,28.6
2/3/01,27.84
1/3/01,27.62
28/2/01,27.39
27/2/01,28.13
26/2/01,28.42
23/2/01,29.04
22/2/01,28.82
21/2/01,28.53
20/2/01,28.58
16/2/01,29.16
15/2/01,28.8
14/2/01,29.71
13/2/01,30.36
12/2/01,30.51
9/2/01,31.03
8/2/01,31.59
7/2/01,31.27
6/2/01,30.35
5/2/01,30.55
2/2/01,31.19
1/2/01,29.82
31/1/01,28.66
30/1/01,29.06
29/1/01,29.06
26/1/01,29.77
25/1/01,29.36
24/1/01,29.05
23/1/01,29.57
22/1/01,32.19
19/1/01,32.19
18/1/01,30.45
17/1/01,29.6
16/1/01,30.29
12/1/01,30.05
11/1/01,29.41
10/1/01,29.48
9/1/01,27.64
8/1/01,27.32
5/1/01,27.95
4/1/01,28.14
3/1/01,28
2/1/01,27.21
29/12/00,26.8
28/12/00,25.85
27/12/00,26.47
26/12/00,26.64
22/12/00,26.18
21/12/00,25.98
20/12/00,25.77
19/12/00,29.33
18/12/00,29.76
15/12/00,28.87
14/12/00,27.99
13/12/00,28.74
12/12/00,29.68
11/12/00,29.5
8/12/00,28.44
7/12/00,29.35
6/12/00,29.85
5/12/00,29.53
4/12/00,31.22
1/12/00,32.02
30/11/00,33.82
29/11/00,34.63
28/11/00,34.22
27/11/00,35.38
22/11/00,35.4
21/11/00,35.16
20/11/00,35.22
17/11/00,35.45
16/11/00,35.12
15/11/00,35.58
14/11/00,34.87
13/11/00,34.47
10/11/00,34.02
9/11/00,33.92
8/11/00,33.24
7/11/00,33.4
6/11/00,32.86
3/11/00,32.71
2/11/00,32.54
1/11/00,33.25
31/10/00,32.7
30/10/00,32.81
27/10/00,32.74
26/10/00,33.71
25/10/00,32.96
24/10/00,33.37
23/10/00,33.76
20/10/00,33.75
19/10/00,32.91
18/10/00,33.48
17/10/00,32.99
16/10/00,32.92
13/10/00,34.99
12/10/00,36.06
11/10/00,33.25
10/10/00,33.18
9/10/00,31.86
6/10/00,30.86
5/10/00,30.53
4/10/00,31.43
3/10/00,32.07
2/10/00,32.18
29/9/00,30.84
28/9/00,30.34
27/9/00,31.46
26/9/00,31.5
25/9/00,31.57
22/9/00,32.68
21/9/00,34
20/9/00,37.2
19/9/00,36.51
18/9/00,36.88
15/9/00,35.92
14/9/00,34.07
13/9/00,33.82
12/9/00,34.28
11/9/00,35.14
8/9/00,33.63
7/9/00,35.39
6/9/00,34.9
5/9/00,33.83
1/9/00,33.38
31/8/00,33.12
30/8/00,33.32
29/8/00,32.74
28/8/00,32.87
25/8/00,32.03
24/8/00,31.63
23/8/00,32.02
22/8/00,31.22
21/8/00,32.47
18/8/00,31.99
17/8/00,31.94
16/8/00,31.8
15/8/00,31.67
14/8/00,31.94
11/8/00,31.02
10/8/00,31.34
9/8/00,30.35
8/8/00,29.12
7/8/00,28.91
4/8/00,29.96
3/8/00,28.66
2/8/00,28.26
1/8/00,27.79
31/7/00,27.43
28/7/00,28.18
27/7/00,28.02
26/7/00,27.81
25/7/00,27.95
24/7/00,28.02
21/7/00,28.56
20/7/00,30.93
19/7/00,31.42
18/7/00,31.94
17/7/00,30.83
14/7/00,31.4
13/7/00,31.47
12/7/00,30.32
11/7/00,29.7
10/7/00,29.69
7/7/00,30.28
6/7/00,29.99
5/7/00,30.67
30/6/00,32.5
29/6/00,32.72
28/6/00,31.9
27/6/00,32.06
26/6/00,31.63
23/6/00,32.25
22/6/00,32.19
21/6/00,31.37
20/6/00,33.05
19/6/00,31.69
16/6/00,32.33
15/6/00,32.95
14/6/00,32.85
13/6/00,32.56
12/6/00,31.74
9/6/00,30.2
8/6/00,29.78
7/6/00,29.95
6/6/00,29.75
5/6/00,29.7
2/6/00,30.35
1/6/00,30.14
31/5/00,29.01
30/5/00,30.35
26/5/00,30
25/5/00,30.51
24/5/00,29.93
23/5/00,28.78
22/5/00,28.61
19/5/00,29.89
18/5/00,30.33
17/5/00,29.32
16/5/00,29.73
15/5/00,29.92
12/5/00,29.62
11/5/00,29.11
10/5/00,28.1
9/5/00,28.65
8/5/00,28.09
5/5/00,27.29
4/5/00,26.98
3/5/00,26.75
2/5/00,26.89
1/5/00,25.87
28/4/00,25.74
27/4/00,25.42
26/4/00,24.65
25/4/00,25.33
24/4/00,26.04
20/4/00,25.88
19/4/00,27.35
18/4/00,26.11
17/4/00,25.89
14/4/00,25.57
13/4/00,25.38
12/4/00,25.41
11/4/00,24.14
10/4/00,23.85
7/4/00,25.04
6/4/00,25.69
5/4/00,25.83
4/4/00,25.45
3/4/00,26.43
31/3/00,26.9
30/3/00,26.7
29/3/00,26.45
28/3/00,27.09
27/3/00,27.79
24/3/00,28.02
23/3/00,27.31
22/3/00,27.46
21/3/00,28
20/3/00,29.43
17/3/00,30.91
16/3/00,31.09
15/3/00,30.72
14/3/00,31.69
13/3/00,32.02
10/3/00,31.76
9/3/00,31.69
8/3/00,31.26
7/3/00,34.13
6/3/00,32.18
3/3/00,31.51
2/3/00,31.69
1/3/00,31.77
29/2/00,30.43
28/2/00,30.13
25/2/00,30.35
24/2/00,29.97
23/2/00,29.39
22/2/00,29.62
18/2/00,29.51
17/2/00,29.46
16/2/00,30.05
15/2/00,30.06
14/2/00,30.25
11/2/00,29.44
10/2/00,29.43
9/2/00,28.77
8/2/00,28.02
7/2/00,28.45
4/2/00,28.82
3/2/00,28.03
2/2/00,27.55
1/2/00,28.22
31/1/00,27.64
28/1/00,27.22
27/1/00,27.32
26/1/00,27.84
25/1/00,28.28
24/1/00,27.83
21/1/00,28.2
20/1/00,29.66
19/1/00,29.54
18/1/00,28.85
14/1/00,28.02
13/1/00,26.69
12/1/00,26.28
11/1/00,25.77
10/1/00,24.67
7/1/00,24.22
6/1/00,24.78
5/1/00,24.91
4/1/00,25.55
30/12/99,25.6
29/12/99,26.47
28/12/99,26.82
27/12/99,26.33
23/12/99,25.87
22/12/99,25.5
21/12/99,26.26
20/12/99,26.54
17/12/99,26.74
16/12/99,26.83
15/12/99,26.36
14/12/99,25.73
13/12/99,25.38
10/12/99,25.23
9/12/99,26.15
8/12/99,26.54
7/12/99,26.22
6/12/99,26.66
3/12/99,25.81
2/12/99,25.82
1/12/99,25
30/11/99,24.59
29/11/99,25.96
24/11/99,26.87
23/11/99,26.44
22/11/99,27.07
19/11/99,26.56
18/11/99,25.8
17/11/99,26.6
16/11/99,25.7
15/11/99,25.13
12/11/99,24.91
11/11/99,24.33
10/11/99,24.47
9/11/99,24.03
8/11/99,23.27
5/11/99,23
4/11/99,23.14
3/11/99,22.56
2/11/99,22.39
1/11/99,22.51
29/10/99,21.75
28/10/99,21.68
27/10/99,22.92
26/10/99,23.19
25/10/99,23.35
22/10/99,23.45
21/10/99,22.61
20/10/99,22.2
19/10/99,22.22
18/10/99,22.53
15/10/99,22.82
14/10/99,22.45
13/10/99,23.06
12/10/99,22.3
11/10/99,21.27
8/10/99,20.9
7/10/99,22.45
6/10/99,23.27
5/10/99,23.45
4/10/99,23.76
1/10/99,24.54
30/9/99,24.51
29/9/99,24.69
28/9/99,24.33
27/9/99,24.61
24/9/99,24.76
23/9/99,24.87
22/9/99,24.12
21/9/99,24.46
20/9/99,24.29
17/9/99,24.72
16/9/99,24.51
15/9/99,24.13
14/9/99,23.86
13/9/99,24.21
10/9/99,23.55
9/9/99,23.2
8/9/99,22.66
7/9/99,22.61
3/9/99,22
2/9/99,21.49
1/9/99,21.99
31/8/99,22.11
30/8/99,22.01
27/8/99,21.27
26/8/99,20.95
25/8/99,20.58
24/8/99,21.47
23/8/99,21.84
20/8/99,21.65
19/8/99,21.77
18/8/99,21.52
17/8/99,21.74
16/8/99,21.36
13/8/99,21.67
12/8/99,21.48
11/8/99,21.52
10/8/99,21.3
9/8/99,21.27
6/8/99,20.88
5/8/99,20.56
4/8/99,20.44
3/8/99,20.3
2/8/99,20.45
30/7/99,20.53
29/7/99,20.97
28/7/99,20.54
27/7/99,20.38
26/7/99,20.52
23/7/99,20.63
22/7/99,19.94
21/7/99,19.65
20/7/99,19.37
19/7/99,20.44
16/7/99,20.62
15/7/99,20.16
14/7/99,19.92
13/7/99,20.15
12/7/99,19.91
9/7/99,19.94
8/7/99,19.71
7/7/99,19.77
6/7/99,19.78
2/7/99,19.69
1/7/99,19.39
30/6/99,19.29
29/6/99,18.44
28/6/99,18.23
25/6/99,18.39
24/6/99,18.29
23/6/99,18.45
22/6/99,17.61
21/6/99,17.7
18/6/99,17.99
17/6/99,18.19
16/6/99,17.94
15/6/99,18.55
14/6/99,18.33
11/6/99,18.43
10/6/99,17.85
9/6/99,17.99
8/6/99,17.66
7/6/99,17.86
4/6/99,17.32
3/6/99,16.74
2/6/99,16.65
1/6/99,16.34
28/5/99,16.84
27/5/99,17.17
26/5/99,17.35
25/5/99,17.14
24/5/99,17.06
21/5/99,17.41
20/5/99,17.03
19/5/99,16.88
18/5/99,17.11
17/5/99,17.94
14/5/99,18.04
13/5/99,18.03
12/5/99,17.57
11/5/99,18.06
10/5/99,18.5
7/5/99,18.22
6/5/99,18.32
5/5/99,18.98
4/5/99,18.92
3/5/99,18.85
30/4/99,18.66
29/4/99,18.53
28/4/99,18.45
27/4/99,17.81
26/4/99,17.66
23/4/99,17.94
22/4/99,18.18
21/4/99,17.92
20/4/99,17.78
19/4/99,17.8
16/4/99,17.33
15/4/99,16.87
14/4/99,16.47
13/4/99,16.72
12/4/99,16.4
9/4/99,16.57
8/4/99,15.83
7/4/99,16.03
6/4/99,16.81
5/4/99,16.95
1/4/99,16.64
31/3/99,16.76
30/3/99,16.8
29/3/99,16.44
26/3/99,16.17
25/3/99,15.67
24/3/99,15.34
23/3/99,15.5
22/3/99,15.5
19/3/99,15.24
18/3/99,15
17/3/99,15.05
16/3/99,14.46
15/3/99,14.45
12/3/99,14.49
11/3/99,14.31
10/3/99,14.69
9/3/99,13.85
8/3/99,13.63
5/3/99,13.3
4/3/99,13.35
3/3/99,12.93
2/3/99,12.51
1/3/99,12.24
26/2/99,12.27
25/2/99,12.68
24/2/99,12.61
23/2/99,11.96
22/2/99,11.96
19/2/99,11.76
18/2/99,12.04
17/2/99,11.53
16/2/99,11.37
12/2/99,11.88
11/2/99,11.85
10/2/99,11.75
9/2/99,11.68
8/2/99,11.67
5/2/99,11.8
4/2/99,12.02
3/2/99,12.38
2/2/99,12.3
1/2/99,12.37
29/1/99,12.75
28/1/99,12.45
27/1/99,12.32
26/1/99,12.06
25/1/99,12.44
22/1/99,12.69
21/1/99,12.46
20/1/99,11.81
19/1/99,12.08
15/1/99,12.11
14/1/99,12.15
13/1/99,12.31
12/1/99,12.89
11/1/99,13.44
8/1/99,13.07
7/1/99,13.09
6/1/99,12.8
5/1/99,11.99
4/1/99,12.34
31/12/98,12.05
30/12/98,11.75
29/12/98,11.72
28/12/98,11.46
24/12/98,11.23
23/12/98,11.33
22/12/98,10.81
21/12/98,10.81
18/12/98,10.95
17/12/98,11.03
16/12/98,12.38
15/12/98,11.55
14/12/98,11.29
11/12/98,10.79
10/12/98,10.72
9/12/98,11.16
8/12/98,11.3
7/12/98,11.47
4/12/98,11.17
3/12/98,11.19
2/12/98,11.24
1/12/98,11.13
30/11/98,11.22
25/11/98,11.86
24/11/98,12.12
23/11/98,12.14
20/11/98,12.14
19/11/98,12.15
18/11/98,12.14
17/11/98,12.45
16/11/98,12.82
13/11/98,13.57
12/11/98,13.84
11/11/98,13.55
10/11/98,13.52
9/11/98,13.38
6/11/98,13.87
5/11/98,13.97
4/11/98,14.14
3/11/98,14.2
2/11/98,14.36
30/10/98,14.42
29/10/98,14.24
28/10/98,14.29
27/10/98,14.13
26/10/98,14.23
23/10/98,14.05
22/10/98,13.97
21/10/98,13.43
20/10/98,13.43
19/10/98,13.35
16/10/98,14.15
15/10/98,14.05
14/10/98,14.05
13/10/98,14.23
12/10/98,14.44
9/10/98,14.58
8/10/98,14.42
7/10/98,15.06
6/10/98,15.5
5/10/98,15.39
2/10/98,15.64
1/10/98,15.43
30/9/98,16.14
29/9/98,15.98
28/9/98,15.64
25/9/98,15.75
24/9/98,15.98
23/9/98,15.67
22/9/98,15.67
21/9/98,15.49
18/9/98,15.49
17/9/98,14.86
16/9/98,14.53
15/9/98,14.57
14/9/98,14.42
11/9/98,14.34
10/9/98,14.67
9/9/98,14.12
8/9/98,14.29
4/9/98,14.59
3/9/98,14.67
2/9/98,13.67
1/9/98,13.73
31/8/98,13.34
28/8/98,13.5
27/8/98,13.23
26/8/98,13.58
25/8/98,13.77
24/8/98,13.64
21/8/98,13.54
20/8/98,13.54
19/8/98,13.16
18/8/98,12.92
17/8/98,13.2
14/8/98,13.35
13/8/98,13.21
12/8/98,12.71
11/8/98,12.76
10/8/98,13.05
7/8/98,13.8
6/8/98,13.76
5/8/98,13.68
4/8/98,13.75
3/8/98,13.7
31/7/98,14.21
30/7/98,14.21
29/7/98,14.09
28/7/98,14.27
27/7/98,14.22
24/7/98,13.87
23/7/98,13.88
22/7/98,13.79
21/7/98,13.79
20/7/98,13.34
17/7/98,13.98
16/7/98,14.52
15/7/98,14.87
14/7/98,14.55
13/7/98,13.91
10/7/98,13.87
9/7/98,13.88
8/7/98,13.85
7/7/98,13.62
6/7/98,13.92
2/7/98,14.5
1/7/98,14.37
30/6/98,14.18
29/6/98,14.07
26/6/98,14.13
25/6/98,14.03
24/6/98,14.6
23/6/98,13.43
22/6/98,13.43
19/6/98,11.84
18/6/98,11.77
17/6/98,12.6
16/6/98,11.98
15/6/98,11.56
12/6/98,12.59
11/6/98,12.75
10/6/98,13.48
9/6/98,13.85
8/6/98,14.55
5/6/98,15.07
4/6/98,15.12
3/6/98,14.81
2/6/98,14.84
1/6/98,14.96
29/5/98,15.2
28/5/98,14.85
27/5/98,14.99
26/5/98,14.82
22/5/98,12.96
21/5/98,12.96
20/5/98,12.96
19/5/98,12.96
18/5/98,14.07
15/5/98,14.47
14/5/98,15.08
13/5/98,14.95
12/5/98,15.24
11/5/98,15.17
8/5/98,15.13
7/5/98,15.24
6/5/98,15.37
5/5/98,15.47
4/5/98,15.95
1/5/98,16.13
30/4/98,15.39
29/4/98,15.32
28/4/98,15.74
27/4/98,15.32
24/4/98,15.09
23/4/98,15.19
22/4/98,15.45
21/4/98,15.45
20/4/98,15.41
17/4/98,15.46
16/4/98,15.9
15/4/98,15.46
14/4/98,15.12
13/4/98,15.32
9/4/98,15.56
8/4/98,15.55
7/4/98,15.22
6/4/98,15.45
3/4/98,15.99
2/4/98,15.74
1/4/98,15.54
31/3/98,15.61
30/3/98,16.21
27/3/98,16.76
26/3/98,16.83
25/3/98,16.48
24/3/98,15.92
23/3/98,14.32
20/3/98,14.32
19/3/98,14.31
18/3/98,14.34
17/3/98,13.21
16/3/98,13.28
13/3/98,14.06
12/3/98,14.2
11/3/98,14.18
10/3/98,14.26
9/3/98,14.33
6/3/98,14.91
5/3/98,15.33
4/3/98,15.32
3/3/98,15.27
2/3/98,15.34
27/2/98,15.44
26/2/98,15.35
25/2/98,15.45
24/2/98,15.31
23/2/98,15.37
20/2/98,16.15
19/2/98,16.16
18/2/98,16.25
17/2/98,15.66
13/2/98,16.02
12/2/98,15.96
11/2/98,16.15
10/2/98,16.43
9/2/98,16.63
6/2/98,16.7
5/2/98,16.58
4/2/98,16.37
3/2/98,16.5
2/2/98,17.05
30/1/98,17.21
29/1/98,17.82
28/1/98,17.31
27/1/98,16.98
26/1/98,16.82
23/1/98,15.74
22/1/98,16.42
21/1/98,16.42
20/1/98,16.42
16/1/98,16.51
15/1/98,16.34
14/1/98,16.45
13/1/98,16.43
12/1/98,16.47
9/1/98,16.63
8/1/98,16.97
7/1/98,16.82
6/1/98,16.91
5/1/98,16.89
2/1/98,17.43
31/12/97,17.64
30/12/97,17.6
29/12/97,17.62
26/12/97,18.2
24/12/97,18.35
23/12/97,18.33
22/12/97,18.39
19/12/97,18.39
18/12/97,18.52
17/12/97,18.19
16/12/97,18.17
15/12/97,18.17
12/12/97,18.21
11/12/97,18.15
10/12/97,18.14
9/12/97,18.67
8/12/97,18.84
5/12/97,18.71
4/12/97,18.6
3/12/97,18.8
2/12/97,18.76
1/12/97,18.66
26/11/97,19.15
25/11/97,19.73
24/11/97,19.83
21/11/97,19.76
20/11/97,19.16
19/11/97,19.8
18/11/97,20.04
17/11/97,20.26