Date,CP1 Comdty - Last Price
14/11/23,80320
13/11/23,79280
10/11/23,78750
9/11/23,78200
8/11/23,79120
7/11/23,81520
6/11/23,81550
2/11/23,81740
1/11/23,81700
31/10/23,84690
30/10/23,84690
27/10/23,84370
26/10/23,84930
25/10/23,84550
24/10/23,85180
23/10/23,85100
20/10/23,85760
19/10/23,85100
18/10/23,85150
17/10/23,84310
16/10/23,84840
13/10/23,82800
12/10/23,81650
11/10/23,82850
10/10/23,83000
6/10/23,80300
5/10/23,81890
4/10/23,86000
3/10/23,85230
2/10/23,87330
29/9/23,86560
28/9/23,86710
27/9/23,86630
26/9/23,86580
25/9/23,86600
22/9/23,86610
21/9/23,86240
20/9/23,86130
19/9/23,86860
15/9/23,86850
14/9/23,85610
13/9/23,85650
12/9/23,84400
11/9/23,84100
8/9/23,84000
7/9/23,85100
6/9/23,84300
5/9/23,82950
4/9/23,82740
1/9/23,80500
31/8/23,78790
30/8/23,78800
29/8/23,79080
28/8/23,78900
25/8/23,78450
24/8/23,78500
23/8/23,78740
22/8/23,78710
21/8/23,78520
18/8/23,78400
17/8/23,78250
16/8/23,78750
15/8/23,79470
14/8/23,79300
10/8/23,79980
9/8/23,78620
8/8/23,78350
7/8/23,78200
4/8/23,77420
3/8/23,76490
2/8/23,77570
1/8/23,76830
31/7/23,71400
28/7/23,71490
27/7/23,71580
26/7/23,71500
25/7/23,71300
24/7/23,70900
21/7/23,70670
20/7/23,70620
19/7/23,70590
18/7/23,69420
14/7/23,70380
13/7/23,70350
12/7/23,70000
11/7/23,69300
10/7/23,70300
7/7/23,69690
6/7/23,69570
5/7/23,69070
4/7/23,68400
3/7/23,68550
30/6/23,66660
29/6/23,66480
28/6/23,66290
27/6/23,66340
26/6/23,66220
23/6/23,66300
22/6/23,66810
21/6/23,66510
20/6/23,66300
19/6/23,66000
16/6/23,64900
15/6/23,64980
14/6/23,65180
13/6/23,63900
12/6/23,64810
9/6/23,65800
8/6/23,66680
7/6/23,65200
6/6/23,66100
5/6/23,66400
2/6/23,63900
1/6/23,62650
31/5/23,64580
30/5/23,64840
29/5/23,65230
26/5/23,64860
25/5/23,65390
24/5/23,65090
23/5/23,64660
22/5/23,64560
19/5/23,64350
18/5/23,64550
17/5/23,63510
16/5/23,63900
15/5/23,63230
12/5/23,62890
11/5/23,64540
10/5/23,64760
9/5/23,64600
8/5/23,64380
2/5/23,68350
1/5/23,68400
28/4/23,69930
27/4/23,69850
26/4/23,70100
25/4/23,70290
24/4/23,70050
21/4/23,69980
20/4/23,70670
19/4/23,71290
18/4/23,71550
17/4/23,71780
14/4/23,71490
13/4/23,71870
12/4/23,71460
11/4/23,70720
10/4/23,70360
7/4/23,69600
6/4/23,69900
5/4/23,70040
4/4/23,70770
3/4/23,69870
31/3/23,65970
30/3/23,65700
29/3/23,65800
28/3/23,65710
27/3/23,65240
24/3/23,65400
23/3/23,65420
22/3/23,65500
20/3/23,64570
17/3/23,65950
16/3/23,65610
15/3/23,67800
14/3/23,68200
13/3/23,70200
10/3/23,69800
9/3/23,70800
8/3/23,71350
7/3/23,72400
6/3/23,71500
3/3/23,71540
2/3/23,70880
1/3/23,70410
28/2/23,68510
27/2/23,68500
24/2/23,68650
22/2/23,68360
21/2/23,68300
20/2/23,68300
17/2/23,68750
16/2/23,69300
15/2/23,68700
14/2/23,68580
13/2/23,68450
10/2/23,67450
9/2/23,67710
8/2/23,66900
7/2/23,66300
6/2/23,64900
3/2/23,64800
2/2/23,65800
1/2/23,68000
31/1/23,65840
30/1/23,65990
27/1/23,66200
26/1/23,66080
25/1/23,66260
24/1/23,66450
23/1/23,66100
20/1/23,66000
19/1/23,65300
18/1/23,66600
17/1/23,65500
16/1/23,65000
13/1/23,64800
12/1/23,65300
11/1/23,63750
10/1/23,63400
6/1/23,64200
5/1/23,62870
4/1/23,64190
30/12/22,65640
29/12/22,65790
28/12/22,65790
27/12/22,65780
26/12/22,65500
23/12/22,65450
22/12/22,65600
21/12/22,65490
20/12/22,64900
19/12/22,65340
16/12/22,66110
15/12/22,66110
14/12/22,65260
13/12/22,65200
12/12/22,63590
9/12/22,63400
8/12/22,64000
7/12/22,65300
6/12/22,67400
5/12/22,68400
2/12/22,69510
1/12/22,68950
30/11/22,77100
29/11/22,77100
28/11/22,76500
25/11/22,77000
24/11/22,78000
22/11/22,77720
21/11/22,77500
18/11/22,79240
17/11/22,79100
16/11/22,79880
15/11/22,79890
14/11/22,83660
11/11/22,82150
10/11/22,81750
9/11/22,82990
8/11/22,85000
7/11/22,86000
4/11/22,85860
2/11/22,85430
1/11/22,84280
31/10/22,84280
28/10/22,84300
27/10/22,84250
26/10/22,84000
25/10/22,84080
24/10/22,84200
21/10/22,84130
20/10/22,83930
19/10/22,83400
18/10/22,84100
17/10/22,84850
14/10/22,85210
13/10/22,83850
12/10/22,85200
11/10/22,86000
7/10/22,85060
6/10/22,84200
5/10/22,82300
4/10/22,80750
3/10/22,79110
30/9/22,81800
29/9/22,81730
28/9/22,81890
27/9/22,81660
26/9/22,81720
22/9/22,83420
21/9/22,82510
20/9/22,83300
16/9/22,82700
15/9/22,83750
14/9/22,82900
13/9/22,83200
12/9/22,82300
9/9/22,81050
8/9/22,81000
7/9/22,82800
6/9/22,84100
5/9/22,83420
2/9/22,82830
1/9/22,83100
31/8/22,82030
30/8/22,82300
29/8/22,82280
26/8/22,81700
25/8/22,81390
24/8/22,81450
23/8/22,81000
22/8/22,80570
19/8/22,80400
18/8/22,79500
17/8/22,79300
16/8/22,79400
15/8/22,81500
12/8/22,81590
10/8/22,80590
9/8/22,81040
8/8/22,81040
5/8/22,79300
4/8/22,81200
3/8/22,82600
2/8/22,80700
1/8/22,84180
29/7/22,88500
28/7/22,88130
27/7/22,88560
26/7/22,88990
25/7/22,88000
22/7/22,89000
21/7/22,89350
20/7/22,89260
19/7/22,88900
15/7/22,86800
14/7/22,86400
13/7/22,85800
12/7/22,89110
11/7/22,89300
8/7/22,88200
7/7/22,85400
6/7/22,87200
5/7/22,94500
4/7/22,92520
1/7/22,89110
30/6/22,95500
29/6/22,96780
28/6/22,95200
27/6/22,94820
24/6/22,95000
23/6/22,94650
22/6/22,94820
21/6/22,95910
20/6/22,94920
17/6/22,97080
16/6/22,96850
15/6/22,97800
14/6/22,97900
13/6/22,97200
10/6/22,97700
9/6/22,98130
8/6/22,96230
7/6/22,95500
6/6/22,94800
3/6/22,91710
2/6/22,89810
1/6/22,90400
31/5/22,87730
30/5/22,87740
27/5/22,87100
26/5/22,87200
25/5/22,87490
24/5/22,86570
23/5/22,86950
20/5/22,86600
19/5/22,86500
18/5/22,87470
17/5/22,88000
16/5/22,88320
13/5/22,86150
12/5/22,84970
11/5/22,84020
10/5/22,83800
9/5/22,88930
6/5/22,88100
2/5/22,84240
28/4/22,81250
27/4/22,81190
26/4/22,81190
25/4/22,81440
22/4/22,82210
21/4/22,82190
20/4/22,82000
19/4/22,82990
18/4/22,82160
15/4/22,81700
14/4/22,80900
13/4/22,79000
12/4/22,77230
11/4/22,77000
8/4/22,76800
7/4/22,78190
6/4/22,80950
5/4/22,81410
4/4/22,79650
1/4/22,78200
31/3/22,82550
30/3/22,82800
29/3/22,82800
28/3/22,83830
25/3/22,83690
24/3/22,83900
23/3/22,85720
22/3/22,80460
18/3/22,80800
17/3/22,78810
16/3/22,78810
15/3/22,79800
14/3/22,81940
11/3/22,80910
10/3/22,82000
9/3/22,90170
8/3/22,88500
7/3/22,88750
4/3/22,79180
3/3/22,79080
2/3/22,76430
1/3/22,69900
28/2/22,67000
25/2/22,66980
24/2/22,67090
22/2/22,66500
21/2/22,66000
18/2/22,65740
17/2/22,65990
16/2/22,66140
15/2/22,66790
14/2/22,66800
10/2/22,65400
9/2/22,64850
8/2/22,65890
7/2/22,66330
4/2/22,64580
3/2/22,62930
2/2/22,63330
1/2/22,63480
31/1/22,60300
28/1/22,60280
27/1/22,60160
26/1/22,59920
25/1/22,59820
24/1/22,60220
21/1/22,59950
20/1/22,60380
19/1/22,60450
18/1/22,60280
17/1/22,59760
14/1/22,58460
13/1/22,58650
12/1/22,58650
11/1/22,57550
7/1/22,58400
6/1/22,57000
5/1/22,57250
4/1/22,56350
30/12/21,52480
29/12/21,52490
28/12/21,52500
27/12/21,52320
24/12/21,52150
23/12/21,52090
22/12/21,51710
21/12/21,51380
20/12/21,51200
17/12/21,52050
16/12/21,52200
15/12/21,51340
14/12/21,51800
13/12/21,52550
10/12/21,51790
9/12/21,53100
8/12/21,52590
7/12/21,51980
6/12/21,50150
3/12/21,49680
2/12/21,49050
1/12/21,50240
30/11/21,57570
29/11/21,57600
26/11/21,57970
25/11/21,59060
24/11/21,58350
22/11/21,57450
19/11/21,58300
18/11/21,57850
17/11/21,58490
16/11/21,58600
15/11/21,58150
12/11/21,58410
11/11/21,58450
10/11/21,59020
9/11/21,58050
8/11/21,58700
5/11/21,56530
4/11/21,57250
2/11/21,59210
1/11/21,58420
29/10/21,58000
28/10/21,58050
27/10/21,58190
26/10/21,58580
25/10/21,58250
22/10/21,58090
21/10/21,58400
20/10/21,58360
19/10/21,58090
18/10/21,58520
15/10/21,58000
14/10/21,57320
13/10/21,57100
12/10/21,57320
11/10/21,57110
8/10/21,56350
7/10/21,55150
6/10/21,56250
5/10/21,55010
4/10/21,53460
1/10/21,53100
30/9/21,50300
29/9/21,50370
28/9/21,50410
27/9/21,50410
24/9/21,50000
22/9/21,49450
21/9/21,49500
17/9/21,49750
16/9/21,49800
15/9/21,49390
14/9/21,49450
13/9/21,48980
10/9/21,48580
9/9/21,48740
8/9/21,48530
7/9/21,48770
6/9/21,48330
3/9/21,49300
2/9/21,48250
1/9/21,48700
31/8/21,48000
30/8/21,47890
27/8/21,47910
26/8/21,47890
25/8/21,47820
24/8/21,47510
23/8/21,46950
20/8/21,46960
19/8/21,47240
18/8/21,47900
17/8/21,47920
16/8/21,47960
13/8/21,48580
12/8/21,48830
11/8/21,48450
10/8/21,47860
6/8/21,48630
5/8/21,47840
4/8/21,48700
3/8/21,49050
2/8/21,50200
30/7/21,50590
29/7/21,50590
28/7/21,50580
27/7/21,50620
26/7/21,50520
21/7/21,49320
20/7/21,49290
19/7/21,50390
16/7/21,50570
15/7/21,50860
14/7/21,51750
13/7/21,51280
12/7/21,51200
9/7/21,50550
8/7/21,50180
7/7/21,50950
6/7/21,52560
5/7/21,51970
2/7/21,51840
1/7/21,50780
30/6/21,49580
29/6/21,49650
28/6/21,49700
25/6/21,49720
24/6/21,49570
23/6/21,49500
22/6/21,49500
21/6/21,49200
18/6/21,49000
17/6/21,49500
16/6/21,49480
15/6/21,49030
14/6/21,48860
11/6/21,48550
10/6/21,48350
9/6/21,48700
8/6/21,47900
7/6/21,48190
4/6/21,48250
3/6/21,48400
2/6/21,47460
1/6/21,47010
31/5/21,45530
28/5/21,45560
27/5/21,45440
26/5/21,45410
25/5/21,45420
24/5/21,45050
21/5/21,44800
20/5/21,45210
19/5/21,45500
18/5/21,45970
17/5/21,45450
14/5/21,44730
13/5/21,45500
12/5/21,45360
11/5/21,45200
10/5/21,45550
7/5/21,45480
6/5/21,46000
30/4/21,43150
28/4/21,43100
27/4/21,42770
26/4/21,42980
23/4/21,43090
22/4/21,42820
21/4/21,43160
20/4/21,43610
19/4/21,43420
16/4/21,43950
15/4/21,43730
14/4/21,42700
13/4/21,42420
12/4/21,42000
9/4/21,42200
8/4/21,42200
7/4/21,42300
6/4/21,42270
5/4/21,43540
2/4/21,44000
1/4/21,42800
31/3/21,43980
30/3/21,43930
29/3/21,43930
26/3/21,43890
25/3/21,43890
24/3/21,43540
23/3/21,44150
22/3/21,44150
19/3/21,43620
18/3/21,45000
17/3/21,45260
16/3/21,45340
15/3/21,45810
12/3/21,45470
11/3/21,44980
10/3/21,44450
9/3/21,45500
8/3/21,46350
5/3/21,44630
4/3/21,42480
3/3/21,41480
2/3/21,41350
1/3/21,42800
26/2/21,40340
25/2/21,40350
24/2/21,40190
22/2/21,40110
19/2/21,40120
18/2/21,40510
17/2/21,40300
16/2/21,40170
15/2/21,40200
12/2/21,39220
10/2/21,39250
9/2/21,39500
8/2/21,39140
5/2/21,38680
4/2/21,38350
3/2/21,37680
2/2/21,37200
1/2/21,36050
29/1/21,35700
28/1/21,35720
27/1/21,35720
26/1/21,35720
25/1/21,35700
22/1/21,35700
21/1/21,35730
20/1/21,35750
19/1/21,35500
18/1/21,35350
15/1/21,35760
14/1/21,35800
13/1/21,36410
12/1/21,36000
8/1/21,35260
7/1/21,34960
6/1/21,34350
5/1/21,32530
4/1/21,33870
30/12/20,32400
29/12/20,32400
28/12/20,32420
25/12/20,32440
24/12/20,32610
23/12/20,32390
22/12/20,32390
21/12/20,32500
18/12/20,32600
17/12/20,32750
16/12/20,32450
15/12/20,32350
14/12/20,32400
11/12/20,32270
10/12/20,31690
9/12/20,31670
8/12/20,31400
7/12/20,31500
4/12/20,31960
3/12/20,31220
2/12/20,30500
1/12/20,30710
30/11/20,28460
27/11/20,28460
26/11/20,28600
25/11/20,28420
24/11/20,28300
20/11/20,27950
19/11/20,27950
18/11/20,27760
17/11/20,28000
16/11/20,27660
13/11/20,27550
12/11/20,28050
11/11/20,28080
10/11/20,27070
9/11/20,26200
6/11/20,25650
5/11/20,26200
4/11/20,26500
2/11/20,23680
30/10/20,26990
29/10/20,26910
28/10/20,26920
27/10/20,27030
26/10/20,27200
23/10/20,27330
22/10/20,27080
21/10/20,27520
20/10/20,27380
19/10/20,27500
16/10/20,27520
15/10/20,27600
14/10/20,27310
13/10/20,27120
12/10/20,27300
9/10/20,27790
8/10/20,27330
7/10/20,27250
6/10/20,27030
5/10/20,26200
2/10/20,25700
1/10/20,27900
30/9/20,27690
29/9/20,27720
28/9/20,27630
25/9/20,27630
24/9/20,27550
23/9/20,27440
18/9/20,27920
17/9/20,27600
16/9/20,27190
15/9/20,26660
14/9/20,26960
11/9/20,27030
10/9/20,27400
9/9/20,26770
8/9/20,28000
7/9/20,28220
4/9/20,28880
3/9/20,29190
2/9/20,30260
1/9/20,29940
31/8/20,29230
28/8/20,29290
27/8/20,29290
26/8/20,29280
25/8/20,29210
24/8/20,29050
21/8/20,29130
20/8/20,29180
19/8/20,29200
18/8/20,29140
17/8/20,29100
14/8/20,29180
13/8/20,29220
12/8/20,29050
11/8/20,29220
7/8/20,29000
6/8/20,29180
5/8/20,28810
4/8/20,28530
3/8/20,28220
31/7/20,29080
30/7/20,29090
29/7/20,29100
28/7/20,29100
27/7/20,29100
22/7/20,29370
21/7/20,29130
20/7/20,29030
17/7/20,29130
16/7/20,29350
15/7/20,29200
14/7/20,28800
13/7/20,29130
10/7/20,28640
9/7/20,29210
8/7/20,29000
7/7/20,28800
6/7/20,29070
3/7/20,28880
2/7/20,28500
1/7/20,27860
30/6/20,27560
29/6/20,27460
26/6/20,27660
25/6/20,27320
24/6/20,27640
23/6/20,27730
22/6/20,27580
19/6/20,27580
18/6/20,27100
17/6/20,27000
16/6/20,26840
15/6/20,26070
12/6/20,26300
11/6/20,27250
10/6/20,27570
9/6/20,27800
8/6/20,29070
5/6/20,27370
4/6/20,26570
3/6/20,27270
2/6/20,26150
1/6/20,25500
29/5/20,20560
28/5/20,20760
27/5/20,20890
26/5/20,20890
25/5/20,20810
22/5/20,20710
21/5/20,21180
20/5/20,20770
19/5/20,21080
18/5/20,20910
15/5/20,20560
14/5/20,18450
13/5/20,18110
12/5/20,18070
11/5/20,18580
8/5/20,18500
7/5/20,17950
1/5/20,17850
30/4/20,13770
28/4/20,13740
27/4/20,13740
24/4/20,13740
23/4/20,13190
22/4/20,12820
21/4/20,14410
20/4/20,14980
17/4/20,15330
16/4/20,14900
15/4/20,15040
14/4/20,16910
13/4/20,17800
10/4/20,18150
9/4/20,17390
8/4/20,18100
7/4/20,19750
6/4/20,20370
3/4/20,17200
2/4/20,16160
1/4/20,16700
31/3/20,22830
30/3/20,22670
27/3/20,22900
26/3/20,23000
25/3/20,23280
24/3/20,23280
23/3/20,22860
19/3/20,22920
18/3/20,23600
17/3/20,23920
16/3/20,24300
13/3/20,24300
12/3/20,23900
11/3/20,25640
10/3/20,25180
9/3/20,22170
6/3/20,32840
5/3/20,34650
4/3/20,35000
3/3/20,35040
2/3/20,34240
28/2/20,37550
27/2/20,37650
26/2/20,37850
25/2/20,38080
21/2/20,38550
20/2/20,38740
19/2/20,38380
18/2/20,38030
17/2/20,38090
14/2/20,37980
13/2/20,37810
12/2/20,37420
10/2/20,37250
7/2/20,37780
6/2/20,38560
5/2/20,36950
4/2/20,36820
3/2/20,37570
31/1/20,44300
30/1/20,44260
29/1/20,44370
28/1/20,44290
27/1/20,44320
24/1/20,44760
23/1/20,44690
22/1/20,45300
21/1/20,45300
20/1/20,45650
17/1/20,45320
16/1/20,45340
15/1/20,45250
14/1/20,45250
10/1/20,45520
9/1/20,45550
8/1/20,47030
7/1/20,46410
6/1/20,47380
30/12/19,44550
27/12/19,44560
26/12/19,44540
25/12/19,44540
24/12/19,44370
23/12/19,44270
20/12/19,44410
19/12/19,44410
18/12/19,44130
17/12/19,44130
16/12/19,43920
13/12/19,43690
12/12/19,43190
11/12/19,43240
10/12/19,43310
9/12/19,43230
6/12/19,42900
5/12/19,42830
4/12/19,41750
3/12/19,41890
2/12/19,42000
29/11/19,42470
28/11/19,42460
27/11/19,42500
26/11/19,42460
25/11/19,42420
22/11/19,42400
21/11/19,42110
20/11/19,41710
19/11/19,42010
18/11/19,42420
15/11/19,42160
14/11/19,42260
13/11/19,41900
12/11/19,42250
11/11/19,41750
8/11/19,41910
7/11/19,41390
6/11/19,41960
5/11/19,41680
1/11/19,39810
31/10/19,40290
30/10/19,40300
29/10/19,40400
28/10/19,40450
25/10/19,40310
24/10/19,40270
23/10/19,40000
21/10/19,39960
18/10/19,39970
17/10/19,39780
16/10/19,39700
15/10/19,39750
11/10/19,40300
10/10/19,39110
9/10/19,39030
8/10/19,39650
7/10/19,39010
4/10/19,38710
3/10/19,38610
2/10/19,39860
1/10/19,39750
30/9/19,41250
27/9/19,41250
26/9/19,41250
25/9/19,41250
24/9/19,41530
20/9/19,41660
19/9/19,41350
18/9/19,41450
17/9/19,42550
13/9/19,39500
12/9/19,40050
11/9/19,40610
10/9/19,40630
9/9/19,40030
6/9/19,39360
5/9/19,39040
4/9/19,37900
3/9/19,38230
2/9/19,38610
30/8/19,39470
29/8/19,39420
28/8/19,39450
27/8/19,39280
26/8/19,39240
23/8/19,39760
22/8/19,39640
21/8/19,39660
20/8/19,39420
19/8/19,39150
16/8/19,39000
15/8/19,39040
14/8/19,39740
13/8/19,38730
9/8/19,38390
8/8/19,38650
7/8/19,39100
6/8/19,39960
5/8/19,40070
2/8/19,40860
1/8/19,43120
31/7/19,43040
30/7/19,42960
29/7/19,42930
26/7/19,42970
25/7/19,42900
24/7/19,42950
23/7/19,42800
22/7/19,42780
19/7/19,42650
18/7/19,42800
17/7/19,43010
16/7/19,43630
12/7/19,43980
11/7/19,43810
10/7/19,43120
9/7/19,42790
8/7/19,42580
5/7/19,41940
4/7/19,41920
3/7/19,41540
2/7/19,43580
1/7/19,44140
28/6/19,42010
27/6/19,42020
26/6/19,42050
25/6/19,41820
24/6/19,42050
21/6/19,41750
20/6/19,41450
19/6/19,41380
18/6/19,40840
17/6/19,41310
14/6/19,41190
13/6/19,40920
12/6/19,41100
11/6/19,41860
10/6/19,42100
7/6/19,41400
6/6/19,40240
5/6/19,40970
4/6/19,40660
3/6/19,40990
31/5/19,48000
30/5/19,48200
29/5/19,48250
28/5/19,48340
27/5/19,48140
24/5/19,48210
23/5/19,48740
22/5/19,49100
21/5/19,49300
20/5/19,49530
17/5/19,49270
16/5/19,49150
15/5/19,48660
14/5/19,48510
13/5/19,48600
10/5/19,48670
9/5/19,48060
8/5/19,48440
7/5/19,49160
26/4/19,50030
25/4/19,49920
24/4/19,49920
23/4/19,49900
22/4/19,49700
19/4/19,49350
18/4/19,49300
17/4/19,49420
16/4/19,48920
15/4/19,48950
12/4/19,48990
11/4/19,48930
10/4/19,48820
9/4/19,49000
8/4/19,48890
5/4/19,48230
4/4/19,48180
3/4/19,48510
2/4/19,48060
1/4/19,47180
29/3/19,46820
28/3/19,46760
27/3/19,46850
26/3/19,46760
25/3/19,46640
22/3/19,46900
20/3/19,46990
19/3/19,46950
18/3/19,46790
15/3/19,46900
14/3/19,47100
13/3/19,46670
12/3/19,46520
11/3/19,46240
8/3/19,46070
7/3/19,46480
6/3/19,45950
5/3/19,45960
4/3/19,45900
1/3/19,46700
28/2/19,44810
27/2/19,44790
26/2/19,44660
25/2/19,45080
22/2/19,45000
21/2/19,44910
20/2/19,44800
19/2/19,44630
18/2/19,44980
15/2/19,44420
14/2/19,44370
13/2/19,43600
12/2/19,43190
8/2/19,42500
7/2/19,43150
6/2/19,42830
5/2/19,43380
4/2/19,43260
1/2/19,41450
31/1/19,40520
30/1/19,40510
29/1/19,40460
28/1/19,40680
25/1/19,40680
24/1/19,40550
23/1/19,40800
22/1/19,40850
21/1/19,40930
18/1/19,40530
17/1/19,40180
16/1/19,40030
15/1/19,39750
11/1/19,40380
10/1/19,39850
9/1/19,39480
8/1/19,38190
7/1/19,38380
4/1/19,37540
28/12/18,40480
27/12/18,40500
26/12/18,40180
25/12/18,40110
21/12/18,40320
20/12/18,41000
19/12/18,41100
18/12/18,41570
17/12/18,42300
14/12/18,42650
13/12/18,42290
12/12/18,42400
11/12/18,41960
10/12/18,42890
7/12/18,41410
6/12/18,42600
5/12/18,43040
4/12/18,43700
3/12/18,43880
30/11/18,46700
29/11/18,46690
28/11/18,46790
27/11/18,46750
26/11/18,46730
22/11/18,47350
21/11/18,47280
20/11/18,47980
19/11/18,48080
16/11/18,48330
15/11/18,48000
14/11/18,47800
13/11/18,49540
12/11/18,50640
9/11/18,50280
8/11/18,50760
7/11/18,50650
6/11/18,50960
5/11/18,50790
2/11/18,51430
1/11/18,52150
31/10/18,56400
30/10/18,56420
29/10/18,56270
26/10/18,56340
25/10/18,56150
24/10/18,56290
23/10/18,56910
22/10/18,56970
19/10/18,56750
18/10/18,57000
17/10/18,57330
16/10/18,57070
15/10/18,57350
12/10/18,57540
11/10/18,57620
10/10/18,59290
9/10/18,59270
5/10/18,59930
4/10/18,60560
3/10/18,59450
2/10/18,59370
1/10/18,58180
28/9/18,54490
27/9/18,54460
26/9/18,54430
25/9/18,54450
21/9/18,53940
20/9/18,54130
19/9/18,53980
18/9/18,53550
14/9/18,53730
13/9/18,53950
12/9/18,54100
11/9/18,53010
10/9/18,52700
7/9/18,52310
6/9/18,52930
5/9/18,53300
4/9/18,53390
3/9/18,52590
31/8/18,50740
30/8/18,50760
29/8/18,50580
28/8/18,50600
27/8/18,50540
24/8/18,50390
23/8/18,50170
22/8/18,49770
21/8/18,49690
20/8/18,49600
17/8/18,49610
16/8/18,49500
15/8/18,50060
14/8/18,50100
13/8/18,49900
10/8/18,49800
9/8/18,50050
8/8/18,50990
7/8/18,50660
6/8/18,50250
3/8/18,50320
2/8/18,49900
1/8/18,50810
31/7/18,51290
30/7/18,51200
27/7/18,51190
26/7/18,51200
25/7/18,51000
24/7/18,50800
23/7/18,50670
20/7/18,50890
19/7/18,51030
18/7/18,50900
17/7/18,50750
13/7/18,51690
12/7/18,51520
11/7/18,52670
10/7/18,52680
9/7/18,51850
6/7/18,51850
5/7/18,52000
4/7/18,52180
3/7/18,52270
2/7/18,52480
29/6/18,50950
28/6/18,51000
27/6/18,50950
26/6/18,50550
25/6/18,50520
22/6/18,50500
21/6/18,50600
20/6/18,50700
19/6/18,50560
18/6/18,50270
15/6/18,51370
14/6/18,51440
13/6/18,51330
12/6/18,51530
11/6/18,51330
8/6/18,51380
7/6/18,51000
6/6/18,51000
5/6/18,50630
4/6/18,50850
1/6/18,51060
31/5/18,51450
30/5/18,51390
29/5/18,51450
28/5/18,51310
25/5/18,51700
24/5/18,51780
23/5/18,51790
22/5/18,51870
21/5/18,51850
18/5/18,51870
17/5/18,51700
16/5/18,51210
15/5/18,51100
14/5/18,50510
11/5/18,50900
10/5/18,51120
9/5/18,50360
8/5/18,49710
7/5/18,49950
2/5/18,48600
1/5/18,49280
27/4/18,46300
26/4/18,46350
25/4/18,46270
24/4/18,46390
23/4/18,46100
20/4/18,46080
19/4/18,46060
18/4/18,45700
17/4/18,45280
16/4/18,45450
13/4/18,45400
12/4/18,45440
11/4/18,45080
10/4/18,44320
9/4/18,43660
6/4/18,43650
5/4/18,43830
4/4/18,43470
3/4/18,43240
2/4/18,44460
30/3/18,41850
29/3/18,41900
28/3/18,41900
27/3/18,41970
26/3/18,41950
23/3/18,41840
22/3/18,42030
20/3/18,41360
19/3/18,41280
16/3/18,41110
15/3/18,41080
14/3/18,41010
13/3/18,41270
12/3/18,41300
9/3/18,40650
8/3/18,40670
7/3/18,41050
6/3/18,41460
5/3/18,40640
2/3/18,40370
1/3/18,41360
28/2/18,42640
27/2/18,42640
26/2/18,42560
23/2/18,42570
22/2/18,42350
21/2/18,42400
20/2/18,42520
19/2/18,42540
16/2/18,42130
15/2/18,42360
14/2/18,41720
13/2/18,42130
9/2/18,42950
8/2/18,43370
7/2/18,44320
6/2/18,44090
5/2/18,45090
2/2/18,46070
1/2/18,45340
31/1/18,46130
30/1/18,46150
29/1/18,46150
26/1/18,46150
25/1/18,46250
24/1/18,46260
23/1/18,46370
22/1/18,46220
19/1/18,46180
18/1/18,46450
17/1/18,46300
16/1/18,46680
15/1/18,46590
12/1/18,46380
11/1/18,46550
10/1/18,46840
9/1/18,46360
5/1/18,46390
4/1/18,46390
29/12/17,43770
28/12/17,43800
27/12/17,43870
26/12/17,43680
25/12/17,43680
22/12/17,43660
21/12/17,43630
20/12/17,43460
19/12/17,43270
18/12/17,43280
15/12/17,43050
14/12/17,42880
13/12/17,43480
12/12/17,44270
11/12/17,43400
8/12/17,42800
7/12/17,42150
6/12/17,42720
5/12/17,42670
4/12/17,43350
1/12/17,42740
30/11/17,43250
29/11/17,43200
28/11/17,43160
27/11/17,43140
24/11/17,43090
22/11/17,43110
21/11/17,43000
20/11/17,43110
17/11/17,42840
16/11/17,43000
15/11/17,43140
14/11/17,43700
13/11/17,43860
10/11/17,43880
9/11/17,43820
8/11/17,43840
7/11/17,44360
6/11/17,43500
2/11/17,42150
1/11/17,42420
31/10/17,39500
30/10/17,39560
27/10/17,39490
26/10/17,39350
25/10/17,39500
24/10/17,39330
23/10/17,39380
20/10/17,39100
19/10/17,39300
18/10/17,39110
17/10/17,39010
16/10/17,39050
13/10/17,38570
12/10/17,38630
11/10/17,38600
10/10/17,38300
6/10/17,39060
5/10/17,38640
4/10/17,38450
3/10/17,38790
2/10/17,39200
29/9/17,37350
28/9/17,37300
27/9/17,37440
26/9/17,37550
25/9/17,37280
22/9/17,37220
21/9/17,37140
20/9/17,36910
19/9/17,36990
15/9/17,36770
14/9/17,36610
13/9/17,36160
12/9/17,35880
11/9/17,35780
8/9/17,36040
7/9/17,35880
6/9/17,35520
5/9/17,35060
4/9/17,35080
1/9/17,35460
31/8/17,34720
30/8/17,34740
29/8/17,34700
28/8/17,34760
25/8/17,34670
24/8/17,34700
23/8/17,34700
22/8/17,34660
21/8/17,34830
18/8/17,34350
17/8/17,34340
16/8/17,34760
15/8/17,34660
14/8/17,34960
10/8/17,35400
9/8/17,35040
8/8/17,35300
7/8/17,35400
4/8/17,35090
3/8/17,35310
2/8/17,34850
1/8/17,35600
31/7/17,33640
28/7/17,33630
27/7/17,33590
26/7/17,33510
25/7/17,33300
24/7/17,33220
21/7/17,33600
20/7/17,33690
19/7/17,33400
18/7/17,33280
14/7/17,33400
13/7/17,33190
12/7/17,33430
11/7/17,33130
10/7/17,33050
7/7/17,33290
6/7/17,33550
5/7/17,34400
4/7/17,34310
3/7/17,33760
30/6/17,32410
29/6/17,32440
28/6/17,32340
27/6/17,32250
26/6/17,32240
23/6/17,32210
22/6/17,32020
21/6/17,32240
20/6/17,32500
19/6/17,32500
16/6/17,32470
15/6/17,32390
14/6/17,32830
13/6/17,32980
12/6/17,33010
9/6/17,32750
8/6/17,32890
7/6/17,33540
6/6/17,33510
5/6/17,34280
2/6/17,34480
1/6/17,34850
31/5/17,35680
30/5/17,35690
29/5/17,35730
26/5/17,35620
25/5/17,36040
24/5/17,36060
23/5/17,35920
22/5/17,36030
19/5/17,35680
18/5/17,35390
17/5/17,35290
16/5/17,35720
15/5/17,35550
12/5/17,35270
11/5/17,35260
10/5/17,34520
9/5/17,34630
8/5/17,34740
2/5/17,35420
1/5/17,35640
28/4/17,36330
27/4/17,36250
26/4/17,36270
25/4/17,36190
24/4/17,36280
21/4/17,36340
20/4/17,36310
19/4/17,36640
18/4/17,36910
17/4/17,36900
14/4/17,37260
13/4/17,37100
12/4/17,37430
11/4/17,37540
10/4/17,37420
7/4/17,37500
6/4/17,36350
5/4/17,36660
4/4/17,35700
3/4/17,36320
31/3/17,36380
30/3/17,36450
29/3/17,36360
28/3/17,36300
27/3/17,36270
24/3/17,36300
23/3/17,36480
22/3/17,36350
21/3/17,36750
17/3/17,36900
16/3/17,37070
15/3/17,37060
14/3/17,37050
13/3/17,37000
10/3/17,37720
9/3/17,38000
8/3/17,38830
7/3/17,39040
6/3/17,38830
3/3/17,38780
2/3/17,39340
1/3/17,39280
28/2/17,38740
27/2/17,38750
24/2/17,38780
23/2/17,38750
22/2/17,38850
21/2/17,38830
20/2/17,38650
17/2/17,38650
16/2/17,38700
15/2/17,38750
14/2/17,38490
13/2/17,39090
10/2/17,38700
9/2/17,38250
8/2/17,37730
7/2/17,38380
6/2/17,39190
3/2/17,39130
2/2/17,38640
1/2/17,37930
31/1/17,38780
30/1/17,38820
27/1/17,38830
26/1/17,38710
25/1/17,38690
24/1/17,38620
23/1/17,38750
20/1/17,38650
19/1/17,38560
18/1/17,38720
17/1/17,38670
16/1/17,38740
13/1/17,39280
12/1/17,38600
11/1/17,38380
10/1/17,38750
6/1/17,39780
5/1/17,39670
4/1/17,39770
30/12/16,37920
29/12/16,37920
28/12/16,37970
27/12/16,37790
26/12/16,37610
22/12/16,37720
21/12/16,37990
20/12/16,37850
19/12/16,38050
16/12/16,37730
15/12/16,37550
14/12/16,37540
13/12/16,37760
12/12/16,38350
9/12/16,36890
8/12/16,36060
7/12/16,36610
6/12/16,36970
5/12/16,36340
2/12/16,36040
1/12/16,35550
30/11/16,29830
29/11/16,29910
28/11/16,29840
25/11/16,29950
24/11/16,30050
22/11/16,30130
21/11/16,29720
18/11/16,29350
17/11/16,29280
16/11/16,29550
15/11/16,28680
14/11/16,28540
11/11/16,28610
10/11/16,28730
9/11/16,27470
8/11/16,28460
7/11/16,28370
4/11/16,28190
2/11/16,29210
1/11/16,29970
31/10/16,31980
28/10/16,32100
27/10/16,32000
26/10/16,31930
25/10/16,32090
24/10/16,32080
21/10/16,31970
20/10/16,32290
19/10/16,32160
18/10/16,32110
17/10/16,32240
14/10/16,32290
13/10/16,31810
12/10/16,32300
11/10/16,32610
7/10/16,32340
6/10/16,31750
5/10/16,31450
4/10/16,30830
3/10/16,30080
30/9/16,27800
29/9/16,27910
28/9/16,27570
27/9/16,27750
26/9/16,27700
23/9/16,27900
21/9/16,27870
20/9/16,27560
16/9/16,27840
15/9/16,27720
14/9/16,28300
13/9/16,28420
12/9/16,28180
9/9/16,29000
8/9/16,28690
7/9/16,28000
6/9/16,28850
5/9/16,28070
2/9/16,27490
1/9/16,28500
31/8/16,27850
30/8/16,27890
29/8/16,27860
26/8/16,27820
25/8/16,27770
24/8/16,27790
23/8/16,27700
22/8/16,27980
19/8/16,28350
18/8/16,27970
17/8/16,27880
16/8/16,27300
15/8/16,27200
12/8/16,27070
10/8/16,26280
9/8/16,26700
8/8/16,26300
5/8/16,25870
4/8/16,25720
3/8/16,24660
2/8/16,25240
1/8/16,26310
29/7/16,27810
28/7/16,27820
27/7/16,27950
26/7/16,27910
25/7/16,28060
22/7/16,28080
21/7/16,28530
20/7/16,28360
19/7/16,28400
15/7/16,28460
14/7/16,28370
13/7/16,28670
12/7/16,27900
11/7/16,27570
8/7/16,27430
7/7/16,28480
6/7/16,28040
5/7/16,29050
4/7/16,29920
1/7/16,29410
30/6/16,30740
29/6/16,30670
28/6/16,30590
27/6/16,30670
24/6/16,30600
23/6/16,30970
22/6/16,31110
21/6/16,30970
20/6/16,30900
17/6/16,30380
16/6/16,30600
15/6/16,31140
14/6/16,31340
13/6/16,31310
10/6/16,32170
9/6/16,32600
8/6/16,32050
7/6/16,31720
6/6/16,31090
3/6/16,31910
2/6/16,31690
1/6/16,31650
31/5/16,30390
30/5/16,30380
27/5/16,30350
26/5/16,30450
25/5/16,30410
24/5/16,30160
23/5/16,30260
20/5/16,30520
19/5/16,30220
18/5/16,30440
17/5/16,30460
16/5/16,30030
13/5/16,29730
12/5/16,29820
11/5/16,28750
10/5/16,28010
9/5/16,28920
6/5/16,28010
2/5/16,28900
28/4/16,26840
27/4/16,26850
26/4/16,26700
25/4/16,26760
22/4/16,26750
21/4/16,26900
20/4/16,26120
19/4/16,26230
18/4/16,25410
15/4/16,26560
14/4/16,26400
13/4/16,26660
12/4/16,25890
11/4/16,25540
8/4/16,24770
7/4/16,24930
6/4/16,24430
5/4/16,23950
4/4/16,24370
1/4/16,25600
31/3/16,24990
30/3/16,24980
29/3/16,25020
28/3/16,25100
25/3/16,24770
24/3/16,24980
23/3/16,25380
22/3/16,25230
18/3/16,25150
17/3/16,24900
16/3/16,24450
15/3/16,24410
14/3/16,24960
11/3/16,25090
10/3/16,25150
9/3/16,24430
8/3/16,25000
7/3/16,24650
4/3/16,23350
3/3/16,23050
2/3/16,23050
1/3/16,22950
29/2/16,21240
26/2/16,21250
25/2/16,21250
24/2/16,21000
23/2/16,21280
22/2/16,21130
19/2/16,21300
18/2/16,21650
17/2/16,20690
16/2/16,21680
15/2/16,21160
12/2/16,19970
10/2/16,19520
9/2/16,20790
8/2/16,22350
5/2/16,22230
4/2/16,23360
3/2/16,21380
2/2/16,22220
1/2/16,24100
29/1/16,19960
28/1/16,19820
27/1/16,19800
26/1/16,19500
25/1/16,20480
22/1/16,19790
21/1/16,19100
20/1/16,19100
19/1/16,19670
18/1/16,19190
15/1/16,20030
14/1/16,19990
13/1/16,20410
12/1/16,19820
8/1/16,22200
7/1/16,21110
6/1/16,23330
5/1/16,24330
4/1/16,25340
30/12/15,26500
29/12/15,26460
28/12/15,26610
25/12/15,26550
24/12/15,26780
22/12/15,26540
21/12/15,26400
18/12/15,26770
17/12/15,26770
16/12/15,27260
15/12/15,26810
14/12/15,26870
11/12/15,28010
10/12/15,28230
9/12/15,28470
8/12/15,28850
7/12/15,30000
4/12/15,30810
3/12/15,30870
2/12/15,31280
1/12/15,31920
30/11/15,32130
27/11/15,32230
26/11/15,32320
25/11/15,32400
24/11/15,32170
20/11/15,32140
19/11/15,32240
18/11/15,31900
17/11/15,32210
16/11/15,32160
13/11/15,32550
12/11/15,33500
11/11/15,34080
10/11/15,34330
9/11/15,34620
6/11/15,34580
5/11/15,34560
4/11/15,35860
2/11/15,35570
30/10/15,34700
29/10/15,34710
28/10/15,34580
27/10/15,34580
26/10/15,34710
23/10/15,34800
22/10/15,34700
21/10/15,34920
20/10/15,34870
19/10/15,35350
16/10/15,35460
15/10/15,35140
14/10/15,35270
13/10/15,35500
9/10/15,37590
8/10/15,36250
7/10/15,37180
6/10/15,35390
5/10/15,34660
2/10/15,34330
1/10/15,34920
30/9/15,34300
29/9/15,34280
28/9/15,34370
25/9/15,34460
24/9/15,34360
18/9/15,34480
17/9/15,34990
16/9/15,34130
15/9/15,34140
14/9/15,34920
11/9/15,35480
10/9/15,34650
9/9/15,36050
8/9/15,34630
7/9/15,35490
4/9/15,36180
3/9/15,36670
2/9/15,35070
1/9/15,38910
31/8/15,36950
28/8/15,37000
27/8/15,36540
26/8/15,36480
25/8/15,36300
24/8/15,36690
21/8/15,37300
20/8/15,37750
19/8/15,38320
18/8/15,38440
17/8/15,38440
14/8/15,38880
13/8/15,39270
12/8/15,38640
11/8/15,39400
10/8/15,38270
7/8/15,39240
6/8/15,38970
5/8/15,39500
4/8/15,38730
3/8/15,40460
31/7/15,43620
30/7/15,43590
29/7/15,43600
28/7/15,43590
27/7/15,43890
24/7/15,44000
23/7/15,44020
22/7/15,44210
21/7/15,44150
17/7/15,44380
16/7/15,44420
15/7/15,44850
14/7/15,44600
13/7/15,44280
10/7/15,45270
9/7/15,44360
8/7/15,43500
7/7/15,43950
6/7/15,45300
3/7/15,47280
2/7/15,47690
1/7/15,47700
30/6/15,48120
29/6/15,48200
26/6/15,48300
25/6/15,48350
24/6/15,48350
23/6/15,48200
22/6/15,48080
19/6/15,48360
18/6/15,48210
17/6/15,48310
16/6/15,48360
15/6/15,48500
12/6/15,48940
11/6/15,48970
10/6/15,48860
9/6/15,47680
8/6/15,48310
5/6/15,47520
4/6/15,48400
3/6/15,49380
2/6/15,49390
1/6/15,49320
29/5/15,48230
28/5/15,48170
27/5/15,48200
26/5/15,48320
25/5/15,48250
22/5/15,48500
21/5/15,48250
20/5/15,47850
19/5/15,48420
18/5/15,48730
15/5/15,48380
14/5/15,48400
13/5/15,48850
12/5/15,47850
11/5/15,47900
8/5/15,47660
7/5/15,48760
1/5/15,47910
30/4/15,44050
28/4/15,43900
27/4/15,43950
24/4/15,43880
23/4/15,43680
22/4/15,43500
21/4/15,43900
20/4/15,44040
17/4/15,43800
16/4/15,43860
15/4/15,42750
14/4/15,42290
13/4/15,42140
10/4/15,41600
9/4/15,41280
8/4/15,42220
7/4/15,41900
6/4/15,40950
3/4/15,40440
2/4/15,41630
1/4/15,40610
31/3/15,41510
30/3/15,41510
27/3/15,41710
26/3/15,41610
25/3/15,41290
24/3/15,41320
23/3/15,41200
20/3/15,41140
19/3/15,41340
18/3/15,41020
17/3/15,41250
16/3/15,41490
13/3/15,42610
12/3/15,43030
11/3/15,42690
10/3/15,43580
9/3/15,43810
6/3/15,44340
5/3/15,44320
4/3/15,44510
3/3/15,44560
2/3/15,45500
27/2/15,41630
26/2/15,41690
25/2/15,41560
24/2/15,41610
23/2/15,41930
20/2/15,42260
19/2/15,41970
18/2/15,42330
17/2/15,42200
16/2/15,41910
13/2/15,41480
12/2/15,40760
10/2/15,41100
9/2/15,41340
6/2/15,40820
5/2/15,37890
4/2/15,41350
3/2/15,39260
2/2/15,36920
30/1/15,34300
29/1/15,34300
28/1/15,34320
27/1/15,34330
26/1/15,34090
23/1/15,34350
22/1/15,34320
21/1/15,34090
20/1/15,34340
19/1/15,34380
16/1/15,33830
15/1/15,34330
14/1/15,33220
13/1/15,33600
9/1/15,36550
8/1/15,36950
7/1/15,36190
6/1/15,38040
5/1/15,40630
30/12/14,45620
29/12/14,45870
26/12/14,46020
25/12/14,46020
24/12/14,46100
22/12/14,46190
19/12/14,45550
18/12/14,45940
17/12/14,44930
16/12/14,45500
15/12/14,46490
12/12/14,47180
11/12/14,47500
10/12/14,48700
9/12/14,48770
8/12/14,50670
5/12/14,50570
4/12/14,51310
3/12/14,51440
2/12/14,52240
1/12/14,49550
28/11/14,56350
27/11/14,56520
26/11/14,56640
25/11/14,56830
21/11/14,56800
20/11/14,56600
19/11/14,56570
18/11/14,56410
17/11/14,56200
14/11/14,55670
13/11/14,57000
12/11/14,57340
11/11/14,57800
10/11/14,58350
7/11/14,57910
6/11/14,57890
5/11/14,57550
4/11/14,58110
31/10/14,58890
30/10/14,58870
29/10/14,58750
28/10/14,58700
27/10/14,58820
24/10/14,58800
23/10/14,58340
22/10/14,58540
21/10/14,58470
20/10/14,59200
17/10/14,58760
16/10/14,57850
15/10/14,59040
14/10/14,60350
10/10/14,60290
9/10/14,61770
8/10/14,61900
7/10/14,62930
6/10/14,62920
3/10/14,63650
2/10/14,63900
1/10/14,65130
30/9/14,65250
29/9/14,65230
26/9/14,65250
25/9/14,65260
24/9/14,65160
22/9/14,65300
19/9/14,65360
18/9/14,65360
17/9/14,65280
16/9/14,65000
12/9/14,65300
11/9/14,65260
10/9/14,65620
9/9/14,65800
8/9/14,65690
5/9/14,66180
4/9/14,66240
3/9/14,65710
2/9/14,66660
1/9/14,66670
29/8/14,66040
28/8/14,65960
27/8/14,66100
26/8/14,65960
25/8/14,65950
22/8/14,65900
21/8/14,65900
20/8/14,65800
19/8/14,65710
18/8/14,65720
15/8/14,66020
14/8/14,66320
13/8/14,66100
12/8/14,66560
11/8/14,66720
8/8/14,67160
7/8/14,66740
6/8/14,66920
5/8/14,67140
4/8/14,67300
1/8/14,67650
31/7/14,68000
30/7/14,68040
29/7/14,67950
28/7/14,67950
25/7/14,67920
24/7/14,67900
23/7/14,67800
22/7/14,67950
18/7/14,67900
17/7/14,67720
16/7/14,67730
15/7/14,67850
14/7/14,67700
11/7/14,68250
10/7/14,68100
9/7/14,68300
8/7/14,68810
7/7/14,69170
4/7/14,69350
3/7/14,69300
2/7/14,69570
1/7/14,69470
30/6/14,69380
27/6/14,69350
26/6/14,69400
25/6/14,69450
24/6/14,69460
23/6/14,69580
20/6/14,69700
19/6/14,69750
18/6/14,69510
17/6/14,69310
16/6/14,69270
13/6/14,69300
12/6/14,68290
11/6/14,68140
10/6/14,68160
9/6/14,67790
6/6/14,67950
5/6/14,67790
4/6/14,68220
3/6/14,67860
2/6/14,67950
30/5/14,67710
29/5/14,67750
28/5/14,67720
27/5/14,67840
26/5/14,67750
23/5/14,67810
22/5/14,67850
21/5/14,67620
20/5/14,67610
19/5/14,67790
16/5/14,67600
15/5/14,67620
14/5/14,67620
13/5/14,67340
12/5/14,67100
9/5/14,67010
8/5/14,66880
7/5/14,66340
2/5/14,67390
1/5/14,67510
30/4/14,67650
28/4/14,67730
25/4/14,67760
24/4/14,67690
23/4/14,67720
22/4/14,67750
21/4/14,67680
18/4/14,67650
17/4/14,67650
16/4/14,67630
15/4/14,67390
14/4/14,66960
11/4/14,66820
10/4/14,66870
9/4/14,66890
8/4/14,66860
7/4/14,66750
4/4/14,67410
3/4/14,66640
2/4/14,67000
1/4/14,67770
31/3/14,67110
28/3/14,67140
27/3/14,67100
26/3/14,67100
25/3/14,67050
24/3/14,67050
20/3/14,67030
19/3/14,66900
18/3/14,66950
17/3/14,67370
14/3/14,67000
13/3/14,67350
12/3/14,67540
11/3/14,67820
10/3/14,67690
7/3/14,67780
6/3/14,67530
5/3/14,67920
4/3/14,68410
3/3/14,68290
28/2/14,67440
27/2/14,67460
26/2/14,67430
25/2/14,67720
24/2/14,67700
21/2/14,67630
20/2/14,67550
19/2/14,67700
18/2/14,67620
17/2/14,67210
14/2/14,67090
13/2/14,66940
12/2/14,67190
10/2/14,67170
7/2/14,66330
6/2/14,65450
5/2/14,65270
4/2/14,64790
3/2/14,65940
31/1/14,68000
30/1/14,67990
29/1/14,68100
28/1/14,68010
27/1/14,68000
24/1/14,68250
23/1/14,68530
22/1/14,68350
21/1/14,68320
20/1/14,68120
17/1/14,67940
16/1/14,68260
15/1/14,67980
14/1/14,67800
10/1/14,68750
9/1/14,68870
8/1/14,68870
7/1/14,68540
6/1/14,68320
30/12/13,70330
27/12/13,70350
26/12/13,70390
25/12/13,70310
24/12/13,70120
20/12/13,69940
19/12/13,69730
18/12/13,69190
17/12/13,69460
16/12/13,69200
13/12/13,69410
12/12/13,69570
11/12/13,69300
10/12/13,69740
9/12/13,70250
6/12/13,69510
5/12/13,69390
4/12/13,70390
3/12/13,70070
2/12/13,68780
29/11/13,66670
28/11/13,66760
27/11/13,66620
26/11/13,66670
25/11/13,66440
22/11/13,66520
21/11/13,66050
20/11/13,65830
19/11/13,65930
18/11/13,66050
15/11/13,66110
14/11/13,65650
13/11/13,65110
12/11/13,65180
11/11/13,64700
8/11/13,63420
7/11/13,64580
6/11/13,65060
5/11/13,65120
1/11/13,65910
31/10/13,65680
30/10/13,65720
29/10/13,65640
28/10/13,65550
25/10/13,65550
24/10/13,65600
23/10/13,65890
22/10/13,65980
21/10/13,66000
18/10/13,65850
17/10/13,66380
16/10/13,66060
15/10/13,66320
11/10/13,66500
10/10/13,65520
9/10/13,65400
8/10/13,65120
7/10/13,64910
4/10/13,64760
3/10/13,64910
2/10/13,64400
1/10/13,64440
30/9/13,67630
27/9/13,67700
26/9/13,67660
25/9/13,67840
24/9/13,67850
20/9/13,68150
19/9/13,68300
18/9/13,67990
17/9/13,68520
13/9/13,69250
12/9/13,68460
11/9/13,68330
10/9/13,68990
9/9/13,69530
6/9/13,69140
5/9/13,69020
4/9/13,69250
3/9/13,68760
2/9/13,67300
30/8/13,65910
29/8/13,65900
28/8/13,65970
27/8/13,65770
26/8/13,65840
23/8/13,65730
22/8/13,65400
21/8/13,65230
20/8/13,65200
19/8/13,65420
16/8/13,65540
15/8/13,65300
14/8/13,65000
13/8/13,64550
12/8/13,63660
9/8/13,63300
8/8/13,63410
7/8/13,64000
6/8/13,65000
5/8/13,65460
2/8/13,66600
1/8/13,64800
31/7/13,64950
30/7/13,65140
29/7/13,64960
26/7/13,65040
25/7/13,65150
24/7/13,65230
23/7/13,65200
22/7/13,65240
19/7/13,65240
18/7/13,65310
17/7/13,64830
16/7/13,65000
12/7/13,64440
11/7/13,64470
10/7/13,65050
9/7/13,65430
8/7/13,65280
5/7/13,64000
4/7/13,63860
3/7/13,64210
2/7/13,62780
1/7/13,61940
28/6/13,61510
27/6/13,61500
26/6/13,61390
25/6/13,61370
24/6/13,61240
21/6/13,61640
20/6/13,61920
19/6/13,61790
18/6/13,61620
17/6/13,61550
14/6/13,61220
13/6/13,60330
12/6/13,61070
11/6/13,62190
10/6/13,62630
7/6/13,61340
6/6/13,62400
5/6/13,62660
4/6/13,62370
3/6/13,61800
31/5/13,63830
30/5/13,63890
29/5/13,64100
28/5/13,63990
27/5/13,63850
24/5/13,63950
23/5/13,63700
22/5/13,64300
21/5/13,64600
20/5/13,64550
17/5/13,64320
16/5/13,64000
15/5/13,63790
14/5/13,63800
13/5/13,64100
10/5/13,64280
9/5/13,63100
8/5/13,63000
7/5/13,63530
2/5/13,59600
1/5/13,60900
30/4/13,62520
26/4/13,62600
25/4/13,62600
24/4/13,62450
23/4/13,62280
22/4/13,62400
19/4/13,62100
18/4/13,61600
17/4/13,62390
16/4/13,62210
15/4/13,62550
12/4/13,64060
11/4/13,64540
10/4/13,64320
9/4/13,64100
8/4/13,63850
5/4/13,63100
4/4/13,63290
3/4/13,63590
2/4/13,63190
1/4/13,63360
29/3/13,62930
28/3/13,62980
27/3/13,63090
26/3/13,62800
25/3/13,62950
22/3/13,62900
21/3/13,63200
19/3/13,63330
18/3/13,62610
15/3/13,63620
14/3/13,63160
13/3/13,63400
12/3/13,63890
11/3/13,63980
8/3/13,63640
7/3/13,62560
6/3/13,62630
5/3/13,61680
4/3/13,61850
1/3/13,61370
28/2/13,65190
27/2/13,65120
26/2/13,65220
25/2/13,65520
22/2/13,65480
21/2/13,65600
20/2/13,65820
19/2/13,66060
18/2/13,66400
15/2/13,65930
14/2/13,66500
13/2/13,66380
12/2/13,66670
8/2/13,66040
7/2/13,65850
6/2/13,65850
5/2/13,64350
4/2/13,65110
1/2/13,64490
31/1/13,60620
30/1/13,60550
29/1/13,60670
28/1/13,60600
25/1/13,60550
24/1/13,60250
23/1/13,60000
22/1/13,60250
21/1/13,60200
18/1/13,60400
17/1/13,59550
16/1/13,59280
15/1/13,60040
11/1/13,60000
10/1/13,59670
9/1/13,59390
8/1/13,59110
7/1/13,59060
4/1/13,59270
28/12/12,56050
27/12/12,56090
26/12/12,55780
25/12/12,55700
21/12/12,55750
20/12/12,55890
19/12/12,55870
18/12/12,55700
17/12/12,55650
14/12/12,55340
13/12/12,55490
12/12/12,54850
11/12/12,54650
10/12/12,54880
7/12/12,54840
6/12/12,55370
5/12/12,55800
4/12/12,55900
3/12/12,56300
30/11/12,54600
29/11/12,54650
28/11/12,54700
27/11/12,54870
26/11/12,54830
22/11/12,54890
21/11/12,54680
20/11/12,54830
19/11/12,54650
16/11/12,54040
15/11/12,54090
14/11/12,53290
13/11/12,53250
12/11/12,53470
9/11/12,52950
8/11/12,53330
7/11/12,54680
6/11/12,53420
5/11/12,52890
2/11/12,53800
1/11/12,53570
31/10/12,54080
30/10/12,54080
29/10/12,54130
26/10/12,54120
25/10/12,54110
24/10/12,54080
23/10/12,54250
22/10/12,54170
19/10/12,54460
18/10/12,54710
17/10/12,54600
16/10/12,54730
15/10/12,54310
12/10/12,54470
11/10/12,54210
10/10/12,54210
9/10/12,53790
5/10/12,54140
4/10/12,52660
3/10/12,53630
2/10/12,53890
1/10/12,53590
28/9/12,54680
27/9/12,54680
26/9/12,54630
25/9/12,54620
24/9/12,54690
21/9/12,54730
20/9/12,54540
19/9/12,55540
18/9/12,55400
14/9/12,56060
13/9/12,55810
12/9/12,55770
11/9/12,55740
10/9/12,55710
7/9/12,55510
6/9/12,55300
5/9/12,55140
4/9/12,55920
3/9/12,55050
31/8/12,53880
30/8/12,53890
29/8/12,53910
28/8/12,53910
27/8/12,54130
24/8/12,53970
23/8/12,54280
22/8/12,54270
21/8/12,54180
20/8/12,54320
17/8/12,54200
16/8/12,54090
15/8/12,53400
14/8/12,53340
13/8/12,53080
10/8/12,53070
9/8/12,52960
8/8/12,52610
7/8/12,51740
6/8/12,51600
3/8/12,50340
2/8/12,50380
1/8/12,49710
31/7/12,49400
30/7/12,49570
27/7/12,49450
26/7/12,49410
25/7/12,49230
24/7/12,49290
23/7/12,49500
20/7/12,50020
19/7/12,49810
18/7/12,49640
17/7/12,49400
13/7/12,48950
12/7/12,48620
11/7/12,48200
10/7/12,48240
9/7/12,48480
6/7/12,49000
5/7/12,48760
4/7/12,49000
3/7/12,48010
2/7/12,47550
29/6/12,47130
28/6/12,47150
27/6/12,47190
26/6/12,47150
25/6/12,47300
22/6/12,47100
21/6/12,47340
20/6/12,47830
19/6/12,47750
18/6/12,48450
15/6/12,48130
14/6/12,47930
13/6/12,48140
12/6/12,48000
11/6/12,49460
8/6/12,48100
7/6/12,49000
6/6/12,48000
5/6/12,48020
4/6/12,47020
1/6/12,49290
31/5/12,53880
30/5/12,53960
29/5/12,53930
28/5/12,54010
25/5/12,53970
24/5/12,53890
23/5/12,54200
22/5/12,54390
21/5/12,54180
18/5/12,54100
17/5/12,55100
16/5/12,55080
15/5/12,55100
14/5/12,55250
11/5/12,55100
10/5/12,55510
9/5/12,55460
8/5/12,55900
7/5/12,55550
2/5/12,58850
1/5/12,58490
27/4/12,60200
26/4/12,60210
25/4/12,60240
24/4/12,60150
23/4/12,60350
20/4/12,60280
19/4/12,60320
18/4/12,60350
17/4/12,59920
16/4/12,60570
13/4/12,60900
12/4/12,60700
11/4/12,60730
10/4/12,61520
9/4/12,61850
6/4/12,62500
5/4/12,62680
4/4/12,63360
3/4/12,63040
2/4/12,62480
30/3/12,63640
29/3/12,63610
28/3/12,63800
27/3/12,63940
26/3/12,63880
23/3/12,63600
22/3/12,63960
21/3/12,64230
19/3/12,64310
16/3/12,63900
15/3/12,64350
14/3/12,64340
13/3/12,63800
12/3/12,63650
9/3/12,63580
8/3/12,62780
7/3/12,61580
6/3/12,62350
5/3/12,62140
2/3/12,62800
1/3/12,60950
29/2/12,57500
28/2/12,57500
27/2/12,57700
24/2/12,57580
23/2/12,57580
22/2/12,57200
21/2/12,57160
20/2/12,57220
17/2/12,56950
16/2/12,56320
15/2/12,56210
14/2/12,55710
13/2/12,55820
10/2/12,55650
9/2/12,55260
8/2/12,55020
7/2/12,54670
6/2/12,54110
3/2/12,53110
2/2/12,52820
1/2/12,52500
31/1/12,53470
30/1/12,53390
27/1/12,53530
26/1/12,53530
25/1/12,53600
24/1/12,53550
23/1/12,53420
20/1/12,53910
19/1/12,53620
18/1/12,53700
17/1/12,53680
16/1/12,53470
13/1/12,53650
12/1/12,53830
11/1/12,53720
10/1/12,53820
6/1/12,53480
5/1/12,53720
4/1/12,52740
30/12/11,52310
29/12/11,52280
28/12/11,52470
27/12/11,52500
26/12/11,52560
22/12/11,52450
21/12/11,52300
20/12/11,51960
19/12/11,51700
16/12/11,52040
15/12/11,52330
14/12/11,53150
13/12/11,52610
12/12/11,53050
9/12/11,52720
8/12/11,53420
7/12/11,53780
6/12/11,53140
5/12/11,53780
2/12/11,53300
1/12/11,53650
30/11/11,53300
29/11/11,53390
28/11/11,53300
25/11/11,53290
24/11/11,53330
22/11/11,53220
21/11/11,53090
18/11/11,53150
17/11/11,53810
16/11/11,53780
15/11/11,53930
14/11/11,54160
11/11/11,53850
10/11/11,53490
9/11/11,54290
8/11/11,54040
7/11/11,53860
4/11/11,52900
2/11/11,51860
1/11/11,51430
31/10/11,50320
28/10/11,50500
27/10/11,50530
26/10/11,50530
25/10/11,50530
24/10/11,50500
21/10/11,50700
20/10/11,50100
19/10/11,50800
18/10/11,50400
17/10/11,51160
14/10/11,50530
13/10/11,50000
12/10/11,49960
11/10/11,49500
7/10/11,48790
6/10/11,47670
5/10/11,47250
4/10/11,46720
3/10/11,47110
30/9/11,51520
29/9/11,51330
28/9/11,51610
27/9/11,51610
26/9/11,51040
22/9/11,51880
21/9/11,51920
20/9/11,51770
16/9/11,52570
15/9/11,51900
14/9/11,51620
13/9/11,52460
12/9/11,51840
9/9/11,53340
8/9/11,53960
7/9/11,53130
6/9/11,51470
5/9/11,51860
2/9/11,52950
1/9/11,53320
31/8/11,50990
30/8/11,51310
29/8/11,50870
26/8/11,50980
25/8/11,50990
24/8/11,50920
23/8/11,51030
22/8/11,50500
19/8/11,50400
18/8/11,51030
17/8/11,50870
16/8/11,50870
15/8/11,50360
12/8/11,50140
11/8/11,49940
10/8/11,49600
9/8/11,48400
8/8/11,50290
5/8/11,50400
4/8/11,53640
3/8/11,53280
2/8/11,53920
1/8/11,54850
29/7/11,55180
28/7/11,55280
27/7/11,55300
26/7/11,55350
25/7/11,55230
22/7/11,55380
21/7/11,55440
20/7/11,55400
19/7/11,55160
15/7/11,55200
14/7/11,55580
13/7/11,55500
12/7/11,55200
11/7/11,56070
8/7/11,56680
7/7/11,55040
6/7/11,54860
5/7/11,53820
4/7/11,54180
1/7/11,53910
30/6/11,54700
29/6/11,54720
28/6/11,54530
27/6/11,54400
24/6/11,54600
23/6/11,55000
22/6/11,54500
21/6/11,54900
20/6/11,54970
17/6/11,55150
16/6/11,55300
15/6/11,56590
14/6/11,56280
13/6/11,56180
10/6/11,56430
9/6/11,56200
8/6/11,55590
7/6/11,54950
6/6/11,55410
3/6/11,55600
2/6/11,55110
1/6/11,56570
31/5/11,55600
30/5/11,55510
27/5/11,55680
26/5/11,55580
25/5/11,55280
24/5/11,55280
23/5/11,55360
20/5/11,55400
19/5/11,55590
18/5/11,55100
17/5/11,55270
16/5/11,55370
13/5/11,55400
12/5/11,54910
11/5/11,57000
10/5/11,55450
9/5/11,54150
6/5/11,54410
2/5/11,60940
28/4/11,61070
27/4/11,60970
26/4/11,60860
25/4/11,61050
22/4/11,61040
21/4/11,61050
20/4/11,61010
19/4/11,60630
18/4/11,61070
15/4/11,60970
14/4/11,61240
13/4/11,61300
12/4/11,61290
11/4/11,62680
8/4/11,62360
7/4/11,61390
6/4/11,61460
5/4/11,60370
4/4/11,59590
1/4/11,58350
31/3/11,56060
30/3/11,56000
29/3/11,55900
28/3/11,56050
25/3/11,56000
24/3/11,55990
23/3/11,55910
22/3/11,55890
18/3/11,56300
17/3/11,54210
16/3/11,54070
15/3/11,55050
14/3/11,55770
11/3/11,57150
10/3/11,57520
9/3/11,56470
8/3/11,56340
7/3/11,57540
4/3/11,56800
3/3/11,55650
2/3/11,56750
1/3/11,55500
28/2/11,52230
25/2/11,52200
24/2/11,52000
23/2/11,51600
22/2/11,51850
21/2/11,51200
18/2/11,50900
17/2/11,51190
16/2/11,50760
15/2/11,51150
14/2/11,50600
10/2/11,50640
9/2/11,50050
8/2/11,49820
7/2/11,49970
4/2/11,50370
3/2/11,50880
2/2/11,49820
1/2/11,49420
31/1/11,48170
28/1/11,48120
27/1/11,48120
26/1/11,47950
25/1/11,48000
24/1/11,48210
21/1/11,48130
20/1/11,48180
19/1/11,48200
18/1/11,48150
17/1/11,48600
14/1/11,48600
13/1/11,48930
12/1/11,48960
11/1/11,48050
7/1/11,47720
6/1/11,48160
5/1/11,46650
4/1/11,47520
30/12/10,46750
29/12/10,46830
28/12/10,46850
27/12/10,46900
24/12/10,46990
22/12/10,47040
21/12/10,46980
20/12/10,46830
17/12/10,46750
16/12/10,46830
15/12/10,46440
14/12/10,46290
13/12/10,46480
10/12/10,46420
9/12/10,46570
8/12/10,46190
7/12/10,45520
6/12/10,45950
3/12/10,45860
2/12/10,45470
1/12/10,44060
30/11/10,43500
29/11/10,43300
26/11/10,43320
25/11/10,43360
24/11/10,43030
22/11/10,43460
19/11/10,43200
18/11/10,43060
17/11/10,43290
16/11/10,43510
15/11/10,43400
12/11/10,43520
11/11/10,44050
10/11/10,43400
9/11/10,43180
8/11/10,43300
5/11/10,43440
4/11/10,42720
2/11/10,41690
1/11/10,40790
29/10/10,41400
28/10/10,41350
27/10/10,41360
26/10/10,41360
25/10/10,41400
22/10/10,41300
21/10/10,41230
20/10/10,40990
19/10/10,41600
18/10/10,41110
15/10/10,41780
14/10/10,42160
13/10/10,41850
12/10/10,41520
8/10/10,41880
7/10/10,42590
6/10/10,42610
5/10/10,42110
4/10/10,42260
1/10/10,42040
30/9/10,39950
29/9/10,40000
28/9/10,39830
27/9/10,39950
24/9/10,39850
22/9/10,40110
21/9/10,40310
17/9/10,40220
16/9/10,40070
15/9/10,39660
14/9/10,39660
13/9/10,39760
10/9/10,39370
9/9/10,39710
8/9/10,39380
7/9/10,39190
6/9/10,39350
3/9/10,39250
2/9/10,39390
1/9/10,39010
31/8/10,39950
30/8/10,40050
27/8/10,39890
26/8/10,39850
25/8/10,39680
24/8/10,39780
23/8/10,39900
20/8/10,40040
19/8/10,40440
18/8/10,40420
17/8/10,40000
16/8/10,40160
13/8/10,40490
12/8/10,40500
11/8/10,41640
10/8/10,42200
9/8/10,42000
6/8/10,42570
5/8/10,42580
4/8/10,42240
3/8/10,42400
2/8/10,41500
30/7/10,40160
29/7/10,40030
28/7/10,40050
27/7/10,40060
26/7/10,40200
23/7/10,40200
22/7/10,39800
21/7/10,40020
20/7/10,40080
16/7/10,40010
15/7/10,40400
14/7/10,40680
13/7/10,39750
12/7/10,40400
9/7/10,40450
8/7/10,39820
7/7/10,38500
6/7/10,38730
5/7/10,38910
2/7/10,38960
1/7/10,40010
30/6/10,42400
29/6/10,42460
28/6/10,42580
25/6/10,42450
24/6/10,42510
23/6/10,42750
22/6/10,42970
21/6/10,43200
18/6/10,42920
17/6/10,42980
16/6/10,43000
15/6/10,42400
14/6/10,42640
11/6/10,42560
10/6/10,42010
9/6/10,41560
8/6/10,41900
7/6/10,40810
4/6/10,43260
3/6/10,43380
2/6/10,41400
1/6/10,42050
31/5/10,44400
28/5/10,44490
27/5/10,44420
26/5/10,44200
25/5/10,44190
24/5/10,44440
21/5/10,44290
20/5/10,44690
19/5/10,44800
18/5/10,45780
17/5/10,45730
14/5/10,47200
13/5/10,47820
12/5/10,46960
11/5/10,46840
10/5/10,47330
7/5/10,46130
6/5/10,48000
30/4/10,49200
28/4/10,49160
27/4/10,49150
26/4/10,49100
23/4/10,48900
22/4/10,48900
21/4/10,48710
20/4/10,48460
19/4/10,48410
16/4/10,49200
15/4/10,49200
14/4/10,48740
13/4/10,48540
12/4/10,48750
9/4/10,48900
8/4/10,48540
7/4/10,49200
6/4/10,49160
5/4/10,48890
2/4/10,48350
1/4/10,47300
31/3/10,44100
30/3/10,44150
29/3/10,44130
26/3/10,44100
25/3/10,43980
24/3/10,43950
23/3/10,43920
19/3/10,44000
18/3/10,44000
17/3/10,44000
16/3/10,43400
15/3/10,43750
12/3/10,44300
11/3/10,44100
10/3/10,43760
9/3/10,43600
8/3/10,44250
5/3/10,43220
4/3/10,42650
3/3/10,42600
2/3/10,42330
1/3/10,43250
26/2/10,41850
25/2/10,41890
24/2/10,41890
23/2/10,42110
22/2/10,42300
19/2/10,41900
18/2/10,41800
17/2/10,41700
16/2/10,40850
15/2/10,40840
12/2/10,41170
10/2/10,40770
9/2/10,40000
8/2/10,39770
5/2/10,40690
4/2/10,42880
3/2/10,42960
2/2/10,42000
1/2/10,40590
29/1/10,44180
28/1/10,44200
27/1/10,44190
26/1/10,44080
25/1/10,44190
22/1/10,44310
21/1/10,45030
20/1/10,45030
19/1/10,44960
18/1/10,45090
15/1/10,45380
14/1/10,45700
13/1/10,45450
12/1/10,46660
8/1/10,47100
7/1/10,47000
6/1/10,46500
5/1/10,46300
4/1/10,45900
30/12/09,42520
29/12/09,42370
28/12/09,42320
25/12/09,42280
24/12/09,42250
22/12/09,41850
21/12/09,42280
18/12/09,41660
17/12/09,42070
16/12/09,41710
15/12/09,41570
14/12/09,41400
11/12/09,41640
10/12/09,41370
9/12/09,42670
8/12/09,43450
7/12/09,44150
4/12/09,43440
3/12/09,43520
2/12/09,43720
1/12/09,43350
30/11/09,43690
27/11/09,43510
26/11/09,43670
25/11/09,43620
24/11/09,43660
20/11/09,43750
19/11/09,44160
18/11/09,44230
17/11/09,44170
16/11/09,43620
13/11/09,43720
12/11/09,44220
11/11/09,43800
10/11/09,44000
9/11/09,43900
6/11/09,44740
5/11/09,44350
4/11/09,44150
2/11/09,42800
30/10/09,41530
29/10/09,41410
28/10/09,41560
27/10/09,41620
26/10/09,41590
23/10/09,42010
22/10/09,41900
21/10/09,41100
20/10/09,41190
19/10/09,41210
16/10/09,41220
15/10/09,40250
14/10/09,39980
13/10/09,39600
9/10/09,38740
8/10/09,37890
7/10/09,38700
6/10/09,38500
5/10/09,38630
2/10/09,38650
1/10/09,38740
30/9/09,39100
29/9/09,39100
28/9/09,39100
25/9/09,39250
24/9/09,39670
18/9/09,40030
17/9/09,40130
16/9/09,39400
15/9/09,39110
14/9/09,38840
11/9/09,40030
10/9/09,40400
9/9/09,40190
8/9/09,39360
7/9/09,39260
4/9/09,39030
3/9/09,39270
2/9/09,39500
1/9/09,40850
31/8/09,42670
28/8/09,42740
27/8/09,42590
26/8/09,42660
25/8/09,42900
24/8/09,43100
21/8/09,42600
20/8/09,43080
19/8/09,42490
18/8/09,42120
17/8/09,41980
14/8/09,43500
13/8/09,43400
12/8/09,42500
11/8/09,43500
10/8/09,43520
7/8/09,43470
6/8/09,43790
5/8/09,43200
4/8/09,42800
3/8/09,42470
31/7/09,38590
30/7/09,38510
29/7/09,38600
28/7/09,38750
27/7/09,38850
24/7/09,38700
23/7/09,38300
22/7/09,38230
21/7/09,38260
17/7/09,37820
16/7/09,38070
15/7/09,37420
14/7/09,37000
13/7/09,36360
10/7/09,36830
9/7/09,36880
8/7/09,37500
7/7/09,39000
6/7/09,39220
3/7/09,40220
2/7/09,41350
1/7/09,42300
30/6/09,42290
29/6/09,42030
26/6/09,42390
25/6/09,42000
24/6/09,41980
23/6/09,41210
22/6/09,42320
19/6/09,42700
18/6/09,42300
17/6/09,42720
16/6/09,42050
15/6/09,42500
12/6/09,42950
11/6/09,43060
10/6/09,42540
9/6/09,41970
8/6/09,41500
5/6/09,41420
4/6/09,39900
3/6/09,40830
2/6/09,40480
1/6/09,39210
29/5/09,35060
28/5/09,34970
27/5/09,35000
26/5/09,34740
25/5/09,34800
22/5/09,34850
21/5/09,34760
20/5/09,34700
19/5/09,34770
18/5/09,33820
15/5/09,34610
14/5/09,34290
13/5/09,34990
12/5/09,34500
11/5/09,35100
8/5/09,35170
7/5/09,34570
1/5/09,30740
30/4/09,31290
28/4/09,31140
27/4/09,31150
24/4/09,31200
23/4/09,31180
22/4/09,31200
21/4/09,31090
20/4/09,31700
17/4/09,31700
16/4/09,31800
15/4/09,31820
14/4/09,31850
13/4/09,32520
10/4/09,32550
9/4/09,32200
8/4/09,30840
7/4/09,32090
6/4/09,33060
3/4/09,31570
2/4/09,30100
1/4/09,28910
31/3/09,28120
30/3/09,28160
27/3/09,28300
26/3/09,28310
25/3/09,28150
24/3/09,28370
23/3/09,28060
19/3/09,27370
18/3/09,27460
17/3/09,26880
16/3/09,26160
13/3/09,26970
12/3/09,25590
11/3/09,26800
10/3/09,27070
9/3/09,27390
6/3/09,26890
5/3/09,27530
4/3/09,26210
3/3/09,25300
2/3/09,26790
27/2/09,25200
26/2/09,25280
25/2/09,25170
24/2/09,24870
23/2/09,24900
20/2/09,24950
19/2/09,24730
18/2/09,24720
17/2/09,25180
16/2/09,25300
13/2/09,25500
12/2/09,25350
10/2/09,26200
9/2/09,26020
6/2/09,25910
5/2/09,24660
4/2/09,24470
3/2/09,24460
2/2/09,25100
30/1/09,25140
29/1/09,25200
28/1/09,25210
27/1/09,25610
26/1/09,25370
23/1/09,24900
22/1/09,25150
21/1/09,24790
20/1/09,25040
19/1/09,25990
16/1/09,26050
15/1/09,25550
14/1/09,26060
13/1/09,24550
9/1/09,26690
8/1/09,26810
7/1/09,29140
6/1/09,28330
5/1/09,26390
30/12/08,23500
29/12/08,23460
26/12/08,23220
25/12/08,23130
24/12/08,23380
22/12/08,23850
19/12/08,23670
18/12/08,23980
17/12/08,24210
16/12/08,24280
15/12/08,24680
12/12/08,24160
11/12/08,23670
10/12/08,23620
9/12/08,23720
8/12/08,23550
5/12/08,23550
4/12/08,24320
3/12/08,25070
2/12/08,25070
1/12/08,28540
28/11/08,30390
27/11/08,30330
26/11/08,30190
25/11/08,30520
21/11/08,29980
20/11/08,30400
19/11/08,30820
18/11/08,30950
17/11/08,31380
14/11/08,31860
13/11/08,31050
12/11/08,32920
11/11/08,33480
10/11/08,35200
7/11/08,33920
6/11/08,35360
5/11/08,37340
4/11/08,35360
31/10/08,42790
30/10/08,43000
29/10/08,42650
28/10/08,42350
27/10/08,42160
24/10/08,42660
23/10/08,43190
22/10/08,43550
21/10/08,44700
20/10/08,44650
17/10/08,44150
16/10/08,44440
15/10/08,46690
14/10/08,48730
10/10/08,47290
9/10/08,49840
8/10/08,48810
7/10/08,52610
6/10/08,53670
3/10/08,57120
2/10/08,59730
1/10/08,63420
30/9/08,64520
29/9/08,64830
26/9/08,64830
25/9/08,64730
24/9/08,64930
22/9/08,64770
19/9/08,63950
18/9/08,63160
17/9/08,62930
16/9/08,62320
12/9/08,66440
11/9/08,66470
10/9/08,67660
9/9/08,68430
8/9/08,70130
5/9/08,68670
4/9/08,71730
3/9/08,71220
2/9/08,70380
1/9/08,76010
29/8/08,77710
28/8/08,77860
27/8/08,77760
26/8/08,77880
25/8/08,78050
22/8/08,78820
21/8/08,77800
20/8/08,77660
19/8/08,76980
18/8/08,77700
15/8/08,77150
14/8/08,78170
13/8/08,77190
12/8/08,77870
11/8/08,79310
8/8/08,79630
7/8/08,80280
6/8/08,80000
5/8/08,80220
4/8/08,83190
1/8/08,81370
31/7/08,88730
30/7/08,88690
29/7/08,88910
28/7/08,88590
25/7/08,88650
24/7/08,88550
23/7/08,88700
22/7/08,89420
18/7/08,89200
17/7/08,89290
16/7/08,89940
15/7/08,92660
14/7/08,93090
11/7/08,93200
10/7/08,90520
9/7/08,91310
8/7/08,92370
7/7/08,93940
4/7/08,94510
3/7/08,93820
2/7/08,91680
1/7/08,91050
30/6/08,86070
27/6/08,86070
26/6/08,85760
25/6/08,85990
24/6/08,85970
23/6/08,85880
20/6/08,85070
19/6/08,85980
18/6/08,85710
17/6/08,86040
16/6/08,85880
13/6/08,86480
12/6/08,85890
11/6/08,84840
10/6/08,84510
9/6/08,85240
6/6/08,81750
5/6/08,78440
4/6/08,78640
3/6/08,80270
2/6/08,79810
30/5/08,78380
29/5/08,78550
28/5/08,78080
27/5/08,78790
26/5/08,78690
23/5/08,78740
22/5/08,79260
21/5/08,77970
20/5/08,77190
19/5/08,76920
16/5/08,76680
15/5/08,77070
14/5/08,77590
13/5/08,76120
12/5/08,77110
9/5/08,76270
8/5/08,75500
7/5/08,75200
2/5/08,69030
1/5/08,69700
30/4/08,66900
28/4/08,67040
25/4/08,66860
24/4/08,67070
23/4/08,67020
22/4/08,66710
21/4/08,66820
18/4/08,66250
17/4/08,66000
16/4/08,65480
15/4/08,64860
14/4/08,64180
11/4/08,64760
10/4/08,64390
9/4/08,64420
8/4/08,64370
7/4/08,63720
4/4/08,62630
3/4/08,62940
2/4/08,61250
1/4/08,59750
31/3/08,61790
28/3/08,61910
27/3/08,61850
26/3/08,61760
25/3/08,61490
24/3/08,61200
21/3/08,61130
19/3/08,62210
18/3/08,61040
17/3/08,62280
14/3/08,62980
13/3/08,62310
12/3/08,63120
11/3/08,62320
10/3/08,62020
7/3/08,62430
6/3/08,62520
5/3/08,60900
4/3/08,62330
3/3/08,61840
29/2/08,61000
28/2/08,60970
27/2/08,61360
26/2/08,61000
25/2/08,61060
22/2/08,60570
21/2/08,61570
20/2/08,61170
19/2/08,60510
18/2/08,60580
15/2/08,60670
14/2/08,60070
13/2/08,59520
12/2/08,59480
8/2/08,58070
7/2/08,56880
6/2/08,56900
5/2/08,58230
4/2/08,57960
1/2/08,58550
31/1/08,59600
30/1/08,59700
29/1/08,59680
28/1/08,59430
25/1/08,59500
24/1/08,58900
23/1/08,59160
22/1/08,58360
21/1/08,59120
18/1/08,59470
17/1/08,59900
16/1/08,59510
15/1/08,60750
11/1/08,61070
10/1/08,61910
9/1/08,62710
8/1/08,62370
7/1/08,62990
4/1/08,63670
28/12/07,60920
27/12/07,60950
26/12/07,60900
25/12/07,61000
21/12/07,60600
20/12/07,60700
19/12/07,60620
18/12/07,60550
17/12/07,60520
14/12/07,60440
13/12/07,60560
12/12/07,58790
11/12/07,58790
10/12/07,58910
7/12/07,59590
6/12/07,58240
5/12/07,59130
4/12/07,59260
3/12/07,58670
30/11/07,60860
29/11/07,60880
28/11/07,60920
27/11/07,61100
26/11/07,61300
22/11/07,61200
21/11/07,61290
20/11/07,60600
19/11/07,60800
16/11/07,59860
15/11/07,60340
14/11/07,59730
13/11/07,60720
12/11/07,60800
9/11/07,62450
8/11/07,62300
7/11/07,63580
6/11/07,62110
5/11/07,61710
2/11/07,61140
1/11/07,62080
31/10/07,56380
30/10/07,56470
29/10/07,56460
26/10/07,56480
25/10/07,56100
24/10/07,55790
23/10/07,55850
22/10/07,55760
19/10/07,56100
18/10/07,56080
17/10/07,56100
16/10/07,56300
15/10/07,55360
12/10/07,55220
11/10/07,54940
10/10/07,54270
9/10/07,53710
5/10/07,54430
4/10/07,53420
3/10/07,53400
2/10/07,53260
1/10/07,53940
28/9/07,53130
27/9/07,53080
26/9/07,53070
25/9/07,53180
21/9/07,53050
20/9/07,52920
19/9/07,53140
18/9/07,52670
14/9/07,52450
13/9/07,52490
12/9/07,51950
11/9/07,51680
10/9/07,51070
7/9/07,51550
6/9/07,51500
5/9/07,51070
4/9/07,50390
3/9/07,50200
31/8/07,49840
30/8/07,49860
29/8/07,49760
28/8/07,49940
27/8/07,49910
24/8/07,49860
23/8/07,49660
22/8/07,49460
21/8/07,49570
20/8/07,49520
17/8/07,48980
16/8/07,50150
15/8/07,50220
14/8/07,50150
13/8/07,50280
10/8/07,50150
9/8/07,50640
8/8/07,50570
7/8/07,50240
6/8/07,51700
3/8/07,52630
2/8/07,52460
1/8/07,52570
31/7/07,53460
30/7/07,53500
27/7/07,53510
26/7/07,53730
25/7/07,53480
24/7/07,53720
23/7/07,53800
20/7/07,53850
19/7/07,53830
18/7/07,53390
17/7/07,53580
13/7/07,53750
12/7/07,53740
11/7/07,53750
10/7/07,53900
9/7/07,53870
6/7/07,53420
5/7/07,52910
4/7/07,52840
3/7/07,52550
2/7/07,51990
29/6/07,50850
28/6/07,50930
27/6/07,50820
26/6/07,51020
25/6/07,51030
22/6/07,50940
21/6/07,51090
20/6/07,51100
19/6/07,51250
18/6/07,51090
15/6/07,50890
14/6/07,50480
13/6/07,49820
12/6/07,49820
11/6/07,49350
8/6/07,50240
7/6/07,50400
6/6/07,50270
5/6/07,50450
4/6/07,49830
1/6/07,49380
31/5/07,49250
30/5/07,49240
29/5/07,49340
28/5/07,49440
25/5/07,49460
24/5/07,49460
23/5/07,49360
22/5/07,49500
21/5/07,49220
18/5/07,49410
17/5/07,48680
16/5/07,48660
15/5/07,48340
14/5/07,48210
11/5/07,47660
10/5/07,47360
9/5/07,47600
8/5/07,47200
7/5/07,47480
2/5/07,48700
1/5/07,48770
27/4/07,47980
26/4/07,48080
25/4/07,47860
24/4/07,48000
23/4/07,47750
20/4/07,47510
19/4/07,47490
18/4/07,47730
17/4/07,48320
16/4/07,48620
13/4/07,48640
12/4/07,47950
11/4/07,47920
10/4/07,47590
9/4/07,48100
6/4/07,48080
5/4/07,48050
4/4/07,47420
3/4/07,47580
2/4/07,47340
30/3/07,43580
29/3/07,43490
28/3/07,43510
27/3/07,43390
26/3/07,43340
23/3/07,43230
22/3/07,42910
20/3/07,42930
19/3/07,42730
16/3/07,42590
15/3/07,42850
14/3/07,42540
13/3/07,42950
12/3/07,43140
9/3/07,43650
8/3/07,43460
7/3/07,42970
6/3/07,42580
5/3/07,42390
2/3/07,43670
1/3/07,43800
28/2/07,42350
27/2/07,42420
26/2/07,42450
23/2/07,42430
22/2/07,42020
21/2/07,41620
20/2/07,41880
19/2/07,41970
16/2/07,41370
15/2/07,41600
14/2/07,42290
13/2/07,41790
9/2/07,42850
8/2/07,41740
7/2/07,42210
6/2/07,42310
5/2/07,42420
2/2/07,41430
1/2/07,41560
31/1/07,39400
30/1/07,39310
29/1/07,39480
26/1/07,39230
25/1/07,39300
24/1/07,39420
23/1/07,39020
22/1/07,39200
19/1/07,38500
18/1/07,38910
17/1/07,38540
16/1/07,38760
15/1/07,38770
12/1/07,38620
11/1/07,38980
10/1/07,39920
9/1/07,39820
5/1/07,39550
4/1/07,41200
29/12/06,43550
28/12/06,43560
27/12/06,43600
26/12/06,43820
25/12/06,43670
22/12/06,43650
21/12/06,43650
20/12/06,43590
19/12/06,43430
18/12/06,43650
15/12/06,43720
14/12/06,43190
13/12/06,42900
12/12/06,43110
11/12/06,43050
8/12/06,43400
7/12/06,43520
6/12/06,43500
5/12/06,44010
4/12/06,44380
1/12/06,43690
30/11/06,42130
29/11/06,42040
28/11/06,41940
27/11/06,41930
24/11/06,41870
22/11/06,42160
21/11/06,42060
20/11/06,41750
17/11/06,41780
16/11/06,42450
15/11/06,42260
14/11/06,42220
13/11/06,42650
10/11/06,43230
9/11/06,42680
8/11/06,42020
7/11/06,42810
6/11/06,42010
2/11/06,41640
1/11/06,41600
31/10/06,42480
30/10/06,42580
27/10/06,42660
26/10/06,42730
25/10/06,42430
24/10/06,42250
23/10/06,42350
20/10/06,42640
19/10/06,42430
18/10/06,42790
17/10/06,43070
16/10/06,42780
13/10/06,42480
12/10/06,42400
11/10/06,42500
10/10/06,43110
6/10/06,42480
5/10/06,42280
4/10/06,41330
3/10/06,43050
2/10/06,44780
29/9/06,44500
28/9/06,44520
27/9/06,44380
26/9/06,44410
25/9/06,44240
22/9/06,44550
21/9/06,44450
20/9/06,44660
19/9/06,45640
15/9/06,45240
14/9/06,45610
13/9/06,45650
12/9/06,46480
11/9/06,46240
8/9/06,46490
7/9/06,47510
6/9/06,47760
5/9/06,47220
4/9/06,48170
1/9/06,49310
31/8/06,50610
30/8/06,50560
29/8/06,50680
28/8/06,50780
25/8/06,50820
24/8/06,50740
23/8/06,50910
22/8/06,50820
21/8/06,50630
18/8/06,50330
17/8/06,50640
16/8/06,51100
15/8/06,51430
14/8/06,51590
11/8/06,51330
10/8/06,51900
9/8/06,52130
8/8/06,52320
7/8/06,51600
4/8/06,51400
3/8/06,51320
2/8/06,50920
1/8/06,50440
31/7/06,50730
28/7/06,50860
27/7/06,50780
26/7/06,50780
25/7/06,50960
24/7/06,50860
21/7/06,50670
20/7/06,50990
19/7/06,51120
18/7/06,51650
14/7/06,52050
13/7/06,50600
12/7/06,49850
11/7/06,49270
10/7/06,49330
7/7/06,50320
6/7/06,50430
5/7/06,49560
4/7/06,49470
3/7/06,49500
30/6/06,47360
29/6/06,47390
28/6/06,47400
27/6/06,47320
26/6/06,47200
23/6/06,47300
22/6/06,47010
21/6/06,46560
20/6/06,46620
19/6/06,46680
16/6/06,46710
15/6/06,46700
14/6/06,45930
13/6/06,46800
12/6/06,47360
9/6/06,46620
8/6/06,46800
7/6/06,47350
6/6/06,47280
5/6/06,47280
2/6/06,46000
1/6/06,46520
31/5/06,46100
30/5/06,46090
29/5/06,46120
26/5/06,46180
25/5/06,46010
24/5/06,46050
23/5/06,45750
22/5/06,45610
19/5/06,45780
18/5/06,45450
17/5/06,45610
16/5/06,45610
15/5/06,46160
12/5/06,46980
11/5/06,47330
10/5/06,46460
9/5/06,46400
8/5/06,47180
2/5/06,49300
1/5/06,48000
28/4/06,47810
27/4/06,47830
26/4/06,47990
25/4/06,47860
24/4/06,48110
21/4/06,48030
20/4/06,48300
19/4/06,47910
18/4/06,48020
17/4/06,47920
14/4/06,47410
13/4/06,47080
12/4/06,47320
11/4/06,47470
10/4/06,46650
7/4/06,46340
6/4/06,46240
5/4/06,45260
4/4/06,45820
3/4/06,46270
31/3/06,43190
30/3/06,43200
29/3/06,43110
28/3/06,43050
27/3/06,43000
24/3/06,43160
23/3/06,42800
22/3/06,43000
20/3/06,43090
17/3/06,43540
16/3/06,43210
15/3/06,43770
14/3/06,43390
13/3/06,43060
10/3/06,42890
9/3/06,42460
8/3/06,42870
7/3/06,43380
6/3/06,44030
3/3/06,44100
2/3/06,43320
1/3/06,42570
28/2/06,43070
27/2/06,43210
24/2/06,43190
23/2/06,43040
22/2/06,43450
21/2/06,43300
20/2/06,43320
17/2/06,42670
16/2/06,42400
15/2/06,43010
14/2/06,43010
13/2/06,43200
10/2/06,43790
9/2/06,44000
8/2/06,43670
7/2/06,44700
6/2/06,45120
3/2/06,44220
2/2/06,45700
1/2/06,45370
31/1/06,42760
30/1/06,42850
27/1/06,42800
26/1/06,42600
25/1/06,42550
24/1/06,42690
23/1/06,42620
20/1/06,42690
19/1/06,42400
18/1/06,42580
17/1/06,42000
16/1/06,41680
13/1/06,41420
12/1/06,41590
11/1/06,41610
10/1/06,41380
6/1/06,41460
5/1/06,41800
4/1/06,41550
30/12/05,40100
29/12/05,40130
28/12/05,39970
27/12/05,40000
26/12/05,39930
22/12/05,40170
21/12/05,39900
20/12/05,39920
19/12/05,40070
16/12/05,40580
15/12/05,41060
14/12/05,41470
13/12/05,41540
12/12/05,41520
9/12/05,41900
8/12/05,40950
7/12/05,41200
6/12/05,41100
5/12/05,41160
2/12/05,40330
1/12/05,39220
30/11/05,38740
29/11/05,38720
28/11/05,38840
25/11/05,38880
24/11/05,38920
22/11/05,38910
21/11/05,38830
18/11/05,38560
17/11/05,38710
16/11/05,38510
15/11/05,38720
14/11/05,38890
11/11/05,38720
10/11/05,39380
9/11/05,40060
8/11/05,40120
7/11/05,40370
4/11/05,41000
2/11/05,39240
1/11/05,38790
31/10/05,39520
28/10/05,39580
27/10/05,39550
26/10/05,39570
25/10/05,39410
24/10/05,39300
21/10/05,39190
20/10/05,39220
19/10/05,39430
18/10/05,39720
17/10/05,39760
14/10/05,39610
13/10/05,40070
12/10/05,39910
11/10/05,39010
7/10/05,38950
6/10/05,39600
5/10/05,40350
4/10/05,41220
3/10/05,41830
30/9/05,40140
29/9/05,40220
28/9/05,40080
27/9/05,40290
26/9/05,39910
22/9/05,40180
21/9/05,40160
20/9/05,40290
16/9/05,39560
15/9/05,39840
14/9/05,39060
13/9/05,38900
12/9/05,39250
9/9/05,39770
8/9/05,39500
7/9/05,39780
6/9/05,40020
5/9/05,40150
2/9/05,41260
1/9/05,41650
31/8/05,39840
30/8/05,39700
29/8/05,39830
26/8/05,39650
25/8/05,39780
24/8/05,39610
23/8/05,39280
22/8/05,39320
19/8/05,39040
18/8/05,39090
17/8/05,39780
16/8/05,39770
15/8/05,39730
12/8/05,39940
11/8/05,40000
10/8/05,39440
9/8/05,39800
8/8/05,39120
5/8/05,38740
4/8/05,38530
3/8/05,39360
2/8/05,39060
1/8/05,38690
29/7/05,37470
28/7/05,37450
27/7/05,37410
26/7/05,37330
25/7/05,37370
22/7/05,37230
21/7/05,37190
20/7/05,37500
19/7/05,37400
15/7/05,37730
14/7/05,38100
13/7/05,38430
12/7/05,38100
11/7/05,38150
8/7/05,39090
7/7/05,39250
6/7/05,38330
5/7/05,37910
4/7/05,37660
1/7/05,36300
30/6/05,35210
29/6/05,35240
28/6/05,35340
27/6/05,35270
24/6/05,35240
23/6/05,35000
22/6/05,35150
21/6/05,35170
20/6/05,35380
17/6/05,34910
16/6/05,34670
15/6/05,34670
14/6/05,34670
13/6/05,33870
10/6/05,34110
9/6/05,33610
8/6/05,33770
7/6/05,33850
6/6/05,34210
3/6/05,33450
2/6/05,33890
1/6/05,32400
31/5/05,30910
30/5/05,30980
27/5/05,30930
26/5/05,30890
25/5/05,30770
24/5/05,30940
23/5/05,30880
20/5/05,30720
19/5/05,30430
18/5/05,30700
17/5/05,30550
16/5/05,30530
13/5/05,30400
12/5/05,30300
11/5/05,30700
10/5/05,30800
9/5/05,30720
6/5/05,30650
2/5/05,29880
28/4/05,32250
27/4/05,32350
26/4/05,32300
25/4/05,32520
22/4/05,32400
21/4/05,32180
20/4/05,32300
19/4/05,31800
18/4/05,31840
15/4/05,32300
14/4/05,32070
13/4/05,32120
12/4/05,33340
11/4/05,33340
8/4/05,33520
7/4/05,34180
6/4/05,34210
5/4/05,34650
4/4/05,34470
1/4/05,33100
31/3/05,30820
30/3/05,30730
29/3/05,30710
28/3/05,30850
25/3/05,30870
24/3/05,30910
23/3/05,30640
22/3/05,30750
18/3/05,30850
17/3/05,30880
16/3/05,30360
15/3/05,30540
14/3/05,30300
11/3/05,29680
10/3/05,29920
9/3/05,30250
8/3/05,29640
7/3/05,29650
4/3/05,29670
3/3/05,29330
2/3/05,28700
1/3/05,28300
28/2/05,26680
25/2/05,26640
24/2/05,26620
23/2/05,26660
22/2/05,26470
21/2/05,26560
18/2/05,26440
17/2/05,26350
16/2/05,26090
15/2/05,26060
14/2/05,25840
10/2/05,25520
9/2/05,25320
8/2/05,25320
7/2/05,25450
4/2/05,25620
3/2/05,25570
2/2/05,25640
1/2/05,25790
31/1/05,25080
28/1/05,25110
27/1/05,25180
26/1/05,25150
25/1/05,25010
24/1/05,25060
21/1/05,24820
20/1/05,24640
19/1/05,24900
18/1/05,25050
17/1/05,24710
14/1/05,24760
13/1/05,24260
12/1/05,24300
11/1/05,23880
7/1/05,24030
6/1/05,23120
5/1/05,23440
4/1/05,22550
28/12/04,22680
27/12/04,22910
24/12/04,22950
22/12/04,23080
21/12/04,23140
20/12/04,23300
17/12/04,23000
16/12/04,22910
15/12/04,22690
14/12/04,22490
13/12/04,22200
10/12/04,22320
9/12/04,22120
8/12/04,22050
7/12/04,22490
6/12/04,21950
3/12/04,21880
2/12/04,22290
1/12/04,23760
30/11/04,23660
29/11/04,23540
26/11/04,23560
25/11/04,23600
24/11/04,23570
22/11/04,23560
19/11/04,23060
18/11/04,23160
17/11/04,23140
16/11/04,23520
15/11/04,23560
12/11/04,24130
11/11/04,24240
10/11/04,23890
9/11/04,24580
8/11/04,24630
5/11/04,24440
4/11/04,25360
2/11/04,25480
1/11/04,26370
29/10/04,26510
28/10/04,26480
27/10/04,26660
26/10/04,26540
25/10/04,26690
22/10/04,26910
21/10/04,26870
20/10/04,26770
19/10/04,26810
18/10/04,26660
15/10/04,26550
14/10/04,26540
13/10/04,26840
12/10/04,27510
8/10/04,27110
7/10/04,27150
6/10/04,27020
5/10/04,26910
4/10/04,26990
1/10/04,26700
30/9/04,25010
29/9/04,25000
28/9/04,24970
27/9/04,24810
24/9/04,24670
22/9/04,24510
21/9/04,24580
17/9/04,24110
16/9/04,24200
15/9/04,24200
14/9/04,24100
13/9/04,24000
10/9/04,24700
9/9/04,24040
8/9/04,24580
7/9/04,24490
6/9/04,24870
3/9/04,25090
2/9/04,25420
1/9/04,24730
31/8/04,26830
30/8/04,26970
27/8/04,26910
26/8/04,27010
25/8/04,27140
24/8/04,27260
23/8/04,27460
20/8/04,27580
19/8/04,27300
18/8/04,27310
17/8/04,27290
16/8/04,27640
13/8/04,27060
12/8/04,26580
11/8/04,26600
10/8/04,26630
9/8/04,26150
6/8/04,26700
5/8/04,25800
4/8/04,26500
3/8/04,26060
2/8/04,25810
30/7/04,23990
29/7/04,24060
28/7/04,24010
27/7/04,23910
26/7/04,24010
23/7/04,23910
22/7/04,23790
21/7/04,23690
20/7/04,23930
16/7/04,24030
15/7/04,23900
14/7/04,23430
13/7/04,23230
12/7/04,23380
9/7/04,23670
8/7/04,23500
7/7/04,23760
6/7/04,23680
5/7/04,23450
2/7/04,23060
1/7/04,21900
30/6/04,23140
29/6/04,23150
28/6/04,23210
25/6/04,23220
24/6/04,23160
23/6/04,23260
22/6/04,23220
21/6/04,23430
18/6/04,23530
17/6/04,23310
16/6/04,23290
15/6/04,23310
14/6/04,23490
11/6/04,23580
10/6/04,23360
9/6/04,22990
8/6/04,23690
7/6/04,23620
4/6/04,24130
3/6/04,24780
2/6/04,25330
1/6/04,24140
31/5/04,24620
28/5/04,24620
27/5/04,24660
26/5/04,24750
25/5/04,24920
24/5/04,24510
21/5/04,24770
20/5/04,25010
19/5/04,24650
18/5/04,25030
17/5/04,25210
14/5/04,25000
13/5/04,24750
12/5/04,24370
11/5/04,23820
10/5/04,24300
7/5/04,23640
6/5/04,23350
30/4/04,21370
28/4/04,21310
27/4/04,21240
26/4/04,21180
23/4/04,21180
22/4/04,21050
21/4/04,21120
20/4/04,21130
19/4/04,21190
16/4/04,21280
15/4/04,20980
14/4/04,20890
13/4/04,20880
12/4/04,20880
9/4/04,20840
8/4/04,20410
7/4/04,19880
6/4/04,19560
5/4/04,19350
2/4/04,19310
1/4/04,19810
31/3/04,21240
30/3/04,21160
29/3/04,21150
26/3/04,21260
25/3/04,21290
24/3/04,21440
23/3/04,21350
22/3/04,21320
19/3/04,21270
18/3/04,21320
17/3/04,21330
16/3/04,21450
15/3/04,21330
12/3/04,21540
11/3/04,21180
10/3/04,21150
9/3/04,21310
8/3/04,21760
5/3/04,21420
4/3/04,20830
3/3/04,21300
2/3/04,21200
1/3/04,20710
27/2/04,19200
26/2/04,19260
25/2/04,19160
24/2/04,19200
23/2/04,19160
20/2/04,19210
19/2/04,19130
18/2/04,19140
17/2/04,18990
16/2/04,18970
13/2/04,18850
12/2/04,18660
10/2/04,18430
9/2/04,18330
6/2/04,18490
5/2/04,18270
4/2/04,18670
3/2/04,18720
2/2/04,18360
30/1/04,19460
29/1/04,19490
28/1/04,19490
27/1/04,19560
26/1/04,19560
23/1/04,19700
22/1/04,19730
21/1/04,19650
20/1/04,19630
19/1/04,19500
16/1/04,19140
15/1/04,19600
14/1/04,19570
13/1/04,19910
9/1/04,19720
8/1/04,19430
7/1/04,19490
6/1/04,19340
5/1/04,19040
26/12/03,19270
25/12/03,19210
24/12/03,19270
22/12/03,19280
19/12/03,19540
18/12/03,19540
17/12/03,19370
16/12/03,19430
15/12/03,19140
12/12/03,19150
11/12/03,19100
10/12/03,19150
9/12/03,19100
8/12/03,18680
5/12/03,18970
4/12/03,19040
3/12/03,18840
2/12/03,18580
1/12/03,18670
28/11/03,19110
27/11/03,19100
26/11/03,19080
25/11/03,18980
21/11/03,19190
20/11/03,19180
19/11/03,19290
18/11/03,19060
17/11/03,19210
14/11/03,19030
13/11/03,19010
12/11/03,18960
11/11/03,19020
10/11/03,19010
7/11/03,18760
6/11/03,18670
5/11/03,18050
4/11/03,18160
31/10/03,19060
30/10/03,18950
29/10/03,18950
28/10/03,18990
27/10/03,19030
24/10/03,19080
23/10/03,18950
22/10/03,19000
21/10/03,19070
20/10/03,18990
17/10/03,19300
16/10/03,19440
15/10/03,19260
14/10/03,19350
10/10/03,19160
9/10/03,18490
8/10/03,18730
7/10/03,18850
6/10/03,18890
3/10/03,18600
2/10/03,18450
1/10/03,18360
30/9/03,18600
29/9/03,18610
26/9/03,18610
25/9/03,18650
24/9/03,18490
22/9/03,18430
19/9/03,18680
18/9/03,18790
17/9/03,18830
16/9/03,19050
12/9/03,19170
11/9/03,19300
10/9/03,19260
9/9/03,19040
8/9/03,19260
5/9/03,19170
4/9/03,19430
3/9/03,19420
2/9/03,20200
1/9/03,20390
29/8/03,20800
28/8/03,20790
27/8/03,20810
26/8/03,20780
25/8/03,20830
22/8/03,20780
21/8/03,20710
20/8/03,20580
19/8/03,20760
18/8/03,20860
15/8/03,20970
14/8/03,20670
13/8/03,21000
12/8/03,20880
11/8/03,20950
8/8/03,21060
7/8/03,20960
6/8/03,21200
5/8/03,20990
4/8/03,20980
1/8/03,20280
31/7/03,20330
30/7/03,19950
29/7/03,19800
28/7/03,20150
25/7/03,20190
24/7/03,19870
23/7/03,19850
22/7/03,20320
18/7/03,20250
17/7/03,20100
16/7/03,20330
15/7/03,20180
14/7/03,20250
11/7/03,20300
10/7/03,20280
9/7/03,19770
8/7/03,19590
7/7/03,19670
4/7/03,19890
3/7/03,19950
2/7/03,20120
1/7/03,19990
30/6/03,19610
27/6/03,19610
26/6/03,19520
25/6/03,19310
24/6/03,19250
23/6/03,19420
20/6/03,19060
19/6/03,18850
18/6/03,18940
17/6/03,19050
16/6/03,18930
13/6/03,19200
12/6/03,19400
11/6/03,19330
10/6/03,19450
9/6/03,19480
6/6/03,19200
5/6/03,18840
4/6/03,19240
3/6/03,19320
2/6/03,18990
30/5/03,18710
29/5/03,18410
28/5/03,18500
27/5/03,18730
26/5/03,18690
23/5/03,18460
22/5/03,18520
21/5/03,18150
20/5/03,18160
19/5/03,18200
16/5/03,18180
15/5/03,18250
14/5/03,18110
13/5/03,17980
12/5/03,18050
9/5/03,17810
8/5/03,17400
7/5/03,17390
6/5/03,17690
2/5/03,17490
1/5/03,17430
30/4/03,17240
28/4/03,17490
25/4/03,17980
24/4/03,18860
23/4/03,18850
22/4/03,18930
21/4/03,18690
18/4/03,18720
17/4/03,18330
16/4/03,18350
15/4/03,18070
14/4/03,18220
11/4/03,17960
10/4/03,18220
9/4/03,18000
8/4/03,17400
7/4/03,17240
4/4/03,17920
3/4/03,17600
2/4/03,18240
1/4/03,18870
31/3/03,19090
28/3/03,19210
27/3/03,18470
26/3/03,18900
25/3/03,19030
24/3/03,18450
20/3/03,19230
19/3/03,20370
18/3/03,21090
17/3/03,22470
14/3/03,22330
13/3/03,23280
12/3/03,22930
11/3/03,23220
10/3/03,23480
7/3/03,22670
6/3/03,22560
5/3/03,22440
4/3/03,22330
3/3/03,22370
28/2/03,22550
27/2/03,22800
26/2/03,22500
25/2/03,22960
24/2/03,23110
21/2/03,22470
20/2/03,23000
19/2/03,22960
18/2/03,22890
17/2/03,23340
14/2/03,23600
13/2/03,23370
12/2/03,23330
10/2/03,23050
7/2/03,22600
6/2/03,22490
5/2/03,22330
4/2/03,22000
3/2/03,22130
31/1/03,22180
30/1/03,21850
29/1/03,21430
28/1/03,21690
27/1/03,21930
24/1/03,21470
23/1/03,21590
22/1/03,21420
21/1/03,21700
20/1/03,21420
17/1/03,21290
16/1/03,21080
15/1/03,20750
14/1/03,20730
10/1/03,20840
9/1/03,20290
8/1/03,20420
7/1/03,20750
6/1/03,20960
27/12/02,21000
26/12/02,20480
25/12/02,20550
24/12/02,20790
20/12/02,20090
19/12/02,20750
18/12/02,20420
17/12/02,20450
16/12/02,19650
13/12/02,19600
12/12/02,19350
11/12/02,19360
10/12/02,18900
9/12/02,19120
6/12/02,19480
5/12/02,19100
4/12/02,19140
3/12/02,19200
2/12/02,18680
29/11/02,18480
28/11/02,18620
27/11/02,18440
26/11/02,19050
25/11/02,19060
22/11/02,18460
21/11/02,18410
20/11/02,17840
19/11/02,17860
18/11/02,17050
15/11/02,16870
14/11/02,16730
13/11/02,17320
12/11/02,17240
11/11/02,17120
8/11/02,17370
7/11/02,17660
6/11/02,17870
5/11/02,18460
1/11/02,18930
31/10/02,18800
30/10/02,18840
29/10/02,19130
28/10/02,20220
25/10/02,20230
24/10/02,20200
23/10/02,20070
22/10/02,20150
21/10/02,21010
18/10/02,21100
17/10/02,20870
16/10/02,21100
15/10/02,21200
11/10/02,20700
10/10/02,20830
9/10/02,21060
8/10/02,21250
7/10/02,21330
4/10/02,20970
3/10/02,21330
2/10/02,21290
1/10/02,21070
30/9/02,21040
27/9/02,20860
26/9/02,21050
25/9/02,21510
24/9/02,21510
20/9/02,20720
19/9/02,20500
18/9/02,20610
17/9/02,20090
13/9/02,20030
12/9/02,20450
11/9/02,20460
10/9/02,20270
9/9/02,20300
6/9/02,19920
5/9/02,19440
4/9/02,18860
3/9/02,19520
2/9/02,19680
30/8/02,19460
29/8/02,19270
28/8/02,19580
27/8/02,19650
26/8/02,19650
23/8/02,19690
22/8/02,19750
21/8/02,19260
20/8/02,19660
19/8/02,19140
16/8/02,18980
15/8/02,18630
14/8/02,18800
13/8/02,18740
12/8/02,18550
9/8/02,18540
8/8/02,18340
7/8/02,18500
6/8/02,18210
5/8/02,18240
2/8/02,18030
1/8/02,18460
31/7/02,18650
30/7/02,18210
29/7/02,18050
26/7/02,18140
25/7/02,18120
24/7/02,18230
23/7/02,18200
22/7/02,18460
19/7/02,18450
18/7/02,18600
17/7/02,18530
16/7/02,18350
15/7/02,18630
12/7/02,18360
11/7/02,18190
10/7/02,18130
9/7/02,18070
8/7/02,18380
5/7/02,18420
4/7/02,18590
3/7/02,18620
2/7/02,18480
1/7/02,18360
28/6/02,18310
27/6/02,18330
26/6/02,18390
25/6/02,18470
24/6/02,18610
21/6/02,19020
20/6/02,18820
19/6/02,18900
18/6/02,18950
17/6/02,19230
14/6/02,18860
13/6/02,18570
12/6/02,18250
11/6/02,18250
10/6/02,18480
7/6/02,18500
6/6/02,18900
5/6/02,18410
4/6/02,18630
3/6/02,18430
31/5/02,18350
30/5/02,18620
29/5/02,18400
28/5/02,19220
27/5/02,19120
24/5/02,19370
23/5/02,19550
22/5/02,19490
21/5/02,20120
20/5/02,20210
17/5/02,20550
16/5/02,20450
15/5/02,21000
14/5/02,20760
13/5/02,20060
10/5/02,20380
9/5/02,20350
8/5/02,20100
7/5/02,19400
2/5/02,19530
1/5/02,19950
30/4/02,20420
26/4/02,19990
25/4/02,20090
24/4/02,20350
23/4/02,20310
22/4/02,20440
19/4/02,19940
18/4/02,20050
17/4/02,19790
16/4/02,19280
15/4/02,19250
12/4/02,19320
11/4/02,20230
10/4/02,20150
9/4/02,20500
8/4/02,21150
5/4/02,21070
4/4/02,21850
3/4/02,21320
2/4/02,21030
1/4/02,21110
29/3/02,20800
28/3/02,20220
27/3/02,20590
26/3/02,20030
25/3/02,19990
22/3/02,19950
20/3/02,19720
19/3/02,19750
18/3/02,18970
15/3/02,19010
14/3/02,18490
13/3/02,19110
12/3/02,18710
11/3/02,18520
8/3/02,17880
7/3/02,18450
6/3/02,18200
5/3/02,17440
4/3/02,17400
1/3/02,16810
28/2/02,16340
27/2/02,16230
26/2/02,15720
25/2/02,16090
22/2/02,15850
21/2/02,15810
20/2/02,15700
19/2/02,15860
18/2/02,16200
15/2/02,16220
14/2/02,16290
13/2/02,15980
12/2/02,16410
8/2/02,15410
7/2/02,15380
6/2/02,15610
5/2/02,15390
4/2/02,15570
1/2/02,15500
31/1/02,14990
30/1/02,14950
29/1/02,15330
28/1/02,15480
25/1/02,15480
24/1/02,15170
23/1/02,14960
22/1/02,14930
21/1/02,14470
18/1/02,14460
17/1/02,14850
16/1/02,14610
15/1/02,14970
11/1/02,15970
10/1/02,15850
9/1/02,16150
8/1/02,16450
7/1/02,15970
4/1/02,15700
28/12/01,16240
27/12/01,15700
26/12/01,15000
25/12/01,15000
21/12/01,14380
20/12/01,14420
19/12/01,14260
18/12/01,14320
17/12/01,14230
14/12/01,13570
13/12/01,13330
12/12/01,13330
11/12/01,13480
10/12/01,13700
7/12/01,13620
6/12/01,13970
5/12/01,13830
4/12/01,14110
3/12/01,13660
30/11/01,13280
29/11/01,13280
28/11/01,13400
27/11/01,13220
26/11/01,13170
22/11/01,13190
21/11/01,13310
20/11/01,12800
19/11/01,12560
16/11/01,12870
15/11/01,13570
14/11/01,14270
13/11/01,14100
12/11/01,14740
9/11/01,14040
8/11/01,13490
7/11/01,13380
6/11/01,13700
5/11/01,14000
2/11/01,13920
1/11/01,14460
31/10/01,14920
30/10/01,15270
29/10/01,15340
26/10/01,14920
25/10/01,14950
24/10/01,14750
23/10/01,15170
22/10/01,15000
19/10/01,14720
18/10/01,14790
17/10/01,15410
16/10/01,15220
15/10/01,15450
12/10/01,16150
11/10/01,15510
10/10/01,15520
9/10/01,15470
5/10/01,15800
4/10/01,15470
3/10/01,15440
2/10/01,16340
1/10/01,16510
28/9/01,16120
27/9/01,15970
26/9/01,15590
25/9/01,16640
21/9/01,17690
20/9/01,17940
19/9/01,18640
18/9/01,19340
17/9/01,19900
14/9/01,19200
13/9/01,19000
12/9/01,19150
11/9/01,18450
10/9/01,18220