Date,MO1 Comdty - Last Price
14/11/23,78.63
13/11/23,77.48
10/11/23,78.7
9/11/23,77.38
8/11/23,75.7
7/11/23,75.25
6/11/23,75.84
3/11/23,77.64
2/11/23,78.61
1/11/23,78.54
31/10/23,79.05
30/10/23,78.72
27/10/23,79.35
26/10/23,79.65
25/10/23,79.92
24/10/23,80.58
23/10/23,80.5
20/10/23,81.41
19/10/23,81.76
18/10/23,81.86
17/10/23,82.55
16/10/23,83.35
13/10/23,85.95
12/10/23,85.23
11/10/23,84.12
10/10/23,84.82
9/10/23,81.75
6/10/23,80.46
5/10/23,80.51
4/10/23,81.67
3/10/23,79.65
2/10/23,80.8
29/9/23,81.67
28/9/23,82.71
27/9/23,82.29
26/9/23,82.92
25/9/23,84.37
22/9/23,84.56
21/9/23,83.23
20/9/23,81.92
19/9/23,80.36
18/9/23,79.99
15/9/23,81.44
14/9/23,82.23
13/9/23,82.15
12/9/23,80.23
11/9/23,80.8
8/9/23,80.65
7/9/23,82.05
6/9/23,82.79
5/9/23,82.95
4/9/23,83.26
1/9/23,84.37
31/8/23,84.86
30/8/23,85.35
29/8/23,83.88
28/8/23,84.79
25/8/23,84.5
24/8/23,84.94
23/8/23,87.31
22/8/23,88.92
21/8/23,86.93
18/8/23,87.07
17/8/23,87.88
16/8/23,87.52
15/8/23,86.19
14/8/23,86.82
11/8/23,85.82
10/8/23,83.98
9/8/23,83.03
8/8/23,83.44
7/8/23,81.76
4/8/23,82.73
3/8/23,83.86
2/8/23,82.53
1/8/23,84.16
31/7/23,85.69
28/7/23,87.68
27/7/23,90.03
26/7/23,89.83
25/7/23,90.89
24/7/23,90.09
21/7/23,90.43
20/7/23,89.56
19/7/23,88.25
18/7/23,86.42
17/7/23,85.56
14/7/23,85.11
13/7/23,84.91
12/7/23,84.88
11/7/23,85.81
10/7/23,85.38
7/7/23,85.23
6/7/23,85.05
5/7/23,84.91
4/7/23,86.32
3/7/23,86.33
30/6/23,88.09
29/6/23,86.9
28/6/23,86.72
27/6/23,87.85
26/6/23,84.3
23/6/23,85.93
22/6/23,88.2
21/6/23,88.59
20/6/23,92.9
19/6/23,90.25
16/6/23,90.51
15/6/23,91.41
14/6/23,91.52
13/6/23,88.12
12/6/23,86.09
9/6/23,85.06
8/6/23,82.32
7/6/23,81.92
6/6/23,80.05
5/6/23,80.88
2/6/23,77.38
1/6/23,77.11
31/5/23,79.38
30/5/23,78.82
29/5/23,81.13
26/5/23,80.56
25/5/23,81.23
24/5/23,83.35
23/5/23,83.68
22/5/23,85.95
19/5/23,88.09
18/5/23,88.06
17/5/23,86.41
16/5/23,86.81
15/5/23,85.2
12/5/23,86.65
11/5/23,86.59
10/5/23,87.7
9/5/23,85.06
8/5/23,83.71
5/5/23,83.28
4/5/23,83.0
3/5/23,83.28
2/5/23,86.63
1/5/23,84.25
28/4/23,85.63
27/4/23,84.3
26/4/23,83.87
25/4/23,85.16
24/4/23,86.53
21/4/23,87.83
20/4/23,90.05
19/4/23,92.53
18/4/23,93.39
17/4/23,91.11
14/4/23,91.92
13/4/23,92.55
12/4/23,93.99
11/4/23,95.49
10/4/23,94.74
6/4/23,94.74
5/4/23,94.72
4/4/23,93.07
3/4/23,93.88
31/3/23,90.09
30/3/23,89.1
29/3/23,88.4
28/3/23,87.47
27/3/23,84.77
24/3/23,85.1
23/3/23,89.69
22/3/23,86.77
21/3/23,86.88
20/3/23,85.11
17/3/23,84.58
16/3/23,84.43
15/3/23,86.6
14/3/23,89.8
13/3/23,94.26
10/3/23,96.72
9/3/23,95.31
8/3/23,94.7
7/3/23,92.59
6/3/23,89.9
3/3/23,89.07
2/3/23,90.23
1/3/23,93.72
28/2/23,96.58
27/2/23,97.05
24/2/23,94.31
23/2/23,94.53
22/2/23,93.77
21/2/23,97.28
20/2/23,95.36
17/2/23,93.34
16/2/23,94.61
15/2/23,91.5
14/2/23,89.28
13/2/23,89.43
10/2/23,90.23
9/2/23,88.22
8/2/23,87.52
7/2/23,87.54
6/2/23,88.07
3/2/23,90.44
2/2/23,90.19
1/2/23,92.6
31/1/23,90.25
30/1/23,86.91
27/1/23,86.51
26/1/23,86.79
25/1/23,81.77
24/1/23,79.23
23/1/23,82.7
20/1/23,82.62
19/1/23,81.47
18/1/23,80.86
17/1/23,77.16
16/1/23,75.17
13/1/23,77.44
12/1/23,77.81
11/1/23,76.56
10/1/23,78.15
9/1/23,79.14
6/1/23,75.14
5/1/23,76.59
4/1/23,75.48
3/1/23,81.13
2/1/23,83.85
30/12/22,81.49
29/12/22,82.0
28/12/22,83.54
27/12/22,85.77
23/12/22,86.81
22/12/22,86.72
21/12/22,85.35
20/12/22,87.67
19/12/22,84.11
16/12/22,83.82
15/12/22,85.5
14/12/22,86.61
13/12/22,88.64
12/12/22,90.17
9/12/22,87.84
8/12/22,88.67
7/12/22,88.07
6/12/22,87.69
5/12/22,87.31
2/12/22,87.67
1/12/22,85.22
30/11/22,84.69
29/11/22,81.25
28/11/22,78.81
25/11/22,78.86
24/11/22,78.27
23/11/22,75.87
22/11/22,73.89
21/11/22,74.61
18/11/22,72.47
17/11/22,72.4
16/11/22,73.41
15/11/22,76.65
14/11/22,75.23
11/11/22,75.84
10/11/22,73.05
9/11/22,72.76
8/11/22,76.06
7/11/22,77.49
4/11/22,76.36
3/11/22,76.28
2/11/22,76.7
1/11/22,76.72
31/10/22,79.97
28/10/22,81.21
27/10/22,80.21
26/10/22,75.79
25/10/22,77.11
24/10/22,72.32
21/10/22,68.72
20/10/22,66.87
19/10/22,67.29
18/10/22,67.77
17/10/22,67.51
14/10/22,68.02
13/10/22,68.84
12/10/22,66.71
11/10/22,66.34
10/10/22,66.77
7/10/22,69.85
6/10/22,68.96
5/10/22,67.07
4/10/22,66.92
3/10/22,65.94
30/9/22,66.73
29/9/22,65.73
28/9/22,65.15
27/9/22,67.96
26/9/22,69.97
23/9/22,65.41
22/9/22,70.05
21/9/22,69.4
20/9/22,70.74
19/9/22,70.71
16/9/22,72.87
15/9/22,71.45
14/9/22,72.14
13/9/22,69.36
12/9/22,71.44
9/9/22,65.72
8/9/22,66.93
7/9/22,68.71
6/9/22,69.57
5/9/22,74.05
2/9/22,77.45
1/9/22,80.33
31/8/22,79.61
30/8/22,80.34
29/8/22,86.24
26/8/22,89.94
25/8/22,88.95
24/8/22,88.86
23/8/22,88.94
22/8/22,91.83
19/8/22,97.67
18/8/22,95.72
17/8/22,95.5
16/8/22,91.77
15/8/22,90.48
12/8/22,88.58
11/8/22,87.27
10/8/22,85.63
9/8/22,85.65
8/8/22,83.53
5/8/22,84.48
4/8/22,83.9
3/8/22,83.71
2/8/22,81.66
1/8/22,80.28
29/7/22,78.27
28/7/22,78.68
27/7/22,75.85
26/7/22,76.39
25/7/22,76.08
22/7/22,76.03
21/7/22,77.85
20/7/22,78.58
19/7/22,83.37
18/7/22,84.66
15/7/22,85.09
14/7/22,83.7
13/7/22,83.59
12/7/22,85.37
11/7/22,84.07
8/7/22,82.51
7/7/22,84.64
6/7/22,82.94
5/7/22,82.99
4/7/22,84.29
1/7/22,85.3
30/6/22,89.88
29/6/22,88.07
28/6/22,87.12
27/6/22,84.59
24/6/22,82.98
23/6/22,83.67
22/6/22,81.42
21/6/22,84.27
20/6/22,83.59
17/6/22,81.99
16/6/22,82.61
15/6/22,85.83
14/6/22,83.78
13/6/22,81.2
10/6/22,81.53
9/6/22,80.68
8/6/22,79.49
7/6/22,80.98
6/6/22,81.08
3/6/22,86.5
2/6/22,85.98
1/6/22,85.72
31/5/22,83.66
30/5/22,83.61
27/5/22,83.84
26/5/22,84.4
25/5/22,81.04
24/5/22,80.98
23/5/22,77.81
20/5/22,80.05
19/5/22,82.82
18/5/22,84.27
17/5/22,91.33
16/5/22,89.18
13/5/22,88.09
12/5/22,87.87
11/5/22,88.45
10/5/22,86.93
9/5/22,86.62
6/5/22,91.14
5/5/22,88.53
4/5/22,87.9
3/5/22,87.78
2/5/22,82.65
29/4/22,84.04
28/4/22,82.31
27/4/22,80.66
26/4/22,82.35
25/4/22,83.13
22/4/22,88.68
21/4/22,86.19
20/4/22,87.6
19/4/22,79.98
18/4/22,79.78
14/4/22,79.78
13/4/22,77.26
12/4/22,78.84
11/4/22,77.79
8/4/22,79.93
7/4/22,79.78
6/4/22,77.02
5/4/22,77.89
4/4/22,78.34
1/4/22,78.35
31/3/22,76.32
30/3/22,78.12
29/3/22,81.54
28/3/22,80.54
25/3/22,78.31
24/3/22,77.94
23/3/22,76.25
22/3/22,80.29
21/3/22,78.01
18/3/22,78.52
17/3/22,79.53
16/3/22,77.77
15/3/22,77.04
14/3/22,77.89
11/3/22,76.39
10/3/22,76.03
9/3/22,72.78
8/3/22,68.12
7/3/22,57.93
4/3/22,64.79
3/3/22,67.09
2/3/22,68.26
1/3/22,68.53
28/2/22,81.82
25/2/22,87.74
24/2/22,86.66
23/2/22,94.69
22/2/22,89.39
21/2/22,89.29
18/2/22,89.05
17/2/22,85.98
16/2/22,89.38
15/2/22,90.71
14/2/22,91.33
11/2/22,92.5
10/2/22,90.41
9/2/22,90.4
8/2/22,96.48
7/2/22,96.28
4/2/22,96.03
3/2/22,94.38
2/2/22,93.76
1/2/22,89.18
31/1/22,88.89
28/1/22,88.9
27/1/22,89.46
26/1/22,88.36
25/1/22,87.15
24/1/22,83.72
21/1/22,84.17
20/1/22,85.32
19/1/22,81.82
18/1/22,82.38
17/1/22,80.32
14/1/22,81.82
13/1/22,80.3
12/1/22,79.75
11/1/22,81.03
10/1/22,79.8
7/1/22,85.09
6/1/22,86.4
5/1/22,87.24
4/1/22,84.55
3/1/22,83.63
31/12/21,80.22
30/12/21,79.77
29/12/21,79.97
28/12/21,78.86
27/12/21,76.55
24/12/21,75.91
23/12/21,74.04
22/12/21,76.37
21/12/21,80.49
20/12/21,79.38
17/12/21,73.28
16/12/21,84.77
15/12/21,80.5
14/12/21,79.48
13/12/21,82.12
10/12/21,83.73
9/12/21,80.2
8/12/21,88.88
7/12/21,84.91
6/12/21,81.25
3/12/21,78.25
2/12/21,79.86
1/12/21,76.81
30/11/21,75.37
29/11/21,74.21
26/11/21,72.78
25/11/21,74.46
24/11/21,72.91
23/11/21,69.17
22/11/21,69.91
19/11/21,69.36
18/11/21,69.1
17/11/21,67.16
16/11/21,67.55
15/11/21,65.93
12/11/21,63.27
11/11/21,63.7
10/11/21,63.16
9/11/21,60.41
8/11/21,60.63
5/11/21,59.39
4/11/21,59.86
3/11/21,59.82
2/11/21,59.46
1/11/21,56.94
29/10/21,58.71
28/10/21,58.57
27/10/21,59.9
26/10/21,59.81
25/10/21,58.99
22/10/21,58.27
21/10/21,57.98
20/10/21,57.78
19/10/21,54.55
18/10/21,58.56
15/10/21,59.44
14/10/21,61.44
13/10/21,59.07
12/10/21,58.93
11/10/21,59.15
8/10/21,58.33
7/10/21,60.37
6/10/21,59.12
5/10/21,64.72
4/10/21,63.4
1/10/21,62.04
30/9/21,61.74
29/9/21,62.88
28/9/21,61.92
27/9/21,64.31
24/9/21,62.88
23/9/21,60.48
22/9/21,60.54
21/9/21,60.11
20/9/21,60.63
17/9/21,59.43
16/9/21,59.26
15/9/21,59.8
14/9/21,59.8
13/9/21,61.01
10/9/21,60.86
9/9/21,62.69
8/9/21,62.41
7/9/21,61.95
6/9/21,62.27
3/9/21,61.28
2/9/21,61.48
1/9/21,60.07
31/8/21,60.72
30/8/21,60.72
27/8/21,58.96
26/8/21,56.82
25/8/21,56.5
24/8/21,56.6
23/8/21,55.3
20/8/21,54.33
19/8/21,53.45
18/8/21,57.08
17/8/21,57.18
16/8/21,58.11
13/8/21,55.33
12/8/21,56.21
11/8/21,57.73
10/8/21,57.36
9/8/21,56.57
6/8/21,56.61
5/8/21,55.93
4/8/21,55.41
3/8/21,54.14
2/8/21,54.38
30/7/21,53.28
29/7/21,54.0
28/7/21,53.78
27/7/21,52.85
26/7/21,53.15
23/7/21,50.84
22/7/21,50.74
21/7/21,52.08
20/7/21,51.15
19/7/21,52.34
16/7/21,52.82
15/7/21,52.91
14/7/21,53.3
13/7/21,52.79
12/7/21,51.65
9/7/21,54.2
8/7/21,52.29
7/7/21,52.56
6/7/21,53.96
5/7/21,57.81
2/7/21,57.29
1/7/21,57.58
30/6/21,56.31
29/6/21,55.58
28/6/21,55.4
25/6/21,54.95
24/6/21,54.99
23/6/21,54.57
22/6/21,53.31
21/6/21,52.33
18/6/21,51.81
17/6/21,50.82
16/6/21,51.25
15/6/21,51.31
14/6/21,52.81
11/6/21,52.59
10/6/21,53.7
9/6/21,53.43
8/6/21,52.09
7/6/21,51.39
4/6/21,49.9
3/6/21,50.17
2/6/21,51.32
1/6/21,52.32
31/5/21,51.62
28/5/21,50.95
27/5/21,51.76
26/5/21,53.59
25/5/21,53.24
24/5/21,52.69
21/5/21,51.66
20/5/21,52.59
19/5/21,49.57
18/5/21,52.92
17/5/21,56.17
14/5/21,56.49
13/5/21,54.35
12/5/21,55.17
11/5/21,52.92
10/5/21,52.12
7/5/21,50.35
6/5/21,49.84
5/5/21,49.35
4/5/21,48.52
3/5/21,49.33
30/4/21,48.75
29/4/21,47.93
28/4/21,47.7
27/4/21,47.21
26/4/21,47.13
23/4/21,46.88
22/4/21,47.02
21/4/21,45.83
20/4/21,44.82
19/4/21,44.28
16/4/21,44.35
15/4/21,44.1
14/4/21,43.76
13/4/21,43.79
12/4/21,44.42
9/4/21,43.58
8/4/21,43.41
7/4/21,43.79
6/4/21,44.17
1/4/21,42.4
31/3/21,42.48
30/3/21,41.98
29/3/21,41.78
26/3/21,41.66
25/3/21,40.29
24/3/21,41.53
23/3/21,41.35
22/3/21,42.72
19/3/21,41.84
18/3/21,42.28
17/3/21,42.86
16/3/21,41.47
15/3/21,42.29
12/3/21,42.77
11/3/21,41.85
10/3/21,41.47
9/3/21,40.58
8/3/21,39.07
5/3/21,38.96
4/3/21,38.1
3/3/21,37.41
2/3/21,38.29
1/3/21,37.07
26/2/21,37.23
25/2/21,38.2
24/2/21,39.09
23/2/21,38.61
22/2/21,37.91
19/2/21,37.36
18/2/21,38.27
17/2/21,38.04
16/2/21,38.81
15/2/21,39.47
12/2/21,39.97
11/2/21,38.71
10/2/21,39.28
9/2/21,38.21
8/2/21,38.56
5/2/21,38.15
4/2/21,37.23
3/2/21,37.39
2/2/21,34.93
1/2/21,32.81
29/1/21,32.89
28/1/21,33.89
27/1/21,33.22
26/1/21,33.29
25/1/21,33.1
22/1/21,34.17
21/1/21,34.03
20/1/21,32.82
19/1/21,33.0
18/1/21,31.54
15/1/21,31.65
14/1/21,33.43
13/1/21,33.55
12/1/21,34.56
11/1/21,34.43
8/1/21,34.82
7/1/21,34.66
6/1/21,33.53
5/1/21,32.87
4/1/21,33.58
31/12/20,32.59
30/12/20,32.08
29/12/20,32.89
28/12/20,33.29
24/12/20,32.06
23/12/20,31.79
22/12/20,31.03
21/12/20,30.77
18/12/20,30.96
17/12/20,31.83
16/12/20,31.66
15/12/20,32.05
14/12/20,30.81
11/12/20,30.52
10/12/20,30.9
9/12/20,29.7
8/12/20,29.57
7/12/20,29.62
4/12/20,30.11
3/12/20,29.0
2/12/20,29.55
1/12/20,28.86
30/11/20,29.14
27/11/20,28.13
26/11/20,28.1
25/11/20,27.62
24/11/20,27.63
23/11/20,27.25
20/11/20,26.74
19/11/20,26.35
18/11/20,27.19
17/11/20,26.64
16/11/20,27.39
13/11/20,26.28
12/11/20,25.92
11/11/20,26.13
10/11/20,26.23
9/11/20,26.55
6/11/20,25.42
5/11/20,25.98
4/11/20,25.11
3/11/20,24.39
2/11/20,23.67
30/10/20,23.71
29/10/20,23.67
28/10/20,23.03
27/10/20,24.07
26/10/20,23.85
23/10/20,25.49
22/10/20,24.18
21/10/20,23.56
20/10/20,24.41
19/10/20,24.98
16/10/20,24.89
15/10/20,24.96
14/10/20,25.75
13/10/20,25.22
12/10/20,25.87
9/10/20,25.71
8/10/20,26.34
7/10/20,26.9
6/10/20,26.79
5/10/20,26.94
2/10/20,27.03
1/10/20,26.51
30/9/20,26.93
29/9/20,26.79
28/9/20,27.69
25/9/20,26.15
24/9/20,26.77
23/9/20,26.48
22/9/20,27.83
21/9/20,26.38
18/9/20,27.97
17/9/20,28.41
16/9/20,29.96
15/9/20,29.76
14/9/20,30.44
11/9/20,28.24
10/9/20,28.4
9/9/20,27.19
8/9/20,26.78
7/9/20,27.04
4/9/20,27.34
3/9/20,28.72
2/9/20,28.21
1/9/20,27.72
31/8/20,28.64
28/8/20,29.5
27/8/20,28.35
26/8/20,28.6
25/8/20,28.59
24/8/20,27.46
21/8/20,25.63
20/8/20,25.88
19/8/20,26.2
18/8/20,26.51
17/8/20,26.26
14/8/20,25.44
13/8/20,25.4
12/8/20,25.94
11/8/20,26.16
10/8/20,26.68
7/8/20,26.38
6/8/20,26.35
5/8/20,26.73
4/8/20,26.78
3/8/20,26.07
31/7/20,26.23
30/7/20,25.5
29/7/20,26.14
28/7/20,25.69
27/7/20,24.95
24/7/20,26.31
23/7/20,27.27
22/7/20,26.57
21/7/20,26.55
20/7/20,26.1
17/7/20,27.75
16/7/20,26.54
15/7/20,28.81
14/7/20,29.6
13/7/20,29.31
10/7/20,28.98
9/7/20,28.58
8/7/20,29.29
7/7/20,29.36
6/7/20,29.68
3/7/20,27.89
2/7/20,27.35
1/7/20,27.69
30/6/20,26.95
29/6/20,26.55
26/6/20,24.66
25/6/20,25.11
24/6/20,25.33
23/6/20,25.35
22/6/20,24.46
19/6/20,24.09
18/6/20,24.4
17/6/20,22.69
16/6/20,22.72
15/6/20,22.1
12/6/20,21.93
11/6/20,22.21
10/6/20,22.85
9/6/20,22.42
8/6/20,22.65
5/6/20,23.17
4/6/20,22.14
3/6/20,22.01
2/6/20,22.0
1/6/20,20.9
29/5/20,21.33
28/5/20,21.19
27/5/20,21.26
26/5/20,21.53
25/5/20,21.54
22/5/20,21.33
21/5/20,21.12
20/5/20,21.19
19/5/20,19.9
18/5/20,20.28
15/5/20,19.11
14/5/20,18.77
13/5/20,18.6
12/5/20,18.46
11/5/20,19.0
8/5/20,19.29
7/5/20,19.48
6/5/20,18.94
5/5/20,19.03
4/5/20,19.29
1/5/20,18.91
30/4/20,19.51
29/4/20,20.13
28/4/20,20.15
27/4/20,20.22
24/4/20,20.68
23/4/20,20.97
22/4/20,20.59
21/4/20,19.79
20/4/20,21.32
17/4/20,21.64
16/4/20,20.89
15/4/20,19.2
14/4/20,19.76
9/4/20,21.01
8/4/20,21.06
7/4/20,20.44
6/4/20,20.33
3/4/20,17.89
2/4/20,17.99
1/4/20,17.0
31/3/20,17.59
30/3/20,16.93
27/3/20,16.26
26/3/20,17.22
25/3/20,17.41
24/3/20,16.7
23/3/20,15.45
20/3/20,16.04
19/3/20,16.31
18/3/20,15.24
17/3/20,18.25
16/3/20,19.41
13/3/20,21.89
12/3/20,22.49
11/3/20,23.89
10/3/20,24.07
9/3/20,23.25
6/3/20,23.39
5/3/20,23.77
4/3/20,23.8
3/3/20,23.33
2/3/20,23.49
28/2/20,23.57
27/2/20,23.56
26/2/20,24.22
25/2/20,24.14
24/2/20,24.53
21/2/20,25.56
20/2/20,25.59
19/2/20,25.66
18/2/20,25.09
17/2/20,25.0
14/2/20,24.24
13/2/20,24.35
12/2/20,23.83
11/2/20,23.25
10/2/20,23.11
7/2/20,23.26
6/2/20,23.5
5/2/20,23.71
4/2/20,23.3
3/2/20,23.15
31/1/20,23.82
30/1/20,23.67
29/1/20,23.92
28/1/20,24.58
27/1/20,24.52
24/1/20,24.3
23/1/20,24.63
22/1/20,24.94
21/1/20,24.85
20/1/20,25.11
17/1/20,25.36
16/1/20,24.77
15/1/20,24.43
14/1/20,23.77
13/1/20,24.06
10/1/20,24.12
9/1/20,24.58
8/1/20,23.97
7/1/20,24.47
6/1/20,24.15
3/1/20,24.9
2/1/20,24.28
31/12/19,24.52
30/12/19,24.97
27/12/19,26.59
24/12/19,25.97
23/12/19,26.43
20/12/19,26.56
19/12/19,26.74
18/12/19,26.47
17/12/19,25.95
16/12/19,24.86
13/12/19,24.02
12/12/19,25.07
11/12/19,24.48
10/12/19,24.94
9/12/19,25.13
6/12/19,24.94
5/12/19,24.69
4/12/19,24.74
3/12/19,24.0
2/12/19,24.33
29/11/19,25.22
28/11/19,25.01
27/11/19,25.11
26/11/19,24.38
25/11/19,24.44
22/11/19,24.58
21/11/19,23.94
20/11/19,24.03
19/11/19,23.44
18/11/19,23.39
15/11/19,23.85
14/11/19,23.96
13/11/19,24.39
12/11/19,24.12
11/11/19,24.93
8/11/19,24.84
7/11/19,24.94
6/11/19,24.79
5/11/19,25.51
4/11/19,25.63
1/11/19,25.29
31/10/19,25.61
30/10/19,26.0
29/10/19,25.45
28/10/19,25.12
25/10/19,24.97
24/10/19,25.44
23/10/19,24.75
22/10/19,25.66
21/10/19,25.93
18/10/19,25.88
17/10/19,26.06
16/10/19,26.3
15/10/19,25.71
14/10/19,24.15
11/10/19,24.44
10/10/19,23.26
9/10/19,22.65
8/10/19,22.53
7/10/19,23.41
4/10/19,22.94
3/10/19,23.24
2/10/19,24.19
1/10/19,25.04
30/9/19,24.72
27/9/19,25.29
26/9/19,25.62
25/9/19,25.19
24/9/19,25.52
23/9/19,25.78
20/9/19,26.51
19/9/19,25.94
18/9/19,25.44
17/9/19,26.2
16/9/19,27.02
13/9/19,26.37
12/9/19,26.43
11/9/19,26.27
10/9/19,26.72
9/9/19,25.01
6/9/19,25.08
5/9/19,25.53
4/9/19,25.52
3/9/19,25.22
2/9/19,25.18
30/8/19,26.31
29/8/19,26.45
28/8/19,26.0
27/8/19,25.4
26/8/19,25.82
23/8/19,25.08
22/8/19,25.65
21/8/19,26.01
20/8/19,26.24
19/8/19,26.55
16/8/19,25.95
15/8/19,25.97
14/8/19,26.89
13/8/19,27.08
12/8/19,26.68
9/8/19,28.1
8/8/19,28.51
7/8/19,28.25
6/8/19,28.38
5/8/19,28.67
2/8/19,29.23
1/8/19,29.42
31/7/19,27.95
30/7/19,27.87
29/7/19,28.39
26/7/19,28.26
25/7/19,28.99
24/7/19,29.16
23/7/19,29.78
22/7/19,28.96
19/7/19,28.85
18/7/19,27.74
17/7/19,28.43
16/7/19,28.44
15/7/19,29.02
12/7/19,28.76
11/7/19,28.26
10/7/19,28.16
9/7/19,26.53
8/7/19,26.78
5/7/19,26.35
4/7/19,25.98
3/7/19,26.48
2/7/19,26.69
1/7/19,26.89
28/6/19,26.26
27/6/19,26.87
26/6/19,27.37
25/6/19,26.39
24/6/19,26.31
21/6/19,25.24
20/6/19,25.03
19/6/19,24.89
18/6/19,25.05
17/6/19,24.96
14/6/19,24.99
13/6/19,24.9
12/6/19,24.75
11/6/19,24.91
10/6/19,25.13
7/6/19,24.44
6/6/19,23.91
5/6/19,24.18
4/6/19,24.49
3/6/19,23.67
31/5/19,24.39
30/5/19,25.22
29/5/19,25.45
28/5/19,25.4
27/5/19,25.51
24/5/19,25.4
23/5/19,25.99
22/5/19,26.3
21/5/19,25.32
20/5/19,25.13
17/5/19,24.93
16/5/19,25.5
15/5/19,25.9
14/5/19,25.82
13/5/19,24.96
10/5/19,25.55
9/5/19,26.43
8/5/19,26.83
7/5/19,26.33
6/5/19,25.26
3/5/19,25.13
2/5/19,24.63
1/5/19,25.71
30/4/19,26.22
29/4/19,26.31
26/4/19,25.78
25/4/19,27.21
24/4/19,27.34
23/4/19,27.47
22/4/19,26.83
18/4/19,26.83
17/4/19,27.4
16/4/19,26.94
15/4/19,26.75
12/4/19,26.52
11/4/19,27.26
10/4/19,26.07
9/4/19,25.47
8/4/19,24.25
5/4/19,24.54
4/4/19,24.38
3/4/19,23.1
2/4/19,21.95
1/4/19,21.85
29/3/19,21.47
28/3/19,22.19
27/3/19,21.78
26/3/19,21.47
25/3/19,20.83
22/3/19,20.56
21/3/19,20.83
20/3/19,21.53
19/3/19,21.01
18/3/19,21.71
15/3/19,22.36
14/3/19,22.63
13/3/19,22.17
12/3/19,22.22
11/3/19,22.18
8/3/19,22.91
7/3/19,23.17
6/3/19,22.04
5/3/19,22.83
4/3/19,23.03
1/3/19,22.18
28/2/19,21.59
27/2/19,21.17
26/2/19,19.56
25/2/19,19.15
22/2/19,18.85
21/2/19,18.71
20/2/19,20.37
19/2/19,20.1
18/2/19,19.9
15/2/19,20.31
14/2/19,19.68
13/2/19,20.83
12/2/19,20.58
11/2/19,22.27
8/2/19,22.24
7/2/19,23.34
6/2/19,23.56
5/2/19,23.03
4/2/19,22.92
1/2/19,21.85
31/1/19,22.16
30/1/19,22.91
29/1/19,23.24
28/1/19,22.62
25/1/19,23.78
24/1/19,23.9
23/1/19,24.55
22/1/19,25.03
21/1/19,24.3
18/1/19,24.69
17/1/19,23.51
16/1/19,23.25
15/1/19,22.49
14/1/19,22.41
11/1/19,22.6
10/1/19,21.95
9/1/19,21.87
8/1/19,22.68
7/1/19,22.09
4/1/19,23.54
3/1/19,23.08
2/1/19,25.06
31/12/18,24.73
28/12/18,24.7
27/12/18,24.73
26/12/18,24.9
24/12/18,24.9
21/12/18,24.65
20/12/18,24.23
19/12/18,24.38
18/12/18,24.09
17/12/18,24.26
14/12/18,23.37
13/12/18,22.32
12/12/18,21.47
11/12/18,20.16
10/12/18,20.86
7/12/18,20.29
6/12/18,19.99
5/12/18,19.67
4/12/18,20.73
3/12/18,20.63
30/11/18,20.5
29/11/18,20.02
28/11/18,19.29
27/11/18,19.6
26/11/18,19.83
23/11/18,20.21
22/11/18,20.92
21/11/18,20.49
20/11/18,19.46
19/11/18,18.93
16/11/18,19.11
15/11/18,19.0
14/11/18,19.73
13/11/18,20.14
12/11/18,20.5
9/11/18,19.5
8/11/18,19.56
7/11/18,18.62
6/11/18,17.57
5/11/18,17.23
2/11/18,17.08
1/11/18,15.62
31/10/18,16.36
30/10/18,16.02
29/10/18,16.68
26/10/18,18.28
25/10/18,19.08
24/10/18,19.61
23/10/18,19.23
22/10/18,19.0
19/10/18,19.71
18/10/18,19.74
17/10/18,19.27
16/10/18,19.29
15/10/18,18.58
12/10/18,20.37
11/10/18,19.87
10/10/18,19.46
9/10/18,20.79
8/10/18,21.94
5/10/18,22.16
4/10/18,21.34
3/10/18,21.18
2/10/18,20.98
1/10/18,21.37
28/9/18,21.21
27/9/18,20.83
26/9/18,20.24
25/9/18,21.25
24/9/18,22.37
21/9/18,22.08
20/9/18,21.98
19/9/18,21.43
18/9/18,20.19
17/9/18,20.9
14/9/18,19.94
13/9/18,18.87
12/9/18,22.92
11/9/18,24.13
10/9/18,25.19
7/9/18,23.19
6/9/18,21.44
5/9/18,20.34
4/9/18,20.14
3/9/18,20.12
31/8/18,21.06
30/8/18,21.13
29/8/18,21.02
28/8/18,20.65
27/8/18,21.28
24/8/18,20.65
23/8/18,20.36
22/8/18,19.78
21/8/18,19.29
20/8/18,18.47
17/8/18,18.12
16/8/18,17.97
15/8/18,18.07
14/8/18,18.14
13/8/18,18.04
10/8/18,17.87
9/8/18,17.58
8/8/18,17.38
7/8/18,17.49
6/8/18,17.55
3/8/18,17.65
2/8/18,17.61
1/8/18,17.76
31/7/18,17.38
30/7/18,17.03
27/7/18,17.11
26/7/18,17.28
25/7/18,17.33
24/7/18,17.09
23/7/18,17.38
20/7/18,17.06
19/7/18,16.85
18/7/18,16.4
17/7/18,16.07
16/7/18,15.92
13/7/18,16.05
12/7/18,16.08
11/7/18,16.31
10/7/18,16.04
9/7/18,15.99
6/7/18,15.69
5/7/18,15.67
4/7/18,15.51
3/7/18,15.09
2/7/18,15.06
29/6/18,14.98
28/6/18,14.99
27/6/18,15.24
26/6/18,15.01
25/6/18,14.99
22/6/18,15.09
21/6/18,14.78
20/6/18,14.47
19/6/18,14.21
18/6/18,14.57
15/6/18,14.5
14/6/18,14.88
13/6/18,15.28
12/6/18,15.12
11/6/18,15.46
8/6/18,15.79
7/6/18,15.97
6/6/18,15.9
5/6/18,15.74
4/6/18,16.1
1/6/18,15.26
31/5/18,14.88
30/5/18,15.81
29/5/18,16.27
28/5/18,16.28
25/5/18,15.97
24/5/18,16.26
23/5/18,15.98
22/5/18,15.92
21/5/18,15.53
18/5/18,15.22
17/5/18,15.27
16/5/18,15.15
15/5/18,14.29
14/5/18,14.6
11/5/18,14.6
10/5/18,14.57
9/5/18,13.96
8/5/18,13.56
7/5/18,13.58
4/5/18,12.98
3/5/18,12.92
2/5/18,13.02
1/5/18,13.35
30/4/18,13.56
27/4/18,13.53
26/4/18,13.46
25/4/18,13.23
24/4/18,13.2
23/4/18,12.86
20/4/18,13.02
19/4/18,13.43
18/4/18,13.86
17/4/18,13.71
16/4/18,13.97
13/4/18,13.91
12/4/18,13.56
11/4/18,13.4
10/4/18,13.35
9/4/18,13.3
6/4/18,12.96
5/4/18,12.61
4/4/18,13.03
3/4/18,13.27
29/3/18,13.26
28/3/18,12.96
27/3/18,13.65
26/3/18,12.96
23/3/18,12.58
22/3/18,12.31
21/3/18,12.62
20/3/18,11.52
19/3/18,11.04
16/3/18,11.15
15/3/18,11.16
14/3/18,11.16
13/3/18,11.38
12/3/18,11.06
9/3/18,11.1
8/3/18,11.1
7/3/18,10.62
6/3/18,10.45
5/3/18,10.34
2/3/18,10.12
1/3/18,9.97
28/2/18,10.08
27/2/18,10.13
26/2/18,9.61
23/2/18,9.79
22/2/18,9.7
21/2/18,9.54
20/2/18,9.7
19/2/18,9.86
16/2/18,9.5
15/2/18,9.52
14/2/18,9.58
13/2/18,9.87
12/2/18,9.46
9/2/18,9.21
8/2/18,9.1
7/2/18,8.97
6/2/18,8.78
5/2/18,9.05
2/2/18,8.94
1/2/18,9.25
31/1/18,9.26
30/1/18,8.86
29/1/18,8.98
26/1/18,9.07
25/1/18,9.22
24/1/18,9.43
23/1/18,8.99
22/1/18,8.73
19/1/18,8.74
18/1/18,8.47
17/1/18,8.16
16/1/18,8.03
15/1/18,7.78
12/1/18,7.84
11/1/18,7.8
10/1/18,7.87
9/1/18,7.76
8/1/18,7.64
5/1/18,7.76
4/1/18,7.75
3/1/18,7.81
2/1/18,7.78
29/12/17,8.15
28/12/17,8.18
27/12/17,8.14
26/12/17,8.16
22/12/17,8.16
21/12/17,8.0
20/12/17,7.79
19/12/17,7.52
18/12/17,7.39
15/12/17,7.18
14/12/17,7.09
13/12/17,7.07
12/12/17,7.14
11/12/17,7.2
8/12/17,7.14
7/12/17,7.35
6/12/17,7.27
5/12/17,7.43
4/12/17,7.55
1/12/17,7.68
30/11/17,7.53
29/11/17,7.7
28/11/17,7.59
27/11/17,7.7
24/11/17,7.77
23/11/17,7.66
22/11/17,7.37
21/11/17,7.39
20/11/17,7.44
17/11/17,7.48
16/11/17,7.5
15/11/17,7.69
14/11/17,7.39
13/11/17,7.35
10/11/17,7.4
9/11/17,7.55
8/11/17,7.72
7/11/17,7.75
6/11/17,7.92
3/11/17,7.88
2/11/17,7.66
1/11/17,7.51
31/10/17,7.37
30/10/17,7.14
27/10/17,7.17
26/10/17,7.2
25/10/17,7.4
24/10/17,7.47
23/10/17,7.44
20/10/17,7.57
19/10/17,7.65
18/10/17,7.81
17/10/17,7.42
16/10/17,7.36
13/10/17,7.32
12/10/17,7.41
11/10/17,7.38
10/10/17,7.39
9/10/17,6.96
6/10/17,7.0
5/10/17,6.89
4/10/17,6.9
3/10/17,7.0
2/10/17,6.94
29/9/17,7.07
28/9/17,6.96
27/9/17,6.93
26/9/17,6.98
25/9/17,7.27
22/9/17,6.64
21/9/17,6.55
20/9/17,6.9
19/9/17,7.02
18/9/17,6.72
15/9/17,6.94
14/9/17,7.09
13/9/17,7.09
12/9/17,6.86
11/9/17,6.87
8/9/17,7.06
7/9/17,6.89
6/9/17,6.69
5/9/17,6.49
4/9/17,5.91
1/9/17,5.82
31/8/17,5.93
30/8/17,6.02
29/8/17,6.03
28/8/17,6.09
25/8/17,6.08
24/8/17,5.94
23/8/17,5.94
22/8/17,5.77
21/8/17,5.74
18/8/17,5.81
17/8/17,5.8
16/8/17,5.79
15/8/17,5.52
14/8/17,5.51
11/8/17,5.38
10/8/17,5.36
9/8/17,5.36
8/8/17,5.26
7/8/17,5.26
4/8/17,5.34
3/8/17,5.42
2/8/17,5.42
1/8/17,5.29
31/7/17,5.22
28/7/17,5.17
27/7/17,5.13
26/7/17,5.24
25/7/17,5.15
24/7/17,5.13
21/7/17,5.08
20/7/17,5.29
19/7/17,5.38
18/7/17,5.45
17/7/17,5.43
14/7/17,5.41
13/7/17,5.35
12/7/17,5.47
11/7/17,5.32
10/7/17,5.39
7/7/17,5.33
6/7/17,5.23
5/7/17,5.04
4/7/17,5.11
3/7/17,5.13
30/6/17,5.02
29/6/17,5.06
28/6/17,4.93
27/6/17,4.93
26/6/17,4.77
23/6/17,4.86
22/6/17,4.86
21/6/17,4.87
20/6/17,4.94
19/6/17,4.92
16/6/17,4.87
15/6/17,4.95
14/6/17,4.93
13/6/17,5.0
12/6/17,4.91
9/6/17,5.04
8/6/17,5.04
7/6/17,4.87
6/6/17,4.97
5/6/17,5.17
2/6/17,5.16
1/6/17,5.08
31/5/17,4.98
30/5/17,5.14
29/5/17,5.17
26/5/17,5.19
25/5/17,4.98
24/5/17,4.91
23/5/17,4.75
22/5/17,4.9
19/5/17,4.85
18/5/17,4.76
17/5/17,4.58
16/5/17,4.54
15/5/17,4.39
12/5/17,4.46
11/5/17,4.35
10/5/17,4.45
9/5/17,4.52
8/5/17,4.42
5/5/17,4.58
4/5/17,4.52
3/5/17,4.4
2/5/17,4.45
1/5/17,4.57
28/4/17,4.57
27/4/17,4.55
26/4/17,4.61
25/4/17,4.5
24/4/17,4.64
21/4/17,4.57
20/4/17,4.75
19/4/17,4.83
18/4/17,4.86
17/4/17,4.95
13/4/17,4.95
12/4/17,4.93
11/4/17,4.87
10/4/17,4.79
7/4/17,4.89
6/4/17,5.06
5/4/17,4.82
4/4/17,4.65
3/4/17,4.87
31/3/17,4.69
30/3/17,4.92
29/3/17,4.76
28/3/17,4.74
27/3/17,4.62
24/3/17,4.76
23/3/17,4.97
22/3/17,4.96
21/3/17,4.93
20/3/17,4.99
17/3/17,5.13
16/3/17,5.14
15/3/17,5.19
14/3/17,5.1
13/3/17,5.15
10/3/17,5.16
9/3/17,5.12
8/3/17,5.23
7/3/17,5.37
6/3/17,5.48
3/3/17,5.59
2/3/17,5.46
1/3/17,5.9
28/2/17,5.23
27/2/17,5.19
24/2/17,5.38
23/2/17,5.34
22/2/17,5.06
21/2/17,5.04
20/2/17,5.08
17/2/17,4.97
16/2/17,4.93
15/2/17,5.06
14/2/17,5.13
13/2/17,4.9
10/2/17,5.12
9/2/17,5.28
8/2/17,5.21
7/2/17,5.16
6/2/17,5.09
3/2/17,5.15
2/2/17,5.22
1/2/17,5.27
31/1/17,5.35
30/1/17,5.16
27/1/17,4.92
26/1/17,5.19
25/1/17,4.97
24/1/17,5.07
23/1/17,5.31
20/1/17,5.42
19/1/17,5.2
18/1/17,4.84
17/1/17,5.0
16/1/17,4.7
13/1/17,5.04
12/1/17,5.04
11/1/17,5.52
10/1/17,5.51
9/1/17,5.27
6/1/17,5.05
5/1/17,5.29
4/1/17,5.72
3/1/17,5.43
2/1/17,6.12
30/12/16,6.55
29/12/16,6.36
28/12/16,6.33
27/12/16,6.33
23/12/16,6.23
22/12/16,6.08
21/12/16,5.81
20/12/16,5.24
19/12/16,5.09
16/12/16,4.93
15/12/16,4.84
14/12/16,5.01
13/12/16,4.79
12/12/16,4.87
9/12/16,4.46
8/12/16,4.61
7/12/16,4.3
6/12/16,4.5
5/12/16,4.37
2/12/16,4.3
1/12/16,4.46
30/11/16,4.58
29/11/16,4.56
28/11/16,4.74
25/11/16,5.0
24/11/16,5.34
23/11/16,5.39
22/11/16,5.51
21/11/16,5.48
18/11/16,5.58
17/11/16,5.9
16/11/16,5.55
15/11/16,5.74
14/11/16,5.41
11/11/16,5.67
10/11/16,5.92
9/11/16,6.13
8/11/16,6.15
7/11/16,6.23
4/11/16,6.41
3/11/16,6.5
2/11/16,6.24
1/11/16,6.03
31/10/16,5.9
28/10/16,5.88
27/10/16,5.81
26/10/16,5.94
25/10/16,5.81
24/10/16,5.81
21/10/16,5.89
20/10/16,5.58
19/10/16,5.67
18/10/16,5.95
17/10/16,5.87
14/10/16,5.81
13/10/16,5.65
12/10/16,5.52
11/10/16,5.43
10/10/16,5.66
7/10/16,5.69
6/10/16,5.86
5/10/16,5.48
4/10/16,5.21
3/10/16,5.31
30/9/16,4.96
29/9/16,5.02
28/9/16,4.95
27/9/16,4.43
26/9/16,4.62
23/9/16,4.54
22/9/16,4.42
21/9/16,4.21
20/9/16,4.16
19/9/16,4.4
16/9/16,4.36
15/9/16,4.14
14/9/16,3.98
13/9/16,4.02
12/9/16,4.03
9/9/16,4.08
8/9/16,4.08
7/9/16,4.01
6/9/16,4.13
5/9/16,3.93
2/9/16,4.08
1/9/16,4.37
31/8/16,4.46
30/8/16,4.54
29/8/16,4.69
26/8/16,4.69
25/8/16,4.7
24/8/16,4.6
23/8/16,4.7
22/8/16,4.89
19/8/16,4.76
18/8/16,4.68
17/8/16,4.48
16/8/16,4.69
15/8/16,4.8
12/8/16,4.89
11/8/16,4.87
10/8/16,4.76
9/8/16,4.87
8/8/16,4.94
5/8/16,4.72
4/8/16,4.69
3/8/16,4.63
2/8/16,4.41
1/8/16,4.37
29/7/16,4.42
28/7/16,4.48
27/7/16,4.53
26/7/16,4.51
25/7/16,4.59
22/7/16,4.56
21/7/16,4.65
20/7/16,4.69
19/7/16,4.67
18/7/16,4.85
15/7/16,4.93
14/7/16,4.78
13/7/16,4.79
12/7/16,4.63
11/7/16,4.43
8/7/16,4.55
7/7/16,4.58
6/7/16,4.59
5/7/16,4.71
4/7/16,4.97
1/7/16,4.62
30/6/16,4.47
29/6/16,4.52
28/6/16,4.69
27/6/16,4.76
24/6/16,4.95
23/6/16,5.63
22/6/16,5.67
21/6/16,5.54
20/6/16,5.84
17/6/16,5.66
16/6/16,5.7
15/6/16,5.89
14/6/16,5.84
13/6/16,5.84
10/6/16,5.94
9/6/16,6.1
8/6/16,6.09
7/6/16,6.1
6/6/16,6.19
3/6/16,5.93
2/6/16,6.01
1/6/16,5.95
31/5/16,6.08
30/5/16,6.1
27/5/16,6.02
26/5/16,6.01
25/5/16,5.85
24/5/16,5.78
23/5/16,5.72
20/5/16,5.95
19/5/16,5.98
18/5/16,6.05
17/5/16,6.04
16/5/16,6.1
13/5/16,5.84
12/5/16,5.8
11/5/16,6.01
10/5/16,5.89
9/5/16,5.69
6/5/16,5.85
5/5/16,6.19
4/5/16,6.12
3/5/16,5.98
2/5/16,6.1
29/4/16,6.17
28/4/16,6.33
27/4/16,6.83
26/4/16,6.61
25/4/16,5.89
22/4/16,5.96
21/4/16,5.74
20/4/16,5.54
19/4/16,5.56
18/4/16,5.46
15/4/16,5.47
14/4/16,5.6
13/4/16,5.53
12/4/16,5.58
11/4/16,5.57
8/4/16,5.41
7/4/16,5.27
6/4/16,5.3
5/4/16,5.23
4/4/16,5.32
1/4/16,5.16
31/3/16,5.2
30/3/16,4.95
29/3/16,4.77
28/3/16,4.84
24/3/16,4.84
23/3/16,4.79
22/3/16,4.81
21/3/16,4.86
18/3/16,4.93
17/3/16,4.99
16/3/16,4.95
15/3/16,4.85
14/3/16,4.85
11/3/16,4.98
10/3/16,4.9
9/3/16,5.07
8/3/16,5.01
7/3/16,5.09
4/3/16,4.92
3/3/16,4.88
2/3/16,4.95
1/3/16,4.99
29/2/16,5.0
26/2/16,4.99
25/2/16,5.07
24/2/16,4.86
23/2/16,4.9
22/2/16,5.41
19/2/16,5.16
18/2/16,5.25
17/2/16,5.08
16/2/16,4.68
15/2/16,4.79
12/2/16,5.05
11/2/16,4.73
10/2/16,4.87
9/2/16,4.95
8/2/16,5.23
5/2/16,5.54
4/2/16,5.6
3/2/16,5.62
2/2/16,5.82
1/2/16,5.69
29/1/16,6.05
28/1/16,6.07
27/1/16,5.91
26/1/16,6.08
25/1/16,5.88
22/1/16,6.33
21/1/16,6.18
20/1/16,6.32
19/1/16,6.82
18/1/16,6.73
15/1/16,6.68
14/1/16,7.1
13/1/16,7.25
12/1/16,7.11
11/1/16,7.14
8/1/16,7.42
7/1/16,7.56
6/1/16,7.77
5/1/16,8.02
4/1/16,8.07
31/12/15,8.25
30/12/15,8.24
29/12/15,8.3
28/12/15,8.33
24/12/15,8.21
23/12/15,8.25
22/12/15,8.28
21/12/15,8.22
18/12/15,8.09
17/12/15,8.1
16/12/15,8.16
15/12/15,8.21
14/12/15,8.07
11/12/15,8.07
10/12/15,8.36
9/12/15,8.4
8/12/15,8.41
7/12/15,8.41
4/12/15,8.52
3/12/15,8.59
2/12/15,8.48
1/12/15,8.56
30/11/15,8.58
27/11/15,8.58
26/11/15,8.58
25/11/15,8.62
24/11/15,8.65
23/11/15,8.56
20/11/15,8.51
19/11/15,8.63
18/11/15,8.58
17/11/15,8.61
16/11/15,8.53
13/11/15,8.39
12/11/15,8.37
11/11/15,8.44
10/11/15,8.44
9/11/15,8.32
6/11/15,8.41
5/11/15,8.47
4/11/15,8.4
3/11/15,8.45
2/11/15,8.6
30/10/15,8.64
29/10/15,8.68
28/10/15,8.57
27/10/15,8.61
26/10/15,8.66
23/10/15,8.63
22/10/15,8.48
21/10/15,8.45
20/10/15,8.47
19/10/15,8.35
16/10/15,8.39
15/10/15,8.43
14/10/15,8.44
13/10/15,8.33
12/10/15,8.3
9/10/15,8.35
8/10/15,8.13
7/10/15,8.11
6/10/15,8.22
5/10/15,8.21
2/10/15,8.15
1/10/15,8.17
30/9/15,8.15
29/9/15,7.98
28/9/15,7.9
25/9/15,7.98
24/9/15,7.99
23/9/15,8.05
22/9/15,8.0
21/9/15,7.96
18/9/15,8.09
17/9/15,8.21
16/9/15,8.21
15/9/15,8.15
14/9/15,8.21
11/9/15,8.24
10/9/15,8.26
9/9/15,8.25
8/9/15,8.22
7/9/15,8.06
4/9/15,8.07
3/9/15,8.15
2/9/15,8.1
1/9/15,7.99
31/8/15,8.05
28/8/15,8.09
27/8/15,8.03
26/8/15,8.08
25/8/15,8.23
24/8/15,8.16
21/8/15,8.19
20/8/15,8.35
19/8/15,8.33
18/8/15,8.26
17/8/15,8.23
14/8/15,8.31
13/8/15,8.18
12/8/15,8.18
11/8/15,8.08
10/8/15,7.91
7/8/15,7.77
6/8/15,7.83
5/8/15,7.82
4/8/15,7.89
3/8/15,7.94
31/7/15,7.86
30/7/15,7.87
29/7/15,8.05
28/7/15,8.01
27/7/15,8.01
24/7/15,8.0
23/7/15,8.07
22/7/15,7.95
21/7/15,7.95
20/7/15,7.97
17/7/15,7.73
16/7/15,7.65
15/7/15,7.75
14/7/15,7.72
13/7/15,7.78
10/7/15,7.61
9/7/15,7.48
8/7/15,7.45
7/7/15,7.46
6/7/15,7.37
3/7/15,7.43
2/7/15,7.44
1/7/15,7.48
30/6/15,7.44
29/6/15,7.33
26/6/15,7.52
25/6/15,7.58
24/6/15,7.48
23/6/15,7.48
22/6/15,7.46
19/6/15,7.41
18/6/15,7.45
17/6/15,7.46
16/6/15,7.41
15/6/15,7.51
12/6/15,7.61
11/6/15,7.5
10/6/15,7.58
9/6/15,7.56
8/6/15,7.44
5/6/15,7.4
4/6/15,7.39
3/6/15,7.48
2/6/15,7.44
1/6/15,7.24
29/5/15,7.32
28/5/15,7.18
27/5/15,7.17
26/5/15,7.22
25/5/15,7.36
22/5/15,7.3
21/5/15,7.3
20/5/15,7.35
19/5/15,7.37
18/5/15,7.6
15/5/15,7.59
14/5/15,7.56
13/5/15,7.65
12/5/15,7.6
11/5/15,7.63
8/5/15,7.54
7/5/15,7.44
6/5/15,7.54
5/5/15,7.56
4/5/15,7.59
1/5/15,7.49
30/4/15,7.4
29/4/15,7.47
28/4/15,7.36
27/4/15,7.17
24/4/15,7.3
23/4/15,7.27
22/4/15,7.1
21/4/15,7.09
20/4/15,7.14
17/4/15,6.85
16/4/15,6.88
15/4/15,6.86
14/4/15,6.81
13/4/15,6.81
10/4/15,6.96
9/4/15,7.03
8/4/15,7.14
7/4/15,7.13
6/4/15,7.17
2/4/15,7.17
1/4/15,7.16
31/3/15,6.94
30/3/15,6.9
27/3/15,6.78
26/3/15,6.97
25/3/15,6.99
24/3/15,7.05
23/3/15,7.04
20/3/15,7.04
19/3/15,6.67
18/3/15,6.74
17/3/15,6.73
16/3/15,6.49
13/3/15,6.46
12/3/15,6.41
11/3/15,6.76
10/3/15,6.82
9/3/15,6.68
6/3/15,6.8
5/3/15,6.75
4/3/15,7.02
3/3/15,6.73
2/3/15,6.95
27/2/15,7.1
26/2/15,7.06
25/2/15,7.39
24/2/15,7.47
23/2/15,7.71
20/2/15,7.33
19/2/15,7.35
18/2/15,7.5
17/2/15,7.48
16/2/15,7.66
13/2/15,7.65
12/2/15,7.41
11/2/15,7.25
10/2/15,7.12
9/2/15,6.93
6/2/15,6.96
5/2/15,7.01
4/2/15,6.94
3/2/15,7.07
2/2/15,7.14
30/1/15,7.09
29/1/15,7.07
28/1/15,6.96
27/1/15,6.85
26/1/15,6.87
23/1/15,6.82
22/1/15,6.78
21/1/15,7.35
20/1/15,7.19
19/1/15,7.24
16/1/15,7.16
15/1/15,7.15
14/1/15,7.19
13/1/15,7.32
12/1/15,6.74
9/1/15,6.74
8/1/15,6.84
7/1/15,6.81
6/1/15,6.8
5/1/15,6.93
2/1/15,7.03
31/12/14,7.27
30/12/14,7.23
29/12/14,7.27
26/12/14,7.39
24/12/14,7.39
23/12/14,7.27
22/12/14,7.13
19/12/14,7.1
18/12/14,7.06
17/12/14,7.01
16/12/14,6.93
15/12/14,6.89
12/12/14,6.66
11/12/14,6.74
10/12/14,6.56
9/12/14,6.74
8/12/14,6.66
5/12/14,6.66
4/12/14,6.84
3/12/14,6.89
2/12/14,6.85
1/12/14,7.07
28/11/14,7.04
27/11/14,7.09
26/11/14,7.19
25/11/14,7.12
24/11/14,7.05
21/11/14,7.0
20/11/14,6.96
19/11/14,7.04
18/11/14,7.02
17/11/14,6.9
14/11/14,6.62
13/11/14,6.79
12/11/14,6.85
11/11/14,6.8
10/11/14,6.72
7/11/14,6.76
6/11/14,6.63
5/11/14,6.65
4/11/14,6.49
3/11/14,6.58
31/10/14,6.35
30/10/14,6.42
29/10/14,6.42
28/10/14,6.16
27/10/14,6.29
24/10/14,6.41
23/10/14,6.34
22/10/14,6.23
21/10/14,6.18
20/10/14,6.14
17/10/14,6.13
16/10/14,6.21
15/10/14,6.15
14/10/14,6.08
13/10/14,6.06
10/10/14,6.04
9/10/14,6.12
8/10/14,6.05
7/10/14,5.73
6/10/14,5.68
3/10/14,5.68
2/10/14,5.69
1/10/14,5.81
30/9/14,5.84
29/9/14,5.75
26/9/14,5.91
25/9/14,5.8
24/9/14,5.8
23/9/14,5.65
22/9/14,5.98
19/9/14,6.01
18/9/14,5.97
17/9/14,5.88
16/9/14,5.79
15/9/14,5.91
12/9/14,6.04
11/9/14,6.1
10/9/14,6.08
9/9/14,6.12
8/9/14,6.27
5/9/14,6.26
4/9/14,6.11
3/9/14,6.32
2/9/14,6.38
1/9/14,6.39
29/8/14,6.38
28/8/14,6.43
27/8/14,6.35
26/8/14,6.29
25/8/14,6.32
22/8/14,6.35
21/8/14,6.34
20/8/14,6.41
19/8/14,6.43
18/8/14,6.34
15/8/14,6.38
14/8/14,6.23
13/8/14,6.23
12/8/14,6.11
11/8/14,6.13
8/8/14,5.97
7/8/14,5.94
6/8/14,6.21
5/8/14,6.2
4/8/14,6.23
1/8/14,6.27
31/7/14,6.21
30/7/14,6.13
29/7/14,6.03
28/7/14,6.19
25/7/14,6.13
24/7/14,6.05
23/7/14,6.17
22/7/14,6.17
21/7/14,6.06
18/7/14,6.0
17/7/14,6.15
16/7/14,6.04
15/7/14,5.94
14/7/14,5.88
11/7/14,5.74
10/7/14,5.68
9/7/14,5.81
8/7/14,5.75
7/7/14,5.56
4/7/14,5.67
3/7/14,6.01
2/7/14,6.09
1/7/14,6.03
30/6/14,5.81
27/6/14,5.76
26/6/14,5.7
25/6/14,5.71
24/6/14,5.74
23/6/14,5.79
20/6/14,5.65
19/6/14,5.54
18/6/14,5.65
17/6/14,5.7
16/6/14,5.63
13/6/14,5.66
12/6/14,5.55
11/6/14,5.36
10/6/14,5.49
9/6/14,5.53
6/6/14,5.44
5/6/14,5.54
4/6/14,5.39
3/6/14,5.43
2/6/14,5.14
30/5/14,5.05
29/5/14,5.2
28/5/14,5.2
27/5/14,5.17
26/5/14,5.09
23/5/14,5.12
22/5/14,5.16
21/5/14,5.12
20/5/14,4.84
19/5/14,4.7
16/5/14,4.8
15/5/14,4.78
14/5/14,5.12
13/5/14,5.3
12/5/14,5.31
9/5/14,5.25
8/5/14,5.15
7/5/14,5.14
6/5/14,5.24
5/5/14,5.23
2/5/14,5.2
1/5/14,5.42
30/4/14,5.42
29/4/14,5.43
28/4/14,5.22
25/4/14,5.08
24/4/14,5.73
23/4/14,5.68
22/4/14,5.69
21/4/14,5.56
17/4/14,5.56
16/4/14,5.47
15/4/14,5.55
14/4/14,5.25
11/4/14,5.33
10/4/14,5.13
9/4/14,4.95
8/4/14,4.87
7/4/14,4.99
4/4/14,4.7
3/4/14,4.87
2/4/14,4.85
1/4/14,5.06
31/3/14,4.64
28/3/14,4.34
27/3/14,5.17
26/3/14,5.8
25/3/14,5.85
24/3/14,5.86
21/3/14,6.18
20/3/14,6.01
19/3/14,5.99
18/3/14,5.75
17/3/14,5.87
14/3/14,6.29
13/3/14,6.43
12/3/14,6.5
11/3/14,6.82
10/3/14,6.89
7/3/14,6.9
6/3/14,6.8
5/3/14,6.77
4/3/14,6.81
3/3/14,6.61
28/2/14,7.06
27/2/14,6.5
26/2/14,6.48
25/2/14,6.21
24/2/14,7.0
21/2/14,7.13
20/2/14,6.98
19/2/14,6.91
18/2/14,6.74
17/2/14,6.8
14/2/14,6.58
13/2/14,6.38
12/2/14,6.35
11/2/14,6.24
10/2/14,6.4
7/2/14,6.42
6/2/14,6.44
5/2/14,6.07
4/2/14,5.82
3/2/14,5.84
31/1/14,5.52
30/1/14,5.71
29/1/14,5.5
28/1/14,5.52
27/1/14,5.37
24/1/14,5.26
23/1/14,5.03
22/1/14,5.13
21/1/14,5.04
20/1/14,4.93
17/1/14,5.07
16/1/14,5.07
15/1/14,4.82
14/1/14,4.83
13/1/14,4.63
10/1/14,4.53
9/1/14,4.51
8/1/14,4.58
7/1/14,4.69
6/1/14,4.64
3/1/14,4.72
2/1/14,4.74
31/12/13,4.86
30/12/13,4.93
27/12/13,4.94
26/12/13,4.92
24/12/13,4.92
23/12/13,4.79
20/12/13,4.78
19/12/13,4.94
18/12/13,4.89
17/12/13,4.91
16/12/13,4.67
13/12/13,4.8
12/12/13,4.9
11/12/13,4.88
10/12/13,5.02
9/12/13,4.9
6/12/13,4.79
5/12/13,4.64
4/12/13,4.48
3/12/13,4.48
2/12/13,4.5
29/11/13,4.36
28/11/13,4.43
27/11/13,4.47
26/11/13,4.49
25/11/13,4.4
22/11/13,4.43
21/11/13,4.41
20/11/13,4.49
19/11/13,4.42
18/11/13,4.35
15/11/13,4.5
14/11/13,4.59
13/11/13,4.65
12/11/13,4.65
11/11/13,4.61
8/11/13,4.49
7/11/13,4.8
6/11/13,4.78
5/11/13,4.8
4/11/13,4.56
1/11/13,4.62
31/10/13,4.81
30/10/13,4.97
29/10/13,5.09
28/10/13,4.83
25/10/13,5.01
24/10/13,4.67
23/10/13,4.62
22/10/13,4.71
21/10/13,4.59
18/10/13,5.13
17/10/13,5.18
16/10/13,5.34
15/10/13,4.96
14/10/13,4.82
11/10/13,4.62
10/10/13,4.77
9/10/13,4.8
8/10/13,4.87
7/10/13,4.97
4/10/13,5.11
3/10/13,5.2
2/10/13,5.28
1/10/13,5.15
30/9/13,5.02
27/9/13,5.39
26/9/13,5.46
25/9/13,5.37
24/9/13,5.37
23/9/13,5.41
20/9/13,5.35
19/9/13,5.35
18/9/13,5.52
17/9/13,5.66
16/9/13,5.46
13/9/13,5.39
12/9/13,5.61
11/9/13,5.25
10/9/13,5.12
9/9/13,5.3
6/9/13,5.32
5/9/13,4.95
4/9/13,4.54
3/9/13,4.4
2/9/13,4.49
30/8/13,4.55
29/8/13,4.58
28/8/13,4.59
27/8/13,4.53
26/8/13,4.41
23/8/13,4.42
22/8/13,4.51
21/8/13,4.36
20/8/13,4.34
19/8/13,4.32
16/8/13,4.35
15/8/13,4.35
14/8/13,4.35
13/8/13,4.29
12/8/13,4.31
9/8/13,4.44
8/8/13,4.51
7/8/13,4.44
6/8/13,4.5
5/8/13,4.41
2/8/13,4.38
1/8/13,4.33
31/7/13,4.32
30/7/13,4.27
29/7/13,4.32
26/7/13,4.32
25/7/13,4.29
24/7/13,4.29
23/7/13,4.25
22/7/13,4.2
19/7/13,4.18
18/7/13,4.12
17/7/13,4.12
16/7/13,4.12
15/7/13,4.04
12/7/13,4.03
11/7/13,4.08
10/7/13,4.04
9/7/13,4.16
8/7/13,4.23
5/7/13,4.28
4/7/13,4.54
3/7/13,4.68
2/7/13,4.28
1/7/13,4.23
28/6/13,4.2
27/6/13,4.42
26/6/13,4.41
25/6/13,4.27
24/6/13,4.09
21/6/13,4.35
20/6/13,4.4
19/6/13,4.35
18/6/13,4.67
17/6/13,4.55
14/6/13,4.74
13/6/13,4.38
12/6/13,4.46
11/6/13,4.16
10/6/13,4.0
7/6/13,4.07
6/6/13,3.95
5/6/13,3.86
4/6/13,3.91
3/6/13,3.87
31/5/13,3.91
30/5/13,3.77
29/5/13,3.7
28/5/13,3.6
27/5/13,3.45
24/5/13,3.51
23/5/13,3.36
22/5/13,3.28
21/5/13,3.51
20/5/13,3.56
17/5/13,3.49
16/5/13,3.65
15/5/13,3.59
14/5/13,3.47
13/5/13,3.22
10/5/13,3.33
9/5/13,3.74
8/5/13,3.44
7/5/13,3.69
6/5/13,3.86
3/5/13,3.73
2/5/13,3.04
1/5/13,2.87
30/4/13,3.08
29/4/13,3.27
26/4/13,3.06
25/4/13,2.92
24/4/13,2.98
23/4/13,3.05
22/4/13,2.85
19/4/13,3.13
18/4/13,3.04
17/4/13,2.72
16/4/13,3.05
15/4/13,4.7
12/4/13,4.71
11/4/13,4.29
10/4/13,4.25
9/4/13,4.73
8/4/13,5.14
5/4/13,5.13
4/4/13,4.99
3/4/13,4.87
2/4/13,4.9
1/4/13,4.76
28/3/13,4.76
27/3/13,4.9
26/3/13,4.57
25/3/13,4.44
22/3/13,4.11
21/3/13,4.38
20/3/13,3.93
19/3/13,3.47
18/3/13,3.48
15/3/13,3.71
14/3/13,3.63
13/3/13,3.45
12/3/13,3.66
11/3/13,3.88
8/3/13,4.18
7/3/13,4.24
6/3/13,4.19
5/3/13,4.14
4/3/13,4.53
1/3/13,4.57
28/2/13,4.8
27/2/13,4.37
26/2/13,4.2
25/2/13,4.47
22/2/13,5.07
21/2/13,5.18
20/2/13,4.86
19/2/13,4.57
18/2/13,4.99
15/2/13,5.07
14/2/13,5.13
13/2/13,5.11
12/2/13,4.47
11/2/13,4.37
8/2/13,4.44
7/2/13,4.09
6/2/13,4.07
5/2/13,4.3
4/2/13,4.21
1/2/13,4.23
31/1/13,3.33
30/1/13,3.7
29/1/13,3.89
28/1/13,4.08
25/1/13,4.01
24/1/13,4.23
23/1/13,4.53
22/1/13,5.32
21/1/13,4.83
18/1/13,4.98
17/1/13,5.47
16/1/13,5.5
15/1/13,5.91
14/1/13,5.74
11/1/13,5.75
10/1/13,5.89
9/1/13,6.05
8/1/13,6.3
7/1/13,6.49
4/1/13,6.17
3/1/13,6.23
2/1/13,6.4
31/12/12,6.48
28/12/12,6.53
27/12/12,6.87
26/12/12,6.95
24/12/12,6.95
21/12/12,7.04
20/12/12,7.2
19/12/12,7.06
18/12/12,6.75
17/12/12,6.47
14/12/12,6.57
13/12/12,6.67
12/12/12,6.75
11/12/12,6.84
10/12/12,7.07
7/12/12,6.78
6/12/12,6.39
5/12/12,6.15
4/12/12,5.72
3/12/12,5.95
30/11/12,6.2
29/11/12,6.58
28/11/12,6.83
27/11/12,6.85
26/11/12,6.84
23/11/12,7.01
22/11/12,6.79
21/11/12,6.77
20/11/12,6.74
19/11/12,6.71
16/11/12,6.9
15/11/12,7.13
14/11/12,7.92
13/11/12,8.41
12/11/12,9.08
9/11/12,8.33
8/11/12,8.28
7/11/12,8.23
6/11/12,8.35
5/11/12,8.26
2/11/12,8.11
1/11/12,8.05
31/10/12,8.24
30/10/12,8.15
29/10/12,8.08
26/10/12,7.89
25/10/12,7.69
24/10/12,7.67
23/10/12,7.88
22/10/12,7.91
19/10/12,7.97
18/10/12,8.08
17/10/12,8.28
16/10/12,8.0
15/10/12,7.69
12/10/12,7.83
11/10/12,7.81
10/10/12,7.72
9/10/12,7.89
8/10/12,7.92
5/10/12,7.81
4/10/12,7.64
3/10/12,7.59
2/10/12,7.87
1/10/12,7.95
28/9/12,7.96
27/9/12,7.86
26/9/12,7.63
25/9/12,7.48
24/9/12,7.22
21/9/12,7.41
20/9/12,7.63
19/9/12,7.52
18/9/12,7.4
17/9/12,7.35
14/9/12,7.4
13/9/12,7.75
12/9/12,7.89
11/9/12,7.7
10/9/12,7.79
7/9/12,8.33
6/9/12,8.21
5/9/12,8.2
4/9/12,8.17
3/9/12,8.22
31/8/12,8.03
30/8/12,7.64
29/8/12,7.67
28/8/12,7.93
27/8/12,8.1
24/8/12,8.13
23/8/12,8.12
22/8/12,7.99
21/8/12,7.88
20/8/12,7.62
17/8/12,7.68
16/8/12,7.68
15/8/12,7.46
14/8/12,7.63
13/8/12,7.47
10/8/12,7.18
9/8/12,7.12
8/8/12,7.21
7/8/12,7.29
6/8/12,7.17
3/8/12,7.08
2/8/12,7.05
1/8/12,6.94
31/7/12,6.9
30/7/12,6.57
27/7/12,6.9
26/7/12,6.96
25/7/12,6.84
24/7/12,7.18
23/7/12,7.11
20/7/12,7.12
19/7/12,6.86
18/7/12,7.13
17/7/12,7.65
16/7/12,7.55
13/7/12,7.63
12/7/12,7.63
11/7/12,7.87
10/7/12,7.92
9/7/12,7.98
6/7/12,8.04
5/7/12,8.32
4/7/12,8.26
3/7/12,8.3
2/7/12,8.11
29/6/12,8.24
28/6/12,7.95
27/6/12,7.93
26/6/12,8.02
25/6/12,7.98
22/6/12,8.09
21/6/12,7.5
20/6/12,7.44
19/6/12,7.5
18/6/12,7.33
15/6/12,7.23
14/6/12,6.84
13/6/12,6.71
12/6/12,6.65
11/6/12,6.62
8/6/12,6.6
7/6/12,6.45
6/6/12,6.36
5/6/12,6.38
4/6/12,6.38
1/6/12,6.38
31/5/12,6.27
30/5/12,6.4
29/5/12,6.54
28/5/12,6.71
25/5/12,6.82
24/5/12,6.81
23/5/12,6.71
22/5/12,6.91
21/5/12,6.63
18/5/12,6.36
17/5/12,6.48
16/5/12,6.53
15/5/12,6.48
14/5/12,6.59
11/5/12,6.75
10/5/12,6.67
9/5/12,6.7
8/5/12,6.76
7/5/12,6.62
4/5/12,6.6
3/5/12,7.06
2/5/12,7.12
1/5/12,7.49
30/4/12,7.52
27/4/12,7.28
26/4/12,7.26
25/4/12,7.07
24/4/12,7.12
23/4/12,7.12
20/4/12,7.37
19/4/12,7.38
18/4/12,7.25
17/4/12,7.1
16/4/12,6.84
13/4/12,7.15
12/4/12,7.09
11/4/12,6.95
10/4/12,6.81
9/4/12,6.71
5/4/12,6.71
4/4/12,6.11
3/4/12,6.38
2/4/12,6.25
30/3/12,7.04
29/3/12,6.77
28/3/12,7.1
27/3/12,7.17
26/3/12,6.84
23/3/12,6.87
22/3/12,6.71
21/3/12,7.26
20/3/12,7.02
19/3/12,7.62
16/3/12,7.6
15/3/12,7.83
14/3/12,7.95
13/3/12,7.62
12/3/12,7.66
9/3/12,7.9
8/3/12,8.25
7/3/12,8.4
6/3/12,8.35
5/3/12,8.62
2/3/12,8.83
1/3/12,8.65
29/2/12,8.34
28/2/12,8.8
27/2/12,9.28
24/2/12,9.2
23/2/12,8.63
22/2/12,8.94
21/2/12,8.97
20/2/12,8.55
17/2/12,9.05
16/2/12,8.78
15/2/12,8.16
14/2/12,7.91
13/2/12,7.47
10/2/12,7.73
9/2/12,7.8
8/2/12,8.13
7/2/12,8.54
6/2/12,8.5
3/2/12,8.3
2/2/12,8.54
1/2/12,8.27
31/1/12,7.85
30/1/12,7.59
27/1/12,7.99
26/1/12,7.52
25/1/12,7.37
24/1/12,7.29
23/1/12,6.89
20/1/12,7.05
19/1/12,7.09
18/1/12,6.63
17/1/12,6.5
16/1/12,6.49
13/1/12,6.75
12/1/12,6.94
11/1/12,6.77
10/1/12,6.86
9/1/12,6.53
6/1/12,6.33
5/1/12,6.44
4/1/12,6.29
3/1/12,6.32
30/12/11,7.03
29/12/11,6.98
28/12/11,7.5
27/12/11,7.91
23/12/11,7.91
22/12/11,7.77
21/12/11,8.04
20/12/11,8.6
19/12/11,6.98
16/12/11,6.75
15/12/11,6.77
14/12/11,6.45
13/12/11,7.03
12/12/11,7.54
9/12/11,7.84
8/12/11,7.64
7/12/11,7.21
6/12/11,7.32
5/12/11,7.31
2/12/11,7.82
1/12/11,7.93
30/11/11,8.35
29/11/11,7.98
28/11/11,7.99
25/11/11,7.71
24/11/11,7.89
23/11/11,8.44
22/11/11,9.1
21/11/11,8.9
18/11/11,9.35
17/11/11,9.65
16/11/11,9.87
15/11/11,10.03
14/11/11,10.06
11/11/11,10.12
10/11/11,9.82
9/11/11,9.89
8/11/11,10.1
7/11/11,9.95
4/11/11,9.42
3/11/11,9.69
2/11/11,9.49
1/11/11,9.87
31/10/11,10.17
28/10/11,10.42
27/10/11,10.43
26/10/11,10.12
25/10/11,10.41
24/10/11,10.54
21/10/11,10.36
20/10/11,10.19
19/10/11,10.02
18/10/11,10.3
17/10/11,10.34
14/10/11,10.41
13/10/11,10.3
12/10/11,10.7
11/10/11,10.67
10/10/11,10.72
7/10/11,10.46
6/10/11,10.47
5/10/11,10.23
4/10/11,10.1
3/10/11,10.17
30/9/11,10.74
29/9/11,10.93
28/9/11,10.5
27/9/11,10.82
26/9/11,10.81
23/9/11,11.27
22/9/11,11.25
21/9/11,11.72
20/9/11,11.82
19/9/11,11.72
16/9/11,12.06
15/9/11,12.28
14/9/11,12.13
13/9/11,11.94
12/9/11,11.81
9/9/11,11.79
8/9/11,12.16
7/9/11,12.34
6/9/11,12.09
5/9/11,12.29
2/9/11,12.51
1/9/11,12.8
31/8/11,12.84
30/8/11,13.38
29/8/11,13.19
26/8/11,13.06
25/8/11,12.89
24/8/11,13.05
23/8/11,12.8
22/8/11,12.45
19/8/11,12.38
18/8/11,12.23
17/8/11,12.69
16/8/11,12.27
15/8/11,12.36
12/8/11,12.35
11/8/11,12.15
10/8/11,11.49
9/8/11,11.32
8/8/11,10.63
5/8/11,10.59
4/8/11,11.18
3/8/11,11.32
2/8/11,11.63
1/8/11,11.9
29/7/11,12.12
28/7/11,12.39
27/7/11,12.3
26/7/11,12.76
25/7/11,12.83
22/7/11,12.89
21/7/11,13.01
20/7/11,12.69
19/7/11,12.28
18/7/11,12.13
15/7/11,12.31
14/7/11,12.19
13/7/11,11.87
12/7/11,12.28
11/7/11,11.97
8/7/11,12.58
7/7/11,12.89
6/7/11,13.07
5/7/11,13.44
4/7/11,13.31
1/7/11,13.18
30/6/11,13.43
29/6/11,12.91
28/6/11,13.36
27/6/11,12.76
24/6/11,12.07
23/6/11,13.15
22/6/11,14.54
21/6/11,14.55
20/6/11,15.02
17/6/11,15.4
16/6/11,15.82
15/6/11,15.98
14/6/11,16.21
13/6/11,16.4
10/6/11,16.37
9/6/11,16.38
8/6/11,16.21
7/6/11,16.35
6/6/11,16.39
3/6/11,16.53
2/6/11,16.46
1/6/11,16.51
31/5/11,16.69
30/5/11,16.6
27/5/11,16.6
26/5/11,16.05
25/5/11,16.05
24/5/11,16.05
23/5/11,15.85
20/5/11,16.07
19/5/11,16.17
18/5/11,16.25
17/5/11,16.3
16/5/11,16.55
13/5/11,16.38
12/5/11,16.52
11/5/11,16.44
10/5/11,16.56
9/5/11,16.63
6/5/11,16.66
5/5/11,16.58
4/5/11,16.7
3/5/11,16.81
2/5/11,17.03
29/4/11,16.7
28/4/11,16.77
27/4/11,16.61
26/4/11,16.52
25/4/11,16.5
21/4/11,16.5
20/4/11,16.62
19/4/11,16.41
18/4/11,16.3
15/4/11,16.69
14/4/11,16.38
13/4/11,16.25
12/4/11,16.2
11/4/11,16.36
8/4/11,16.6
7/4/11,16.58
6/4/11,16.74
5/4/11,16.62
4/4/11,16.83
1/4/11,16.75
31/3/11,16.88
30/3/11,16.66
29/3/11,16.69
28/3/11,16.79
25/3/11,16.33
24/3/11,16.06
23/3/11,16.42
22/3/11,16.42
21/3/11,16.35
18/3/11,16.76
17/3/11,16.28
16/3/11,16.71
15/3/11,16.67
14/3/11,16.02
11/3/11,15.3
10/3/11,15.3
9/3/11,15.36
8/3/11,15.31
7/3/11,15.39
4/3/11,15.5
3/3/11,15.17
2/3/11,15.2
1/3/11,15.28
28/2/11,15.3
25/2/11,15.21
24/2/11,15.05
23/2/11,14.96
22/2/11,15.02
21/2/11,15.04
18/2/11,14.63
17/2/11,14.59
16/2/11,14.46
15/2/11,14.57
14/2/11,14.67
11/2/11,14.67
10/2/11,14.47
9/2/11,14.46
8/2/11,14.49
7/2/11,14.42
4/2/11,14.49
3/2/11,14.47
2/2/11,14.76
1/2/11,14.64
31/1/11,14.76
28/1/11,14.54
27/1/11,14.51
26/1/11,14.69
25/1/11,14.68
24/1/11,14.37
21/1/11,14.26
20/1/11,14.15
19/1/11,14.16
18/1/11,14.39
17/1/11,14.34
14/1/11,14.27
13/1/11,14.06
12/1/11,14.03
11/1/11,14.09
10/1/11,14.01
7/1/11,14.41
6/1/11,14.47
5/1/11,14.31
4/1/11,14.21
3/1/11,14.02
31/12/10,14.02
30/12/10,13.94
29/12/10,14.06
28/12/10,13.87
27/12/10,13.87
24/12/10,13.87
23/12/10,13.86
22/12/10,14.1
21/12/10,13.96
20/12/10,13.9
17/12/10,13.98
16/12/10,14.26
15/12/10,14.34
14/12/10,14.46
13/12/10,14.53
10/12/10,14.59
9/12/10,14.53
8/12/10,14.67
7/12/10,14.79
6/12/10,14.87
3/12/10,14.75
2/12/10,14.67
1/12/10,14.84
30/11/10,14.76
29/11/10,14.95
26/11/10,15.08
25/11/10,15.08
24/11/10,15.15
23/11/10,15.02
22/11/10,15.08
19/11/10,14.96
18/11/10,14.94
17/11/10,14.88
16/11/10,14.63
15/11/10,15.11
12/11/10,14.9
11/11/10,14.84
10/11/10,14.49
9/11/10,14.3
8/11/10,14.24
5/11/10,14.51
4/11/10,14.38
3/11/10,14.69
2/11/10,14.71
1/11/10,14.69
29/10/10,14.63
28/10/10,14.91
27/10/10,15.1
26/10/10,15.0
25/10/10,15.16
22/10/10,15.07
21/10/10,14.86
20/10/10,15.15
19/10/10,15.03
18/10/10,15.38
15/10/10,15.45
14/10/10,15.54
13/10/10,15.63
12/10/10,15.75
11/10/10,15.84
8/10/10,15.57
7/10/10,15.47
6/10/10,15.57
5/10/10,15.57
4/10/10,15.27
1/10/10,15.36
30/9/10,15.41
29/9/10,15.65
28/9/10,15.67
27/9/10,15.32
24/9/10,15.23
23/9/10,14.83
22/9/10,14.99
21/9/10,14.87
20/9/10,14.97
17/9/10,15.26
16/9/10,15.21
15/9/10,15.37
14/9/10,15.22
13/9/10,15.25
10/9/10,15.23
9/9/10,15.46
8/9/10,15.56
7/9/10,15.69
6/9/10,15.67
3/9/10,15.69
2/9/10,15.73
1/9/10,15.34
31/8/10,15.22
30/8/10,15.39
27/8/10,15.22
26/8/10,15.18
25/8/10,15.32
24/8/10,14.9
23/8/10,14.76
20/8/10,15.0
19/8/10,14.85
18/8/10,14.33
17/8/10,14.42
16/8/10,14.34
13/8/10,14.42
12/8/10,14.36
11/8/10,14.34
10/8/10,14.44
9/8/10,14.51
6/8/10,14.17
5/8/10,14.28
4/8/10,14.27
3/8/10,14.37
2/8/10,14.43
30/7/10,14.08
29/7/10,13.95
28/7/10,13.7
27/7/10,13.65
26/7/10,13.46
23/7/10,13.94
22/7/10,14.18
21/7/10,13.87
20/7/10,14.16
19/7/10,14.48
16/7/10,14.19
15/7/10,13.88
14/7/10,13.94
13/7/10,13.77
12/7/10,13.99
9/7/10,14.55
8/7/10,14.29
7/7/10,14.74
6/7/10,15.08
5/7/10,15.29
2/7/10,15.29
1/7/10,15.18
30/6/10,15.19
29/6/10,15.15
28/6/10,15.29
25/6/10,15.28
24/6/10,15.11
23/6/10,15.23
22/6/10,15.2
21/6/10,15.7
18/6/10,15.62
17/6/10,15.56
16/6/10,15.42
15/6/10,15.64
14/6/10,15.76
11/6/10,15.53
10/6/10,15.37
9/6/10,15.67
8/6/10,15.6
7/6/10,15.13
4/6/10,15.25
3/6/10,15.17
2/6/10,15.18
1/6/10,15.05
31/5/10,15.02
28/5/10,15.02
27/5/10,15.4
26/5/10,15.61
25/5/10,15.11
24/5/10,15.33
21/5/10,14.76
20/5/10,14.61
19/5/10,14.63
18/5/10,15.2
17/5/10,15.01
14/5/10,15.56
13/5/10,15.73
12/5/10,15.62
11/5/10,15.57
10/5/10,15.14
7/5/10,15.42
6/5/10,16.07
5/5/10,15.88
4/5/10,15.82
3/5/10,16.42
30/4/10,15.84
29/4/10,15.25
28/4/10,14.88
27/4/10,15.15
26/4/10,15.49
23/4/10,14.85
22/4/10,14.57
21/4/10,14.57
20/4/10,14.63
19/4/10,14.47
16/4/10,14.31
15/4/10,14.04
14/4/10,14.11
13/4/10,13.59
12/4/10,13.6
9/4/10,13.59
8/4/10,13.45
7/4/10,13.42
6/4/10,13.33
5/4/10,12.98
1/4/10,12.98
31/3/10,12.71
30/3/10,12.73
29/3/10,12.67
26/3/10,12.81
25/3/10,12.55
24/3/10,12.67
23/3/10,12.79
22/3/10,12.97
19/3/10,12.96
18/3/10,12.95
17/3/10,12.88
16/3/10,12.84
15/3/10,12.92
12/3/10,12.76
11/3/10,12.85
10/3/10,13.09
9/3/10,12.99
8/3/10,12.96
5/3/10,13.16
4/3/10,12.98
3/3/10,13.4
2/3/10,13.16
1/3/10,13.19
26/2/10,12.86
25/2/10,12.76
24/2/10,12.92
23/2/10,12.58
22/2/10,12.63
19/2/10,12.36
18/2/10,12.83
17/2/10,12.79
16/2/10,13.16
15/2/10,13.0
12/2/10,12.82
11/2/10,13.06
10/2/10,13.12
9/2/10,13.41
8/2/10,13.6
5/2/10,13.11
4/2/10,13.06
3/2/10,12.59
2/2/10,12.59
1/2/10,12.57
29/1/10,12.71
28/1/10,12.99
27/1/10,13.25
26/1/10,13.46
25/1/10,13.28
22/1/10,12.97
21/1/10,13.07
20/1/10,13.21
19/1/10,13.63
18/1/10,13.55
15/1/10,13.23
14/1/10,13.44
13/1/10,12.94
12/1/10,12.71
11/1/10,13.0
8/1/10,12.82
7/1/10,12.57
6/1/10,12.22
5/1/10,12.52
4/1/10,12.91
31/12/09,12.31
30/12/09,12.45
29/12/09,12.44
24/12/09,12.55
23/12/09,12.78
22/12/09,12.49
21/12/09,12.25
18/12/09,13.39
17/12/09,13.41
16/12/09,14.17
15/12/09,14.47
14/12/09,14.37
11/12/09,14.36
10/12/09,14.17
9/12/09,14.17
8/12/09,14.09
7/12/09,14.76
4/12/09,14.12
3/12/09,13.85
2/12/09,13.57
1/12/09,13.49
30/11/09,13.14
27/11/09,13.18
26/11/09,12.93
25/11/09,12.88
24/11/09,12.63
23/11/09,13.1
20/11/09,13.07
19/11/09,13.39
18/11/09,13.5
17/11/09,13.35
16/11/09,13.74
13/11/09,13.41
12/11/09,13.31
11/11/09,13.52
10/11/09,13.72
9/11/09,13.87
6/11/09,13.97
5/11/09,14.37
4/11/09,14.36
3/11/09,14.39
2/11/09,14.54
30/10/09,14.54
29/10/09,14.75
28/10/09,14.24
27/10/09,14.26
26/10/09,14.34
23/10/09,14.39
22/10/09,14.46
21/10/09,14.97
20/10/09,14.58
19/10/09,14.44
16/10/09,14.14
15/10/09,14.22
14/10/09,14.44
13/10/09,14.32
12/10/09,14.28
9/10/09,13.78
8/10/09,13.42
7/10/09,13.61
6/10/09,13.73
5/10/09,13.12
2/10/09,13.05
1/10/09,13.22
30/9/09,13.36
29/9/09,13.1
28/9/09,13.44
25/9/09,13.06
24/9/09,12.75
23/9/09,13.29
22/9/09,13.67
21/9/09,13.9
18/9/09,13.6
17/9/09,13.56
16/9/09,14.01
15/9/09,14.23
14/9/09,13.86
11/9/09,14.53
10/9/09,15.05
9/9/09,15.12
8/9/09,15.42
7/9/09,15.29
4/9/09,15.18
3/9/09,15.32
2/9/09,14.99
1/9/09,14.77
31/8/09,14.89
28/8/09,15.13
27/8/09,15.1
26/8/09,15.14
25/8/09,15.15
24/8/09,15.14
21/8/09,15.32
20/8/09,15.07
19/8/09,14.86
18/8/09,14.71
17/8/09,14.43
14/8/09,14.32
13/8/09,14.28
12/8/09,14.29
11/8/09,14.09
10/8/09,14.13
7/8/09,14.26
6/8/09,14.3
5/8/09,14.28
4/8/09,14.54
3/8/09,14.37
31/7/09,13.66
30/7/09,13.67
29/7/09,13.56
28/7/09,13.74
27/7/09,14.08
24/7/09,14.27
23/7/09,14.39
22/7/09,14.35
21/7/09,14.44
20/7/09,14.09
17/7/09,14.02
16/7/09,14.47
15/7/09,14.45
14/7/09,14.19
13/7/09,14.61
10/7/09,13.93
9/7/09,13.73
8/7/09,13.35
7/7/09,13.1
6/7/09,12.98
3/7/09,12.96
2/7/09,13.02
1/7/09,13.13
30/6/09,13.15
29/6/09,13.41
26/6/09,13.25
25/6/09,13.32
24/6/09,13.15
23/6/09,12.85
22/6/09,12.78
19/6/09,13.15
18/6/09,12.68
17/6/09,12.73
16/6/09,12.76
15/6/09,12.19
12/6/09,12.85
11/6/09,13.22
10/6/09,13.12
9/6/09,12.99
8/6/09,13.13
5/6/09,13.89
4/6/09,14.01
3/6/09,14.1
2/6/09,14.71
1/6/09,14.93
29/5/09,14.65
28/5/09,14.92
27/5/09,14.95
26/5/09,14.74
25/5/09,14.89
22/5/09,14.89
21/5/09,14.75
20/5/09,14.96
19/5/09,14.34
18/5/09,14.09
15/5/09,13.81
14/5/09,14.16
13/5/09,14.45
12/5/09,14.87
11/5/09,15.63
8/5/09,15.23
7/5/09,14.58
6/5/09,14.27
5/5/09,13.9
4/5/09,14.51
1/5/09,14.15
30/4/09,13.92
29/4/09,13.46
28/4/09,13.17
27/4/09,13.29
24/4/09,13.5
23/4/09,13.2
22/4/09,13.32
21/4/09,12.95
20/4/09,12.87
17/4/09,13.6
16/4/09,13.67
15/4/09,13.55
14/4/09,13.9
9/4/09,13.06
8/4/09,12.56
7/4/09,12.12
6/4/09,12.38
3/4/09,12.18
2/4/09,11.79
1/4/09,11.9
31/3/09,11.45
30/3/09,10.89
27/3/09,10.9
26/3/09,10.62
25/3/09,10.3
24/3/09,10.96
23/3/09,11.62
20/3/09,10.96
19/3/09,11.37
18/3/09,11.97
17/3/09,12.65
16/3/09,12.28
13/3/09,12.05
12/3/09,11.6
11/3/09,11.49
10/3/09,11.78
9/3/09,11.49
6/3/09,10.65
5/3/09,11.11
4/3/09,11.47
3/3/09,10.8
2/3/09,9.95
27/2/09,9.96
26/2/09,10.43
25/2/09,9.57
24/2/09,9.19
23/2/09,9.44
20/2/09,9.76
19/2/09,10.6
18/2/09,9.52
17/2/09,8.48
16/2/09,8.27
13/2/09,8.45
12/2/09,8.06
11/2/09,8.35
10/2/09,9.17
9/2/09,9.91
6/2/09,9.87
5/2/09,9.97
4/2/09,10.18
3/2/09,10.36
2/2/09,11.01
30/1/09,11.57
29/1/09,11.61
28/1/09,11.44
27/1/09,11.63
26/1/09,11.78
23/1/09,11.4
22/1/09,11.47
21/1/09,11.22
20/1/09,11.24
19/1/09,11.34
16/1/09,12.32
15/1/09,12.93
14/1/09,12.98
13/1/09,13.45
12/1/09,13.51
9/1/09,14.01
8/1/09,14.33
7/1/09,15.02
6/1/09,15.27
5/1/09,14.93
2/1/09,15.1
31/12/08,15.45
30/12/08,15.57
29/12/08,15.36
24/12/08,15.28
23/12/08,15.36
22/12/08,15.67
19/12/08,15.29
18/12/08,15.26
17/12/08,15.47
16/12/08,15.47
15/12/08,15.3
12/12/08,14.88
11/12/08,14.86
10/12/08,14.37
9/12/08,14.28
8/12/08,14.45
5/12/08,13.72
4/12/08,14.82
3/12/08,15.22
2/12/08,15.36
1/12/08,15.53
28/11/08,15.52
27/11/08,16.31
26/11/08,15.63
25/11/08,15.76
24/11/08,15.86
21/11/08,15.03
20/11/08,14.92
19/11/08,16.33
18/11/08,16.55
17/11/08,17.03
14/11/08,17.43
13/11/08,17.95
12/11/08,17.95
11/11/08,17.94
10/11/08,18.51
7/11/08,18.69
6/11/08,18.2
5/11/08,18.54
4/11/08,18.94
3/11/08,18.25
31/10/08,17.94
30/10/08,18.12
29/10/08,18.45
28/10/08,17.63
27/10/08,17.87
24/10/08,19.14
23/10/08,20.19
22/10/08,19.9
21/10/08,21.25
20/10/08,21.8
17/10/08,21.68
16/10/08,21.91
15/10/08,22.82
14/10/08,23.29
13/10/08,22.84
10/10/08,22.04
9/10/08,22.5
8/10/08,21.81
7/10/08,22.25
6/10/08,22.08
3/10/08,23.07
2/10/08,23.14
1/10/08,22.83
30/9/08,22.35
29/9/08,23.19
26/9/08,24.45
25/9/08,24.67
24/9/08,24.65
23/9/08,25.06
22/9/08,24.85
19/9/08,24.68
18/9/08,23.78
17/9/08,23.25
16/9/08,22.91
15/9/08,23.03
12/9/08,23.9
11/9/08,23.07
10/9/08,22.77
9/9/08,22.86
8/9/08,24.19
5/9/08,24.4
4/9/08,24.65
3/9/08,24.45
2/9/08,24.72
1/9/08,24.96
29/8/08,25.19
28/8/08,25.17
27/8/08,25.14
26/8/08,24.72
25/8/08,24.37
22/8/08,24.58
21/8/08,24.72
20/8/08,24.42
19/8/08,23.73
18/8/08,23.59
15/8/08,23.19
14/8/08,23.43
13/8/08,23.67
12/8/08,23.31
11/8/08,22.65
8/8/08,22.61
7/8/08,22.82
6/8/08,22.26
5/8/08,21.67
4/8/08,21.21
1/8/08,21.38
31/7/08,22.06
30/7/08,22.7
29/7/08,23.63
28/7/08,24.41
25/7/08,24.94
24/7/08,25.14
23/7/08,24.74
22/7/08,24.67
21/7/08,24.49
18/7/08,24.5
17/7/08,25.76
16/7/08,25.03
15/7/08,26.32
14/7/08,27.08
11/7/08,27.45
10/7/08,26.68
9/7/08,26.02
8/7/08,25.79
7/7/08,27.51
4/7/08,27.64
3/7/08,27.45
2/7/08,27.99
1/7/08,29.33
30/6/08,28.77
27/6/08,28.34
26/6/08,27.88
25/6/08,27.59
24/6/08,27.78
23/6/08,27.77
20/6/08,27.41
19/6/08,27.64
18/6/08,27.5
17/6/08,27.24
16/6/08,27.13
13/6/08,27.0
12/6/08,27.16
11/6/08,27.32
10/6/08,27.2
9/6/08,27.49
6/6/08,27.54
5/6/08,26.44
4/6/08,26.6
3/6/08,27.13
2/6/08,26.34
30/5/08,26.1
29/5/08,26.59
28/5/08,26.23
27/5/08,26.34
26/5/08,26.38
23/5/08,26.11
22/5/08,26.06
21/5/08,25.73
20/5/08,25.36
19/5/08,25.31
16/5/08,24.89
15/5/08,24.68
14/5/08,24.46
13/5/08,25.04
12/5/08,25.39
9/5/08,25.17
8/5/08,24.91
7/5/08,25.03
6/5/08,25.31
2/5/08,24.5
1/5/08,23.56
30/4/08,23.88
29/4/08,24.19
28/4/08,24.63
25/4/08,24.74
24/4/08,24.51
23/4/08,25.0
22/4/08,25.34
21/4/08,25.23
18/4/08,24.51
17/4/08,24.69
16/4/08,24.8
15/4/08,25.14
14/4/08,25.0
11/4/08,24.38
10/4/08,24.44
9/4/08,23.69
8/4/08,23.51
7/4/08,23.82
4/4/08,23.31
3/4/08,23.47
2/4/08,23.42
1/4/08,22.52
31/3/08,0.02
28/3/08,0.02
27/3/08,0.01
26/3/08,0.01
25/3/08,0.01
20/3/08,0.01
19/3/08,0.01
18/3/08,0.01
17/3/08,0.01
14/3/08,0.01
13/3/08,0.01
12/3/08,0.01
11/3/08,0.01
10/3/08,0.01
7/3/08,0.01
6/3/08,0.01
5/3/08,0.01
4/3/08,0.01
3/3/08,0.01
29/2/08,0.01
28/2/08,0.01
27/2/08,0.01
26/2/08,0.02
25/2/08,0.02
22/2/08,0.02
21/2/08,0.02
20/2/08,0.02
19/2/08,0.02
18/2/08,0.02
15/2/08,0.02
14/2/08,0.02
13/2/08,0.02
12/2/08,0.02
11/2/08,0.01
8/2/08,0.02
7/2/08,0.02
6/2/08,0.02
5/2/08,0.02
4/2/08,0.02
1/2/08,0.02
31/1/08,0.02
30/1/08,0.02
29/1/08,0.02
28/1/08,0.02
25/1/08,0.02
24/1/08,0.02
23/1/08,0.02
22/1/08,0.02
21/1/08,0.02
18/1/08,0.02
17/1/08,0.02
16/1/08,0.02
15/1/08,0.02
14/1/08,0.02
11/1/08,0.02
10/1/08,0.02
9/1/08,0.02
8/1/08,0.02
7/1/08,0.02
4/1/08,0.02
3/1/08,0.03
2/1/08,0.02
31/12/07,0.02
28/12/07,0.02
27/12/07,0.03
26/12/07,0.03
24/12/07,0.03
21/12/07,0.03
20/12/07,0.03
19/12/07,0.02
18/12/07,0.02
17/12/07,0.01
14/12/07,0.03
13/12/07,0.03
12/12/07,0.03
11/12/07,0.03
10/12/07,0.03
7/12/07,0.03
6/12/07,0.03
5/12/07,0.03
4/12/07,0.03
3/12/07,0.03
30/11/07,0.01
29/11/07,0.04
28/11/07,0.06
27/11/07,0.07
26/11/07,0.07
23/11/07,0.08
22/11/07,0.08
21/11/07,0.07
20/11/07,0.07
19/11/07,0.08
16/11/07,0.08
15/11/07,0.09
14/11/07,0.09
13/11/07,0.1
12/11/07,0.1
9/11/07,0.1
8/11/07,0.11
7/11/07,0.1
6/11/07,0.07
5/11/07,0.07
2/11/07,0.08
1/11/07,0.08
31/10/07,0.09
30/10/07,0.07
29/10/07,0.07
26/10/07,0.07
25/10/07,0.07
24/10/07,0.07
23/10/07,0.07
22/10/07,0.07
19/10/07,0.07
18/10/07,0.07
17/10/07,0.07
16/10/07,0.07
15/10/07,0.07
12/10/07,0.07
11/10/07,0.07
10/10/07,0.07
9/10/07,0.07
8/10/07,0.07
5/10/07,0.11
4/10/07,0.07
3/10/07,0.07
2/10/07,0.08
1/10/07,0.07
28/9/07,0.08
27/9/07,0.08
26/9/07,0.08
25/9/07,0.08
24/9/07,0.08
21/9/07,0.08
20/9/07,0.08
19/9/07,0.08
18/9/07,0.06
17/9/07,0.07
14/9/07,0.07
13/9/07,0.07
12/9/07,0.09
11/9/07,0.08
10/9/07,0.09
7/9/07,0.1
6/9/07,0.1
5/9/07,0.1
4/9/07,0.1
3/9/07,0.1
31/8/07,0.1
30/8/07,0.11
29/8/07,0.1
28/8/07,0.11
27/8/07,0.11
24/8/07,0.11
23/8/07,0.11
22/8/07,0.11
21/8/07,0.11
20/8/07,0.11
17/8/07,0.11
16/8/07,0.11
15/8/07,0.11
14/8/07,0.11
13/8/07,0.1
10/8/07,0.1
9/8/07,0.1
8/8/07,0.1
7/8/07,0.09
6/8/07,0.09
3/8/07,0.09
2/8/07,0.09
1/8/07,0.11
31/7/07,0.12
30/7/07,0.11
27/7/07,0.12
26/7/07,0.12
25/7/07,0.12
24/7/07,0.12
23/7/07,0.12
20/7/07,0.13
19/7/07,0.12
18/7/07,0.13
17/7/07,0.14
16/7/07,0.13
13/7/07,0.13
12/7/07,0.13
11/7/07,0.14
10/7/07,0.14
9/7/07,0.14
6/7/07,0.13
5/7/07,0.13
4/7/07,0.12
3/7/07,0.12
2/7/07,0.13
29/6/07,0.12
28/6/07,0.13
27/6/07,0.12
26/6/07,0.12
25/6/07,0.1
22/6/07,0.11
21/6/07,0.11
20/6/07,0.12
19/6/07,0.13
18/6/07,0.13
15/6/07,0.16
14/6/07,0.18
13/6/07,0.21
12/6/07,0.23
11/6/07,0.24
8/6/07,0.26
7/6/07,0.26
6/6/07,0.28
5/6/07,0.27
4/6/07,0.28
1/6/07,0.28
31/5/07,0.28
30/5/07,0.26
29/5/07,0.26
28/5/07,0.29
25/5/07,0.28
24/5/07,0.28
23/5/07,0.28
22/5/07,0.28
21/5/07,0.28
18/5/07,0.26
17/5/07,0.28
16/5/07,0.31
15/5/07,0.27
14/5/07,0.32
11/5/07,0.31
10/5/07,0.29
9/5/07,0.39
8/5/07,0.45
7/5/07,0.53
4/5/07,0.52
3/5/07,0.52
2/5/07,0.54
1/5/07,0.56
30/4/07,0.51
27/4/07,0.51
26/4/07,0.52
25/4/07,0.62
24/4/07,0.65
23/4/07,0.65
20/4/07,0.6
19/4/07,0.48
18/4/07,0.53
17/4/07,0.67
16/4/07,0.71
13/4/07,0.72
12/4/07,0.75
11/4/07,0.74
10/4/07,0.78
9/4/07,0.8
5/4/07,0.8
4/4/07,0.81
3/4/07,0.85
2/4/07,0.98
30/3/07,1.26
29/3/07,1.3
28/3/07,1.15
27/3/07,1.0
26/3/07,1.0
23/3/07,1.0
22/3/07,0.95
21/3/07,1.0
20/3/07,1.0
19/3/07,1.0
16/3/07,1.15
15/3/07,1.2
14/3/07,1.2
13/3/07,1.2
12/3/07,1.3
9/3/07,1.3
8/3/07,1.1
7/3/07,1.1
6/3/07,1.0
5/3/07,0.95
2/3/07,1.05
1/3/07,0.95
28/2/07,0.9
27/2/07,0.95
26/2/07,0.95
23/2/07,0.9
22/2/07,0.85
21/2/07,0.9
20/2/07,0.85
19/2/07,0.75
16/2/07,1.1
15/2/07,1.1
14/2/07,1.15
13/2/07,1.2
12/2/07,1.25
9/2/07,1.55
8/2/07,1.45
7/2/07,1.3
6/2/07,1.45
5/2/07,1.75
2/2/07,1.95
1/2/07,2.2
31/1/07,2.3
30/1/07,2.4
29/1/07,2.45
26/1/07,2.95
25/1/07,3.25
24/1/07,3.35
23/1/07,3.7
22/1/07,3.8
19/1/07,3.95
18/1/07,3.95
17/1/07,4.0
16/1/07,4.05
15/1/07,3.95
12/1/07,3.95
11/1/07,3.9
10/1/07,3.7
9/1/07,3.4
8/1/07,3.85
5/1/07,4.75
4/1/07,4.75
3/1/07,4.8
2/1/07,5.3
29/12/06,6.45
28/12/06,6.55
27/12/06,6.55
26/12/06,6.8
22/12/06,6.8
21/12/06,6.75
20/12/06,6.55
19/12/06,6.6
18/12/06,6.6
15/12/06,6.55
14/12/06,6.4
13/12/06,6.4
12/12/06,6.7
11/12/06,7.05
8/12/06,7.2
7/12/06,7.5
6/12/06,7.05
5/12/06,6.75
4/12/06,7.1
1/12/06,7.4
30/11/06,8.1
29/11/06,8.15
28/11/06,8.6
27/11/06,8.95
24/11/06,9.0
23/11/06,8.7
22/11/06,8.6
21/11/06,8.75
20/11/06,8.6
17/11/06,8.4
16/11/06,8.65
15/11/06,9.0
14/11/06,9.1
13/11/06,8.45
10/11/06,8.7
9/11/06,9.5
8/11/06,9.5
7/11/06,9.45
6/11/06,10.4
3/11/06,10.6
2/11/06,10.75
1/11/06,11.0
31/10/06,11.05
30/10/06,10.8
27/10/06,11.85
26/10/06,12.1
25/10/06,12.05
24/10/06,12.55
23/10/06,12.55
20/10/06,12.85
19/10/06,12.85
18/10/06,12.9
17/10/06,12.75
16/10/06,12.55
13/10/06,12.55
12/10/06,12.45
11/10/06,12.5
10/10/06,12.5
9/10/06,12.4
6/10/06,12.1
5/10/06,12.15
4/10/06,12.0
3/10/06,12.0
2/10/06,12.15
29/9/06,12.95
28/9/06,12.6
27/9/06,12.1
26/9/06,12.0
25/9/06,12.7
22/9/06,13.2
21/9/06,13.4
20/9/06,14.1
19/9/06,15.6
18/9/06,16.1
15/9/06,16.1
14/9/06,16.2
13/9/06,16.15
12/9/06,16.25
11/9/06,16.15
8/9/06,16.3
7/9/06,16.35
6/9/06,16.55
5/9/06,16.35
4/9/06,16.25
1/9/06,15.85
31/8/06,15.8
30/8/06,15.6
29/8/06,15.85
28/8/06,16.1
25/8/06,16.2
24/8/06,16.2
23/8/06,16.6
22/8/06,16.8
21/8/06,16.45
18/8/06,15.8
17/8/06,15.7
16/8/06,15.6
15/8/06,15.4
14/8/06,15.35
11/8/06,15.65
10/8/06,15.45
9/8/06,15.6
8/8/06,15.65
7/8/06,15.7
4/8/06,15.15
3/8/06,15.9
2/8/06,16.2
1/8/06,16.2
31/7/06,16.05
28/7/06,16.15
27/7/06,16.55
26/7/06,16.4
25/7/06,16.4
24/7/06,16.5
21/7/06,16.6
20/7/06,16.8
19/7/06,16.5
18/7/06,17.1
17/7/06,17.25
14/7/06,16.8
13/7/06,16.4
12/7/06,16.25
11/7/06,16.35
10/7/06,16.2
7/7/06,16.0
6/7/06,16.15
5/7/06,15.8
4/7/06,16.0
3/7/06,16.0
30/6/06,15.65
29/6/06,15.7
28/6/06,15.3
27/6/06,14.8
26/6/06,14.65
23/6/06,15.15
22/6/06,15.3
21/6/06,15.15
20/6/06,15.6
19/6/06,15.0
16/6/06,14.65
15/6/06,14.5
14/6/06,14.55
13/6/06,14.6
12/6/06,14.7
9/6/06,13.7
8/6/06,13.7
7/6/06,14.65
6/6/06,15.4
5/6/06,15.6
2/6/06,15.85
1/6/06,15.85
31/5/06,17.05
30/5/06,17.35
26/5/06,18.1
25/5/06,18.4
24/5/06,18.6
23/5/06,19.1
22/5/06,17.8
19/5/06,15.8
18/5/06,15.3
17/5/06,15.3
16/5/06,16.2
15/5/06,14.95
12/5/06,9.05
11/5/06,12.6
10/5/06,12.85
9/5/06,11.9
8/5/06,11.85
5/5/06,12.3
4/5/06,13.8
3/5/06,11.8
2/5/06,10.95
1/5/06,13.0
28/4/06,13.3
27/4/06,16.2
26/4/06,19.75
25/4/06,26.6
24/4/06,29.35
21/4/06,29.25
20/4/06,29.3
19/4/06,29.75
18/4/06,29.8
17/4/06,28.85
13/4/06,28.7
12/4/06,28.85
11/4/06,28.85
10/4/06,28.55
7/4/06,27.5
6/4/06,28.65
5/4/06,27.9
4/4/06,27.35
3/4/06,27.0
31/3/06,26.95
30/3/06,26.8
29/3/06,26.7
28/3/06,26.5
27/3/06,26.15
24/3/06,26.25
23/3/06,26.45
22/3/06,26.45
21/3/06,26.35
20/3/06,26.4
17/3/06,26.25
16/3/06,26.0
15/3/06,26.3
14/3/06,26.55
13/3/06,26.8
10/3/06,26.3
9/3/06,26.1
8/3/06,26.15
7/3/06,26.05
6/3/06,26.5
3/3/06,26.55
2/3/06,26.65
1/3/06,26.35
28/2/06,25.95
27/2/06,25.7
24/2/06,26.2
23/2/06,26.2
22/2/06,26.9
21/2/06,26.8
20/2/06,26.6
17/2/06,26.1
16/2/06,26.35
15/2/06,26.0
14/2/06,25.7
13/2/06,25.55
10/2/06,25.9
9/2/06,25.65
8/2/06,25.55
7/2/06,25.95
6/2/06,27.0
3/2/06,27.3
2/2/06,27.05
1/2/06,26.45
31/1/06,26.05
30/1/06,26.0
27/1/06,25.6
26/1/06,26.15
25/1/06,25.35
24/1/06,25.0
23/1/06,25.75
20/1/06,26.5
19/1/06,25.0
18/1/06,25.1
17/1/06,23.95
16/1/06,22.9
13/1/06,23.0
12/1/06,23.05
11/1/06,22.75
10/1/06,22.8
9/1/06,22.9
6/1/06,23.15
5/1/06,22.6
4/1/06,22.15
3/1/06,21.75
30/12/05,21.1
29/12/05,21.1
28/12/05,21.1
27/12/05,20.85
23/12/05,20.55
22/12/05,20.85
21/12/05,21.05
20/12/05,21.05
19/12/05,21.05
16/12/05,21.2
15/12/05,21.4
14/12/05,21.35
13/12/05,21.65
12/12/05,21.3
9/12/05,20.8
8/12/05,21.05
7/12/05,21.7
6/12/05,22.15
5/12/05,21.7
2/12/05,21.15
1/12/05,20.0
30/11/05,19.6
29/11/05,19.5
28/11/05,20.15
25/11/05,20.1
24/11/05,19.75
23/11/05,21.45
22/11/05,22.05
21/11/05,21.4
18/11/05,21.55
17/11/05,22.45
16/11/05,22.7
15/11/05,22.85
14/11/05,23.15
11/11/05,22.7
10/11/05,22.7
9/11/05,22.5
8/11/05,22.05
7/11/05,21.6
4/11/05,21.35
3/11/05,21.25
2/11/05,21.35
1/11/05,21.75
31/10/05,21.95
28/10/05,22.05
27/10/05,21.85
26/10/05,21.7
25/10/05,21.45
24/10/05,21.4
21/10/05,21.8
20/10/05,22.1
19/10/05,22.4
18/10/05,22.8
17/10/05,23.1
14/10/05,23.0
13/10/05,23.5
12/10/05,23.5
11/10/05,23.15
10/10/05,23.15
7/10/05,23.1
6/10/05,23.7
5/10/05,23.9
4/10/05,23.25
3/10/05,22.7
30/9/05,22.65
29/9/05,22.8
28/9/05,22.7
27/9/05,22.0
26/9/05,21.45
23/9/05,21.9
22/9/05,22.15
21/9/05,21.9
20/9/05,21.95
19/9/05,22.35
16/9/05,21.95
15/9/05,22.55
14/9/05,22.25
13/9/05,21.6
12/9/05,22.1
9/9/05,23.5
8/9/05,24.1
7/9/05,24.4
6/9/05,24.35
5/9/05,24.4
2/9/05,24.45
1/9/05,24.15
31/8/05,23.65
30/8/05,23.35
26/8/05,23.2
25/8/05,23.1
24/8/05,22.8
23/8/05,22.65
22/8/05,22.65
19/8/05,22.45
18/8/05,22.35
17/8/05,22.45
16/8/05,22.0
15/8/05,22.0
12/8/05,22.4
11/8/05,22.25
10/8/05,22.0
9/8/05,22.05
8/8/05,21.45
5/8/05,20.8
4/8/05,20.05
3/8/05,20.2
2/8/05,20.25
1/8/05,21.0
29/7/05,21.9
28/7/05,21.65
27/7/05,21.65
26/7/05,20.4
25/7/05,19.95
22/7/05,19.6
21/7/05,19.9
20/7/05,20.65
19/7/05,23.95
18/7/05,24.1
15/7/05,24.2
14/7/05,23.45
13/7/05,27.35
12/7/05,28.95
11/7/05,29.1
8/7/05,29.1
7/7/05,28.8
6/7/05,28.7
5/7/05,28.25
4/7/05,28.85
1/7/05,26.5
30/6/05,25.3
29/6/05,25.0
28/6/05,24.2
27/6/05,23.55
24/6/05,23.6
23/6/05,23.05
22/6/05,22.8
21/6/05,22.7
20/6/05,22.7
17/6/05,21.2
16/6/05,20.35
15/6/05,19.85
14/6/05,19.65
13/6/05,19.6
10/6/05,19.5
9/6/05,19.5
8/6/05,19.55
7/6/05,19.4
6/6/05,19.05
3/6/05,18.85
2/6/05,19.2
1/6/05,19.45
31/5/05,19.65
27/5/05,19.45
26/5/05,19.6
25/5/05,19.75
24/5/05,18.95
23/5/05,18.3
20/5/05,18.55
19/5/05,17.8
18/5/05,17.3
17/5/05,17.05
16/5/05,16.75
13/5/05,16.65
12/5/05,16.35
11/5/05,16.75
10/5/05,16.95
9/5/05,16.85
6/5/05,16.5
5/5/05,16.5
4/5/05,16.1
3/5/05,16.1
29/4/05,16.4
28/4/05,15.95
27/4/05,16.35
26/4/05,17.15
25/4/05,17.45
22/4/05,16.85