Date,XB1 Comdty - Last Price
14/11/23,222.38
13/11/23,223.59
10/11/23,218.95
9/11/23,216.08
8/11/23,212.85
7/11/23,216.77
6/11/23,223.59
3/11/23,220.1
2/11/23,224.6
1/11/23,218.55
31/10/23,222.27
30/10/23,222.0
27/10/23,231.25
26/10/23,225.61
25/10/23,228.42
24/10/23,226.76
23/10/23,232.85
20/10/23,237.36
19/10/23,236.17
18/10/23,235.35
17/10/23,228.45
16/10/23,227.3
13/10/23,226.53
12/10/23,216.5
11/10/23,221.01
10/10/23,225.84
9/10/23,223.81
6/10/23,219.22
5/10/23,218.9
4/10/23,219.8
3/10/23,236.01
2/10/23,241.22
29/9/23,243.99
28/9/23,250.53
27/9/23,259.86
26/9/23,256.22
25/9/23,254.39
22/9/23,256.18
21/9/23,261.99
20/9/23,261.92
19/9/23,265.81
18/9/23,269.79
15/9/23,270.81
14/9/23,274.27
13/9/23,273.84
12/9/23,272.79
11/9/23,271.87
8/9/23,265.37
7/9/23,262.3
6/9/23,260.14
5/9/23,258.1
1/9/23,259.12
31/8/23,276.64
30/8/23,280.92
29/8/23,279.05
28/8/23,279.57
25/8/23,287.64
24/8/23,278.0
23/8/23,276.88
22/8/23,278.91
21/8/23,277.26
18/8/23,282.32
17/8/23,282.17
16/8/23,286.71
15/8/23,284.76
14/8/23,290.62
11/8/23,296.49
10/8/23,290.47
9/8/23,292.84
8/8/23,284.51
7/8/23,280.44
4/8/23,278.31
3/8/23,276.47
2/8/23,277.58
1/8/23,287.3
31/7/23,292.9
28/7/23,295.58
27/7/23,295.05
26/7/23,290.72
25/7/23,285.33
24/7/23,289.51
21/7/23,280.18
20/7/23,274.32
19/7/23,272.05
18/7/23,269.44
17/7/23,263.17
14/7/23,264.37
13/7/23,267.86
12/7/23,266.7
11/7/23,262.27
10/7/23,256.96
7/7/23,258.93
6/7/23,254.38
5/7/23,251.83
3/7/23,246.24
30/6/23,263.4
29/6/23,261.77
28/6/23,260.34
27/6/23,251.68
26/6/23,253.75
23/6/23,251.72
22/6/23,255.01
21/6/23,262.41
20/6/23,260.92
16/6/23,268.05
15/6/23,264.17
14/6/23,255.46
13/6/23,255.79
12/6/23,248.26
9/6/23,259.32
8/6/23,261.27
7/6/23,264.12
6/6/23,256.43
5/6/23,252.44
2/6/23,250.07
1/6/23,243.62
31/5/23,255.99
30/5/23,259.59
26/5/23,270.34
25/5/23,267.35
24/5/23,272.12
23/5/23,266.22
22/5/23,264.89
19/5/23,257.61
18/5/23,256.83
17/5/23,256.92
16/5/23,247.91
15/5/23,247.2
12/5/23,243.02
11/5/23,245.77
10/5/23,249.49
9/5/23,247.99
8/5/23,246.16
5/5/23,237.9
4/5/23,232.59
3/5/23,232.21
2/5/23,243.57
1/5/23,255.04
28/4/23,257.8
27/4/23,253.28
26/4/23,254.94
25/4/23,258.86
24/4/23,263.18
21/4/23,260.16
20/4/23,258.64
19/4/23,264.55
18/4/23,275.09
17/4/23,277.4
14/4/23,283.59
13/4/23,283.17
12/4/23,287.27
11/4/23,286.52
10/4/23,280.79
7/4/23,281.33
6/4/23,281.33
5/4/23,282.01
4/4/23,273.71
3/4/23,275.75
31/3/23,270.05
30/3/23,266.14
29/3/23,266.81
28/3/23,271.21
27/3/23,268.42
24/3/23,258.85
23/3/23,260.59
22/3/23,259.32
21/3/23,253.89
20/3/23,253.6
17/3/23,250.15
16/3/23,250.35
15/3/23,243.84
14/3/23,255.3
13/3/23,259.14
10/3/23,264.58
9/3/23,260.51
8/3/23,268.89
7/3/23,270.07
6/3/23,279.65
3/3/23,275.04
2/3/23,270.03
1/3/23,267.48
28/2/23,243.43
27/2/23,236.83
24/2/23,235.87
23/2/23,237.95
22/2/23,233.76
21/2/23,241.56
17/2/23,240.82
16/2/23,243.55
15/2/23,249.78
14/2/23,248.85
13/2/23,253.11
10/2/23,250.37
9/2/23,244.75
8/2/23,246.28
7/2/23,245.68
6/2/23,237.34
3/2/23,232.1
2/2/23,245.23
1/2/23,245.38
31/1/23,254.35
30/1/23,249.89
27/1/23,258.86
26/1/23,261.21
25/1/23,259.34
24/1/23,264.87
23/1/23,269.65
20/1/23,264.54
19/1/23,259.68
18/1/23,252.35
17/1/23,254.51
13/1/23,253.28
12/1/23,247.53
11/1/23,243.45
10/1/23,232.77
9/1/23,229.29
6/1/23,224.46
5/1/23,226.71
4/1/23,225.92
3/1/23,236.12
30/12/22,245.95
29/12/22,237.07
28/12/22,236.29
27/12/22,236.02
23/12/22,238.36
22/12/22,224.88
21/12/22,225.58
20/12/22,222.28
19/12/22,217.76
16/12/22,213.23
15/12/22,216.68
14/12/22,224.44
13/12/22,216.09
12/12/22,208.1
9/12/22,205.61
8/12/22,204.91
7/12/22,207.72
6/12/22,214.91
5/12/22,220.19
2/12/22,228.04
1/12/22,234.2
30/11/22,241.85
29/11/22,233.21
28/11/22,233.06
25/11/22,232.82
23/11/22,247.44
22/11/22,254.05
21/11/22,243.71
18/11/22,242.08
17/11/22,245.47
16/11/22,250.8
15/11/22,251.61
14/11/22,252.85
11/11/22,260.96
10/11/22,256.63
9/11/22,254.46
8/11/22,263.67
7/11/22,265.31
4/11/22,273.48
3/11/22,269.39
2/11/22,269.72
1/11/22,259.45
31/10/22,281.07
28/10/22,290.66
27/10/22,301.16
26/10/22,289.94
25/10/22,291.6
24/10/22,273.02
21/10/22,266.2
20/10/22,264.78
19/10/22,265.22
18/10/22,255.06
17/10/22,259.31
14/10/22,263.09
13/10/22,270.34
12/10/22,263.03
11/10/22,262.73
10/10/22,262.28
7/10/22,273.46
6/10/22,268.14
5/10/22,266.85
4/10/22,268.3
3/10/22,251.29
30/9/22,247.26
29/9/22,250.76
28/9/22,257.79
27/9/22,249.31
26/9/22,238.42
23/9/22,238.3
22/9/22,251.57
21/9/22,248.65
20/9/22,244.78
19/9/22,246.41
16/9/22,241.57
15/9/22,242.87
14/9/22,252.45
13/9/22,248.04
12/9/22,244.48
9/9/22,243.31
8/9/22,234.61
7/9/22,230.77
6/9/22,241.59
2/9/22,246.36
1/9/22,238.53
31/8/22,260.59
30/8/22,269.44
29/8/22,287.76
26/8/22,285.13
25/8/22,281.21
24/8/22,280.07
23/8/22,293.3
22/8/22,289.12
19/8/22,301.75
18/8/22,302.61
17/8/22,293.45
16/8/22,290.07
15/8/22,295.17
12/8/22,304.6
11/8/22,307.15
10/8/22,307.03
9/8/22,296.02
8/8/22,288.62
5/8/22,285.56
4/8/22,279.35
3/8/22,291.22
2/8/22,305.67
1/8/22,299.81
29/7/22,348.81
28/7/22,346.46
27/7/22,342.88
26/7/22,335.5
25/7/22,338.2
22/7/22,322.28
21/7/22,314.95
20/7/22,327.54
19/7/22,330.75
18/7/22,326.43
15/7/22,321.32
14/7/22,318.68
13/7/22,323.37
12/7/22,326.46
11/7/22,346.22
8/7/22,344.71
7/7/22,342.04
6/7/22,323.66
5/7/22,332.9
1/7/22,368.78
30/6/22,364.98
29/6/22,382.7
28/6/22,393.51
27/6/22,383.72
24/6/22,388.48
23/6/22,376.56
22/6/22,383.41
21/6/22,379.45
17/6/22,379.3
16/6/22,395.58
15/6/22,389.42
14/6/22,399.38
13/6/22,403.53
10/6/22,417.22
9/6/22,427.62
8/6/22,422.19
7/6/22,415.77
6/6/22,419.3
3/6/22,425.22
2/6/22,419.09
1/6/22,407.16
31/5/22,408.04
27/5/22,401.58
26/5/22,387.74
25/5/22,383.17
24/5/22,381.1
23/5/22,379.77
20/5/22,383.7
19/5/22,383.17
18/5/22,372.06
17/5/22,394.17
16/5/22,402.29
13/5/22,395.78
12/5/22,379.17
11/5/22,368.55
10/5/22,354.15
9/5/22,364.19
6/5/22,375.9
5/5/22,365.87
4/5/22,365.23
3/5/22,350.12
2/5/22,351.01
29/4/22,347.21
28/4/22,350.34
27/4/22,345.6
26/4/22,333.88
25/4/22,323.98
22/4/22,330.5
21/4/22,333.86
20/4/22,328.48
19/4/22,324.74
18/4/22,337.81
14/4/22,338.14
13/4/22,329.13
12/4/22,315.38
11/4/22,300.31
8/4/22,313.16
7/4/22,303.98
6/4/22,304.62
5/4/22,316.49
4/4/22,319.81
1/4/22,315.35
31/3/22,318.96
30/3/22,332.5
29/3/22,320.33
28/3/22,321.88
25/3/22,347.0
24/3/22,338.97
23/3/22,343.87
22/3/22,333.07
21/3/22,337.16
18/3/22,323.88
17/3/22,321.66
16/3/22,298.75
15/3/22,299.81
14/3/22,316.89
11/3/22,331.21
10/3/22,315.67
9/3/22,329.38
8/3/22,368.26
7/3/22,357.21
4/3/22,354.4
3/3/22,328.44
2/3/22,330.83
1/3/22,308.87
28/2/22,279.7
25/2/22,272.73
24/2/22,277.1
23/2/22,272.53
22/2/22,271.08
18/2/22,266.96
17/2/22,264.86
16/2/22,267.71
15/2/22,266.91
14/2/22,277.94
11/2/22,273.86
10/2/22,266.54
9/2/22,265.34
8/2/22,262.51
7/2/22,268.53
4/2/22,267.85
3/2/22,264.27
2/2/22,260.7
1/2/22,257.52
31/1/22,255.43
28/1/22,254.23
27/1/22,252.1
26/1/22,252.29
25/1/22,245.95
24/1/22,239.8
21/1/22,244.24
20/1/22,246.22
19/1/22,245.7
18/1/22,243.18
14/1/22,241.9
13/1/22,238.41
12/1/22,239.08
11/1/22,235.74
10/1/22,227.54
7/1/22,229.89
6/1/22,230.43
5/1/22,229.21
4/1/22,227.63
3/1/22,225.65
31/12/21,222.85
30/12/21,229.68
29/12/21,227.17
28/12/21,224.71
27/12/21,223.39
23/12/21,220.61
22/12/21,216.8
21/12/21,215.22
20/12/21,209.0
17/12/21,212.17
16/12/21,217.78
15/12/21,212.75
14/12/21,211.08
13/12/21,211.65
10/12/21,213.72
9/12/21,212.84
8/12/21,214.85
7/12/21,210.0
6/12/21,204.33
3/12/21,195.29
2/12/21,196.77
1/12/21,195.11
30/11/21,198.01
29/11/21,207.71
26/11/21,202.94
24/11/21,231.97
23/11/21,233.72
22/11/21,226.02
19/11/21,221.19
18/11/21,229.43
17/11/21,228.03
16/11/21,234.97
15/11/21,232.88
12/11/21,231.14
11/11/21,231.78
10/11/21,229.72
9/11/21,237.52
8/11/21,232.22
5/11/21,232.09
4/11/21,229.26
3/11/21,233.85
2/11/21,245.01
1/11/21,240.93
29/10/21,246.2
28/10/21,243.5
27/10/21,244.97
26/10/21,251.68
25/10/21,251.62
22/10/21,248.21
21/10/21,248.01
20/10/21,250.84
19/10/21,247.55
18/10/21,248.66
15/10/21,248.64
14/10/21,243.5
13/10/21,240.55
12/10/21,238.29
11/10/21,237.79
8/10/21,236.62
7/10/21,233.44
6/10/21,230.82
5/10/21,235.79
4/10/21,230.85
1/10/21,225.0
30/9/21,225.36
29/9/21,222.93
28/9/21,220.19
27/9/21,222.37
24/9/21,218.75
23/9/21,217.15
22/9/21,212.39
21/9/21,210.52
20/9/21,211.52
17/9/21,217.13
16/9/21,218.12
15/9/21,220.66
14/9/21,217.24
13/9/21,216.09
10/9/21,215.4
9/9/21,209.97
8/9/21,213.21
7/9/21,213.0
3/9/21,215.4
2/9/21,216.35
1/9/21,211.09
31/8/21,228.26
30/8/21,231.27
27/8/21,227.42
26/8/21,225.54
25/8/21,230.08
24/8/21,218.08
23/8/21,212.32
20/8/21,202.36
19/8/21,208.15
18/8/21,214.77
17/8/21,216.56
16/8/21,220.09
13/8/21,226.26
12/8/21,227.54
11/8/21,230.22
10/8/21,226.79
9/8/21,223.48
6/8/21,225.69
5/8/21,229.4
4/8/21,225.0
3/8/21,227.08
2/8/21,227.47
30/7/21,236.59
29/7/21,235.14
28/7/21,230.82
27/7/21,231.41
26/7/21,230.83
23/7/21,229.13
22/7/21,227.32
21/7/21,221.67
20/7/21,213.15
19/7/21,211.04
16/7/21,225.36
15/7/21,225.03
14/7/21,229.35
13/7/21,231.83
12/7/21,227.72
9/7/21,229.2
8/7/21,225.52
7/7/21,220.6
6/7/21,222.82
2/7/21,229.98
1/7/21,226.76
30/6/21,224.44
29/6/21,223.9
28/6/21,221.66
25/6/21,226.39
24/6/21,228.09
23/6/21,226.69
22/6/21,222.43
21/6/21,219.69
18/6/21,216.83
17/6/21,213.42
16/6/21,215.62
15/6/21,217.05
14/6/21,217.12
11/6/21,218.61
10/6/21,221.22
9/6/21,220.25
8/6/21,221.9
7/6/21,219.31
4/6/21,221.15
3/6/21,220.18
2/6/21,219.41
1/6/21,217.04
28/5/21,214.02
27/5/21,215.18
26/5/21,215.01
25/5/21,211.73
24/5/21,211.77
21/5/21,206.85
20/5/21,204.72
19/5/21,210.2
18/5/21,216.09
17/5/21,215.83
14/5/21,212.66
13/5/21,209.53
12/5/21,216.1
11/5/21,213.99
10/5/21,213.34
7/5/21,212.69
6/5/21,211.37
5/5/21,215.13
4/5/21,215.12
3/5/21,210.15
30/4/21,206.98
29/4/21,209.99
28/4/21,207.22
27/4/21,202.04
26/4/21,197.86
23/4/21,199.57
22/4/21,197.47
21/4/21,198.34
20/4/21,201.74
19/4/21,204.45
16/4/21,203.99
15/4/21,205.18
14/4/21,203.55
13/4/21,197.57
12/4/21,197.0
9/4/21,196.21
8/4/21,195.93
7/4/21,195.18
6/4/21,196.63
5/4/21,196.11
2/4/21,202.23
1/4/21,202.23
31/3/21,195.33
30/3/21,198.9
29/3/21,199.52
26/3/21,196.73
25/3/21,192.09
24/3/21,198.9
23/3/21,189.64
22/3/21,195.98
19/3/21,194.31
18/3/21,194.41
17/3/21,204.71
16/3/21,210.12
15/3/21,210.46
12/3/21,215.0
11/3/21,213.8
10/3/21,207.95
9/3/21,205.02
8/3/21,204.87
5/3/21,206.47
4/3/21,199.79
3/3/21,195.18
2/3/21,193.64
1/3/21,194.29
26/2/21,187.7
25/2/21,189.23
24/2/21,189.56
23/2/21,185.86
22/2/21,184.17
19/2/21,180.69
18/2/21,179.43
17/2/21,181.05
16/2/21,177.29
12/2/21,169.25
11/2/21,165.02
10/2/21,165.34
9/2/21,167.36
8/2/21,167.48
5/2/21,164.93
4/2/21,164.48
3/2/21,164.86
2/2/21,161.6
1/2/21,159.01
29/1/21,157.25
28/1/21,158.29
27/1/21,157.71
26/1/21,158.07
25/1/21,156.11
22/1/21,154.87
21/1/21,154.79
20/1/21,154.39
19/1/21,153.81
15/1/21,152.84
14/1/21,155.39
13/1/21,154.88
12/1/21,155.3
11/1/21,152.08
8/1/21,154.23
7/1/21,148.27
6/1/21,147.5
5/1/21,145.21
4/1/21,137.29
31/12/20,140.84
30/12/20,141.2
29/12/20,138.79
28/12/20,136.77
24/12/20,137.89
23/12/20,138.2
22/12/20,133.95
21/12/20,136.04
18/12/20,139.56
17/12/20,138.81
16/12/20,135.29
15/12/20,132.68
14/12/20,131.91
11/12/20,130.77
10/12/20,131.66
9/12/20,127.59
8/12/20,125.59
7/12/20,125.58
4/12/20,126.85
3/12/20,126.17
2/12/20,123.99
1/12/20,122.04
30/11/20,124.89
27/11/20,128.2
25/11/20,128.75
24/11/20,125.82
23/11/20,120.4
20/11/20,117.52
19/11/20,116.25
18/11/20,116.29
17/11/20,115.32
16/11/20,114.68
13/11/20,112.54
12/11/20,115.71
11/11/20,117.59
10/11/20,119.41
9/11/20,116.07
6/11/20,108.44
5/11/20,111.59
4/11/20,110.81
3/11/20,107.69
2/11/20,105.2
30/10/20,104.95
29/10/20,105.15
28/10/20,108.14
27/10/20,114.34
26/10/20,111.16
23/10/20,113.89
22/10/20,115.81
21/10/20,114.03
20/10/20,118.79
19/10/20,116.23
16/10/20,116.88
15/10/20,118.0
14/10/20,119.71
13/10/20,118.27
12/10/20,117.57
9/10/20,120.32
8/10/20,123.16
7/10/20,120.09
6/10/20,123.51
5/10/20,119.41
2/10/20,112.35
1/10/20,115.24
30/9/20,120.08
29/9/20,120.17
28/9/20,124.66
25/9/20,121.42
24/9/20,119.57
23/9/20,118.13
22/9/20,116.43
21/9/20,117.71
18/9/20,123.66
17/9/20,122.44
16/9/20,118.89
15/9/20,113.81
14/9/20,110.68
11/9/20,109.49
10/9/20,109.77
9/9/20,111.93
8/9/20,110.28
4/9/20,117.72
3/9/20,120.49
2/9/20,120.2
1/9/20,122.47
31/8/20,127.61
28/8/20,131.55
27/8/20,128.45
26/8/20,136.06
25/8/20,139.59
24/8/20,136.71
21/8/20,128.41
20/8/20,129.65
19/8/20,129.05
18/8/20,128.3
17/8/20,127.0
14/8/20,124.46
13/8/20,123.48
12/8/20,124.38
11/8/20,120.45
10/8/20,122.93
7/8/20,120.76
6/8/20,122.81
5/8/20,122.28
4/8/20,121.43
3/8/20,121.31
31/7/20,118.71
30/7/20,122.04
29/7/20,124.15
28/7/20,126.56
27/7/20,127.47
24/7/20,128.48
23/7/20,125.86
22/7/20,128.28
21/7/20,127.97
20/7/20,122.85
17/7/20,122.45
16/7/20,123.39
15/7/20,126.45
14/7/20,124.74
13/7/20,127.34
10/7/20,128.31
9/7/20,125.05
8/7/20,129.09
7/7/20,127.5
6/7/20,124.08
2/7/20,125.92
1/7/20,121.69
30/6/20,120.01
29/6/20,118.41
26/6/20,115.33
25/6/20,119.42
24/6/20,119.64
23/6/20,129.94
22/6/20,129.13
19/6/20,127.16
18/6/20,125.77
17/6/20,121.53
16/6/20,120.73
15/6/20,116.57
12/6/20,112.43
11/6/20,111.88
10/6/20,120.99
9/6/20,121.03
8/6/20,119.5
5/6/20,121.36
4/6/20,114.9
3/6/20,111.93
2/6/20,111.83
1/6/20,106.67
29/5/20,102.59
28/5/20,99.85
27/5/20,99.33
26/5/20,104.89
22/5/20,103.82
21/5/20,104.51
20/5/20,104.38
19/5/20,104.52
18/5/20,102.58
15/5/20,97.02
14/5/20,91.45
13/5/20,85.27
12/5/20,91.85
11/5/20,92.42
8/5/20,95.22
7/5/20,93.14
6/5/20,87.69
5/5/20,90.13
4/5/20,82.15
1/5/20,76.63
30/4/20,69.78
29/4/20,72.72
28/4/20,66.72
27/4/20,64.83
24/4/20,66.12
23/4/20,64.36
22/4/20,63.84
21/4/20,51.03
20/4/20,66.83
17/4/20,71.07
16/4/20,70.51
15/4/20,72.04
14/4/20,72.0
13/4/20,70.33
9/4/20,67.73
8/4/20,67.8
7/4/20,64.82
6/4/20,70.16
3/4/20,69.16
2/4/20,66.28
1/4/20,54.65
31/3/20,57.32
30/3/20,58.55
27/3/20,57.37
26/3/20,54.38
25/3/20,54.68
24/3/20,44.37
23/3/20,41.18
20/3/20,60.54
19/3/20,68.5
18/3/20,63.77
17/3/20,71.14
16/3/20,68.99
13/3/20,89.92
12/3/20,89.75
11/3/20,111.03
10/3/20,115.71
9/3/20,113.69
6/3/20,138.9
5/3/20,152.18
4/3/20,155.55
3/3/20,153.13
2/3/20,153.96
28/2/20,139.55
27/2/20,141.06
26/2/20,145.49
25/2/20,153.24
24/2/20,160.91
21/2/20,165.06
20/2/20,166.97
19/2/20,166.33
18/2/20,161.48
14/2/20,158.33
13/2/20,158.02
12/2/20,158.1
11/2/20,151.42
10/2/20,152.13
7/2/20,152.39
6/2/20,149.8
5/2/20,148.63
4/2/20,144.32
3/2/20,147.37
31/1/20,148.87
30/1/20,149.37
29/1/20,153.08
28/1/20,150.32
27/1/20,148.4
24/1/20,151.52
23/1/20,156.02
22/1/20,157.96
21/1/20,163.65
17/1/20,164.06
16/1/20,165.48
15/1/20,163.68
14/1/20,165.44
13/1/20,165.73
10/1/20,165.96
9/1/20,165.27
8/1/20,164.88
7/1/20,172.22
6/1/20,175.44
3/1/20,174.88
2/1/20,170.42
31/12/19,169.78
30/12/19,172.83
27/12/19,174.73
26/12/19,175.37
24/12/19,172.7
23/12/19,170.51
20/12/19,170.58
19/12/19,170.68
18/12/19,168.38
17/12/19,168.57
16/12/19,166.27
13/12/19,166.32
12/12/19,162.83
11/12/19,162.61
10/12/19,165.25
9/12/19,165.48
6/12/19,164.74
5/12/19,162.11
4/12/19,160.42
3/12/19,156.29
2/12/19,157.33
29/11/19,159.7
27/11/19,167.92
26/11/19,170.47
25/11/19,167.48
22/11/19,167.43
21/11/19,170.44
20/11/19,165.63
19/11/19,160.37
18/11/19,162.1
15/11/19,163.5
14/11/19,161.58
13/11/19,163.65
12/11/19,161.44
11/11/19,160.99
8/11/19,163.37
7/11/19,163.55
6/11/19,162.62
5/11/19,167.46
4/11/19,166.37
1/11/19,165.57
31/10/19,163.12
30/10/19,166.45
29/10/19,168.57
28/10/19,167.28
25/10/19,167.3
24/10/19,166.32
23/10/19,165.19
22/10/19,160.89
21/10/19,160.72
18/10/19,162.3
17/10/19,162.25
16/10/19,162.48
15/10/19,161.44
14/10/19,161.32
11/10/19,163.88
10/10/19,162.33
9/10/19,158.71
8/10/19,158.09
7/10/19,156.94
4/10/19,157.34
3/10/19,155.59
2/10/19,154.55
1/10/19,157.37
30/9/19,160.49
27/9/19,165.14
26/9/19,166.12
25/9/19,162.52
24/9/19,165.43
23/9/19,168.38
20/9/19,167.84
19/9/19,170.07
18/9/19,165.77
17/9/19,167.51
16/9/19,175.24
13/9/19,155.31
12/9/19,155.3
11/9/19,156.99
10/9/19,159.08
9/9/19,158.46
6/9/19,157.42
5/9/19,154.6
4/9/19,153.29
3/9/19,147.05
30/8/19,161.34
29/8/19,168.47
28/8/19,168.24
27/8/19,164.99
26/8/19,161.65
23/8/19,164.28
22/8/19,166.75
21/8/19,169.38
20/8/19,168.11
19/8/19,166.44
16/8/19,165.68
15/8/19,163.64
14/8/19,167.58
13/8/19,173.64
12/8/19,166.52
9/8/19,167.4
8/8/19,164.57
7/8/19,162.03
6/8/19,168.73
5/8/19,171.8
2/8/19,178.15
1/8/19,174.99
31/7/19,190.2
30/7/19,189.69
29/7/19,186.34
26/7/19,187.44
25/7/19,188.03
24/7/19,185.51
23/7/19,186.05
22/7/19,182.79
19/7/19,184.05
18/7/19,183.42
17/7/19,187.87
16/7/19,189.18
15/7/19,193.03
12/7/19,197.7
11/7/19,198.95
10/7/19,200.52
9/7/19,192.69
8/7/19,190.13
5/7/19,192.95
3/7/19,191.67
2/7/19,187.03
1/7/19,193.05
28/6/19,194.25
27/6/19,194.66
26/6/19,197.04
25/6/19,187.72
24/6/19,185.49
21/6/19,185.61
20/6/19,178.63
19/6/19,173.55
18/6/19,172.14
17/6/19,169.08
14/6/19,173.25
13/6/19,171.99
12/6/19,168.61
11/6/19,175.63
10/6/19,173.03
7/6/19,173.89
6/6/19,170.76
5/6/19,169.28
4/6/19,172.42
3/6/19,174.13
31/5/19,180.2
30/5/19,187.86
29/5/19,194.52
28/5/19,195.67
24/5/19,193.45
23/5/19,191.33
22/5/19,199.12
21/5/19,201.93
20/5/19,200.99
17/5/19,204.73
16/5/19,206.18
15/5/19,201.27
14/5/19,197.67
13/5/19,196.37
10/5/19,198.91
9/5/19,197.54
8/5/19,197.5
7/5/19,194.87
6/5/19,199.66
3/5/19,202.65
2/5/19,201.83
1/5/19,206.42
30/4/19,212.32
29/4/19,208.28
26/4/19,210.06
25/4/19,213.21
24/4/19,212.85
23/4/19,213.16
22/4/19,212.98
18/4/19,207.22
17/4/19,204.18
16/4/19,203.17
15/4/19,201.18
12/4/19,203.7
11/4/19,203.09
10/4/19,206.92
9/4/19,199.9
8/4/19,198.8
5/4/19,196.87
4/4/19,193.99
3/4/19,195.12
2/4/19,192.85
1/4/19,189.89
29/3/19,189.56
28/3/19,187.99
27/3/19,189.55
26/3/19,195.57
25/3/19,193.79
22/3/19,192.59
21/3/19,192.03
20/3/19,191.66
19/3/19,189.31
18/3/19,188.28
15/3/19,185.77
14/3/19,184.95
13/3/19,185.68
12/3/19,181.55
11/3/19,182.6
8/3/19,180.17
7/3/19,180.54
6/3/19,178.9
5/3/19,176.74
4/3/19,174.9
1/3/19,173.03
28/2/19,162.93
27/2/19,163.4
26/2/19,158.63
25/2/19,154.52
22/2/19,161.12
21/2/19,161.44
20/2/19,159.81
19/2/19,156.38
15/2/19,157.29
14/2/19,150.85
13/2/19,146.51
12/2/19,142.72
11/2/19,141.92
8/2/19,144.64
7/2/19,142.58
6/2/19,145.91
5/2/19,142.59
4/2/19,143.23
1/2/19,143.69
31/1/19,136.27
30/1/19,138.23
29/1/19,135.09
28/1/19,133.31
25/1/19,138.94
24/1/19,138.76
23/1/19,138.57
22/1/19,140.15
18/1/19,145.28
17/1/19,143.0
16/1/19,141.59
15/1/19,141.14
14/1/19,136.38
11/1/19,140.07
10/1/19,143.07
9/1/19,142.54
8/1/19,136.26
7/1/19,134.08
4/1/19,134.78
3/1/19,134.95
2/1/19,132.56
31/12/18,132.37
28/12/18,132.62
27/12/18,130.4
26/12/18,133.04
24/12/18,124.88
21/12/18,131.83
20/12/18,132.24
19/12/18,138.63
18/12/18,135.05
17/12/18,141.04
14/12/18,143.43
13/12/18,147.82
12/12/18,142.04
11/12/18,143.98
10/12/18,141.89
7/12/18,148.58
6/12/18,143.34
5/12/18,144.56
4/12/18,144.34
3/12/18,143.14
30/11/18,144.13
29/11/18,145.47
28/11/18,139.79
27/11/18,142.08
26/11/18,144.26
23/11/18,139.13
21/11/18,151.07
20/11/18,149.59
19/11/18,158.29
16/11/18,157.7
15/11/18,155.66
14/11/18,156.06
13/11/18,154.27
12/11/18,163.67
9/11/18,162.14
8/11/18,164.43
7/11/18,164.74
6/11/18,169.4
5/11/18,169.19
2/11/18,170.83
1/11/18,171.65
31/10/18,176.8
30/10/18,180.59
29/10/18,182.49
26/10/18,181.5
25/10/18,181.29
24/10/18,182.23
23/10/18,183.68
22/10/18,190.67
19/10/18,191.39
18/10/18,189.11
17/10/18,191.87
16/10/18,197.73
15/10/18,194.43
12/10/18,194.2
11/10/18,193.27
10/10/18,202.04
9/10/18,207.74
8/10/18,209.37
5/10/18,208.61
4/10/18,210.04
3/10/18,213.78
2/10/18,212.69
1/10/18,212.75
28/9/18,210.12
27/9/18,208.24
26/9/18,205.85
25/9/18,206.77
24/9/18,205.47
21/9/18,201.71
20/9/18,201.46
19/9/18,202.07
18/9/18,200.49
17/9/18,197.68
14/9/18,197.02
13/9/18,199.29
12/9/18,203.48
11/9/18,201.42
10/9/18,195.92
7/9/18,197.0
6/9/18,195.1
5/9/18,196.48
4/9/18,199.42
31/8/18,214.37
30/8/18,214.35
29/8/18,210.6
28/8/18,207.87
27/8/18,208.96
24/8/18,207.79
23/8/18,205.92
22/8/18,206.8
21/8/18,201.79
20/8/18,201.51
17/8/18,198.09
16/8/18,198.74
15/8/18,199.74
14/8/18,203.41
13/8/18,201.47
10/8/18,203.92
9/8/18,199.99
8/8/18,201.95
7/8/18,210.4
6/8/18,206.51
3/8/18,206.55
2/8/18,206.81
1/8/18,204.51
31/7/18,212.91
30/7/18,216.03
27/7/18,216.19
26/7/18,216.23
25/7/18,212.31
24/7/18,209.56
23/7/18,209.14
20/7/18,206.9
19/7/18,204.35
18/7/18,204.44
17/7/18,202.61
16/7/18,200.22
13/7/18,210.67
12/7/18,207.17
11/7/18,206.14
10/7/18,216.03
9/7/18,214.85
6/7/18,210.85
5/7/18,212.93
3/7/18,211.76
2/7/18,210.48
29/6/18,217.91
28/6/18,213.29
27/6/18,213.36
26/6/18,207.46
25/6/18,205.15
22/6/18,207.05
21/6/18,201.23
20/6/18,202.35
19/6/18,203.79
18/6/18,205.46
15/6/18,202.32
14/6/18,209.1
13/6/18,212.52
12/6/18,208.99
11/6/18,210.49
8/6/18,211.53
7/6/18,211.48
6/6/18,207.0
5/6/18,210.62
4/6/18,212.24
1/6/18,214.34
31/5/18,216.03
30/5/18,218.42
29/5/18,214.41
25/5/18,218.14
24/5/18,223.38
23/5/18,226.01
22/5/18,227.02
21/5/18,225.65
18/5/18,223.33
17/5/18,224.31
16/5/18,224.99
15/5/18,220.48
14/5/18,220.02
11/5/18,218.88
10/5/18,218.9
9/5/18,216.73
8/5/18,211.14
7/5/18,213.4
4/5/18,211.4
3/5/18,208.75
2/5/18,207.98
1/5/18,208.76
30/4/18,212.92
27/4/18,212.69
26/4/18,211.23
25/4/18,208.97
24/4/18,209.49
23/4/18,212.37
20/4/18,209.59
19/4/18,207.74
18/4/18,206.83
17/4/18,204.12
16/4/18,203.99
13/4/18,206.54
12/4/18,205.46
11/4/18,206.76
10/4/18,204.09
9/4/18,198.42
6/4/18,195.47
5/4/18,198.16
4/4/18,197.68
3/4/18,197.41
2/4/18,196.61
29/3/18,201.79
28/3/18,201.16
27/3/18,201.35
26/3/18,201.04
23/3/18,203.36
22/3/18,200.96
21/3/18,201.22
20/3/18,196.59
19/3/18,192.49
16/3/18,194.59
15/3/18,192.48
14/3/18,192.43
13/3/18,188.63
12/3/18,189.4
9/3/18,190.43
8/3/18,186.77
7/3/18,191.03
6/3/18,193.31
5/3/18,193.49
2/3/18,190.14
1/3/18,189.64
28/2/18,175.77
27/2/18,180.34
26/2/18,182.67
23/2/18,180.85
22/2/18,176.57
21/2/18,175.73
20/2/18,175.03
16/2/18,175.09
15/2/18,173.58
14/2/18,171.3
13/2/18,168.53
12/2/18,167.85
9/2/18,170.02
8/2/18,176.5
7/2/18,176.6
6/2/18,180.52
5/2/18,184.66
2/2/18,187.2
1/2/18,189.58
31/1/18,190.75
30/1/18,189.54
29/1/18,193.49
26/1/18,193.77
25/1/18,191.54
24/1/18,191.64
23/1/18,190.87
22/1/18,188.01
19/1/18,186.36
18/1/18,188.35
17/1/18,185.84
16/1/18,183.84
12/1/18,184.95
11/1/18,183.7
10/1/18,183.27
9/1/18,183.62
8/1/18,179.18
5/1/18,178.58
4/1/18,180.67
3/1/18,179.74
2/1/18,176.31
29/12/17,179.92
28/12/17,179.3
27/12/17,179.15
26/12/17,178.66
22/12/17,176.23
21/12/17,174.76
20/12/17,173.53
19/12/17,169.66
18/12/17,167.25
15/12/17,165.48
14/12/17,167.07
13/12/17,164.67
12/12/17,169.76
11/12/17,172.66
8/12/17,171.66
7/12/17,170.0
6/12/17,166.09
5/12/17,171.84
4/12/17,169.22
1/12/17,174.16
30/11/17,172.84
29/11/17,173.09
28/11/17,177.2
27/11/17,178.93
24/11/17,178.8
22/11/17,176.79
21/11/17,177.31
20/11/17,174.38
17/11/17,174.47
16/11/17,171.37
15/11/17,173.88
14/11/17,176.12
13/11/17,179.29
10/11/17,181.24
9/11/17,181.97
8/11/17,182.13
7/11/17,181.53
6/11/17,183.0
3/11/17,179.34
2/11/17,176.97
1/11/17,174.1
31/10/17,177.96
30/10/17,176.41
27/10/17,176.86
26/10/17,175.06
25/10/17,173.48
24/10/17,171.55
23/10/17,167.83
20/10/17,167.81
19/10/17,164.47
18/10/17,164.29
17/10/17,163.01
16/10/17,161.69
13/10/17,162.22
12/10/17,158.32
11/10/17,160.92
10/10/17,159.15
9/10/17,155.94
6/10/17,155.88
5/10/17,161.14
4/10/17,158.05
3/10/17,156.55
2/10/17,155.53
29/9/17,160.65
28/9/17,163.18
27/9/17,165.4
26/9/17,169.88
25/9/17,172.2
22/9/17,166.84
21/9/17,164.38
20/9/17,165.51
19/9/17,165.5
18/9/17,166.86
15/9/17,166.17
14/9/17,162.87
13/9/17,164.73
12/9/17,165.63
11/9/17,163.45
8/9/17,164.76
7/9/17,166.1
6/9/17,167.33
5/9/17,169.91
1/9/17,174.79
31/8/17,213.99
30/8/17,188.47
29/8/17,178.33
28/8/17,171.23
25/8/17,166.66
24/8/17,166.41
23/8/17,161.89
22/8/17,159.08
21/8/17,158.41
18/8/17,162.4
17/8/17,158.69
16/8/17,156.38
15/8/17,157.95
14/8/17,157.67
11/8/17,161.3
10/8/17,160.28
9/8/17,162.0
8/8/17,162.08
7/8/17,162.99
4/8/17,164.63
3/8/17,163.19
2/8/17,164.48
1/8/17,166.13
31/7/17,170.58
28/7/17,167.61
27/7/17,164.46
26/7/17,161.73
25/7/17,159.62
24/7/17,155.68
21/7/17,156.33
20/7/17,160.62
19/7/17,161.69
18/7/17,157.89
17/7/17,155.67
14/7/17,156.05
13/7/17,152.61
12/7/17,152.08
11/7/17,151.83
10/7/17,150.07
7/7/17,149.84
6/7/17,152.87
5/7/17,150.24
3/7/17,153.48
30/6/17,151.52
29/6/17,148.56
28/6/17,148.33
27/6/17,145.98
26/6/17,143.87
23/6/17,143.41
22/6/17,143.45
21/6/17,141.05
20/6/17,142.4
19/6/17,145.06
16/6/17,145.48
15/6/17,143.57
14/6/17,143.27
13/6/17,149.95
12/6/17,148.8
9/6/17,150.17
8/6/17,149.19
7/6/17,149.13
6/6/17,155.45
5/6/17,153.81
2/6/17,157.71
1/6/17,160.14
31/5/17,161.22
30/5/17,163.89
26/5/17,164.26
25/5/17,160.93
24/5/17,165.26
23/5/17,166.14
22/5/17,166.26
19/5/17,165.23
18/5/17,160.63
17/5/17,160.27
16/5/17,160.43
15/5/17,159.54
12/5/17,157.61
11/5/17,156.22
10/5/17,153.96
9/5/17,148.95
8/5/17,151.78
5/5/17,150.46
4/5/17,148.12
3/5/17,153.38
2/5/17,151.36
1/5/17,152.72
28/4/17,154.8
27/4/17,155.0
26/4/17,159.03
25/4/17,162.3
24/4/17,162.14
21/4/17,164.45
20/4/17,167.05
19/4/17,165.9
18/4/17,171.1
17/4/17,171.96
13/4/17,173.49
12/4/17,174.17
11/4/17,175.77
10/4/17,175.81
7/4/17,174.62
6/4/17,172.96
5/4/17,171.53
4/4/17,172.17
3/4/17,169.37
31/3/17,170.01
30/3/17,168.12
29/3/17,167.2
28/3/17,163.49
27/3/17,161.89
24/3/17,160.48
23/3/17,158.96
22/3/17,160.19
21/3/17,160.52
20/3/17,161.13
17/3/17,159.89
16/3/17,159.42
15/3/17,158.34
14/3/17,158.35
13/3/17,158.07
10/3/17,160.01
9/3/17,162.43
8/3/17,165.26
7/3/17,167.98
6/3/17,167.23
3/3/17,165.31
2/3/17,164.33
1/3/17,167.8
28/2/17,151.2
27/2/17,153.27
24/2/17,151.48
23/2/17,152.86
22/2/17,151.33
21/2/17,149.4
17/2/17,151.66
16/2/17,152.47
15/2/17,154.79
14/2/17,154.67
13/2/17,154.46
10/2/17,158.96
9/2/17,157.02
8/2/17,155.27
7/2/17,148.75
6/2/17,151.03
3/2/17,155.37
2/2/17,153.29
1/2/17,157.91
31/1/17,152.56
30/1/17,150.55
27/1/17,152.71
26/1/17,154.27
25/1/17,152.38
24/1/17,157.59
23/1/17,156.67
20/1/17,156.6
19/1/17,153.45
18/1/17,154.87
17/1/17,160.04
13/1/17,161.17
12/1/17,161.08
11/1/17,159.29
10/1/17,154.67
9/1/17,157.07
6/1/17,163.4
5/1/17,163.77
4/1/17,164.59
3/1/17,162.18
30/12/16,166.51
29/12/16,168.2
28/12/16,167.46
27/12/16,165.28
23/12/16,162.62
22/12/16,160.4
21/12/16,160.55
20/12/16,159.36
19/12/16,156.39
16/12/16,155.71
15/12/16,154.21
14/12/16,153.31
13/12/16,155.07
12/12/16,154.3
9/12/16,150.73
8/12/16,150.47
7/12/16,150.82
6/12/16,153.59
5/12/16,155.75
2/12/16,155.91
1/12/16,154.7
30/11/16,149.08
29/11/16,137.71
28/11/16,141.27
25/11/16,137.27
23/11/16,142.17
22/11/16,140.98
21/11/16,139.65
18/11/16,133.91
17/11/16,134.3
16/11/16,131.91
15/11/16,133.5
14/11/16,127.78
11/11/16,130.53
10/11/16,133.77
9/11/16,135.72
8/11/16,136.92
7/11/16,137.1
4/11/16,137.86
3/11/16,142.45
2/11/16,144.79
1/11/16,148.41
31/10/16,144.95
28/10/16,146.91
27/10/16,148.71
26/10/16,148.31
25/10/16,150.05
24/10/16,150.38
21/10/16,153.14
20/10/16,149.37
19/10/16,151.36
18/10/16,150.57
17/10/16,149.24
14/10/16,149.36
13/10/16,148.18
12/10/16,146.19
11/10/16,148.29
10/10/16,149.72
7/10/16,148.18
6/10/16,149.78
5/10/16,149.28
4/10/16,149.96
3/10/16,147.05
30/9/16,148.74
29/9/16,146.68
28/9/16,147.77
27/9/16,139.37
26/9/16,140.24
23/9/16,137.69
22/9/16,140.18
21/9/16,139.9
20/9/16,136.46
19/9/16,142.08
16/9/16,146.16
15/9/16,143.02
14/9/16,136.15
13/9/16,137.65
12/9/16,138.99
9/9/16,136.11
8/9/16,141.65
7/9/16,134.64
6/9/16,131.64
2/9/16,130.16
1/9/16,127.24
31/8/16,141.22
30/8/16,144.83
29/8/16,146.69
26/8/16,151.28
25/8/16,151.14
24/8/16,150.96
23/8/16,149.88
22/8/16,148.42
19/8/16,151.29
18/8/16,148.97
17/8/16,145.05
16/8/16,142.26
15/8/16,140.07
12/8/16,137.09
11/8/16,136.17
10/8/16,130.14
9/8/16,134.62
8/8/16,136.2
5/8/16,137.63
4/8/16,136.8
3/8/16,134.99
2/8/16,131.16
1/8/16,130.36
29/7/16,132.1
28/7/16,130.62
27/7/16,132.14
26/7/16,134.52
25/7/16,133.36
22/7/16,136.15
21/7/16,135.5
20/7/16,136.37
19/7/16,137.57
18/7/16,138.72
15/7/16,142.2
14/7/16,141.4
13/7/16,137.84
12/7/16,143.01
11/7/16,138.35
8/7/16,137.08
7/7/16,136.31
6/7/16,143.29
5/7/16,142.87
1/7/16,151.35
30/6/16,150.14
29/6/16,152.48
28/6/16,151.0
27/6/16,147.67
24/6/16,152.5
23/6/16,160.35
22/6/16,158.82
21/6/16,159.29
20/6/16,158.27
17/6/16,150.53
16/6/16,146.53
15/6/16,150.14
14/6/16,152.13
13/6/16,153.62
10/6/16,155.96
9/6/16,161.86
8/6/16,161.98
7/6/16,158.71
6/6/16,158.87
3/6/16,160.75
2/6/16,163.46
1/6/16,161.53
31/5/16,161.49
27/5/16,163.19
26/5/16,161.95
25/5/16,164.16
24/5/16,165.44
23/5/16,164.56
20/5/16,163.56
19/5/16,163.39
18/5/16,164.89
17/5/16,163.41
16/5/16,160.63
13/5/16,158.82
12/5/16,158.33
11/5/16,158.15
10/5/16,148.57
9/5/16,144.27
6/5/16,149.62
5/5/16,149.14
4/5/16,148.66
3/5/16,151.0
2/5/16,156.28
29/4/16,158.48
28/4/16,159.8
27/4/16,158.08
26/4/16,156.6
25/4/16,151.31
22/4/16,153.09
21/4/16,151.59
20/4/16,150.68
19/4/16,147.99
18/4/16,143.65
15/4/16,146.12
14/4/16,150.56
13/4/16,152.95
12/4/16,153.43
11/4/16,150.77
8/4/16,146.37
7/4/16,138.12
6/4/16,139.47
5/4/16,137.78
4/4/16,137.7
1/4/16,140.16
31/3/16,142.65
30/3/16,143.64
29/3/16,145.38
28/3/16,146.8
24/3/16,146.59
23/3/16,145.41
22/3/16,149.71
21/3/16,145.89
18/3/16,142.73
17/3/16,143.83
16/3/16,141.83
15/3/16,140.82
14/3/16,142.26
11/3/16,144.43
10/3/16,143.9
9/3/16,147.05
8/3/16,138.78
7/3/16,139.27
4/3/16,133.21
3/3/16,129.88
2/3/16,131.07
1/3/16,130.35
29/2/16,104.97
26/2/16,101.66
25/2/16,105.6
24/2/16,101.04
23/2/16,96.63
22/2/16,100.06
19/2/16,95.94
18/2/16,97.24
17/2/16,100.34
16/2/16,97.09
12/2/16,104.32
11/2/16,94.17
10/2/16,94.25
9/2/16,89.89
8/2/16,95.61
5/2/16,99.27
4/2/16,102.84
3/2/16,101.37
2/2/16,100.08
1/2/16,108.3
29/1/16,110.31
28/1/16,107.9
27/1/16,104.57
26/1/16,104.72
25/1/16,103.0
22/1/16,108.38
21/1/16,103.12
20/1/16,101.77
19/1/16,102.62
15/1/16,102.12
14/1/16,106.84
13/1/16,105.28
12/1/16,108.48
11/1/16,111.3
8/1/16,112.77
7/1/16,114.6
6/1/16,116.18
5/1/16,125.67
4/1/16,129.07
31/12/15,126.71
30/12/15,123.0
29/12/15,127.6
28/12/15,123.26
24/12/15,126.43
23/12/15,124.14
22/12/15,117.49
21/12/15,120.94
18/12/15,127.46
17/12/15,126.16
16/12/15,123.28
15/12/15,124.44
14/12/15,125.58
11/12/15,128.15
10/12/15,128.02
9/12/15,123.17
8/12/15,120.36
7/12/15,120.94
4/12/15,127.02
3/12/15,129.63
2/12/15,129.31
1/12/15,136.3
30/11/15,135.87
27/11/15,139.05
25/11/15,139.61
24/11/15,139.02
23/11/15,131.34
20/11/15,129.03
19/11/15,128.79
18/11/15,126.61
17/11/15,123.8
16/11/15,123.86
13/11/15,123.89
12/11/15,127.31
11/11/15,132.94
10/11/15,136.18
9/11/15,137.05
6/11/15,136.95
5/11/15,136.1
4/11/15,139.19
3/11/15,144.55
2/11/15,137.53
30/10/15,140.5
29/10/15,134.96
28/10/15,135.01
27/10/15,128.72
26/10/15,128.79
23/10/15,130.36
22/10/15,130.67
21/10/15,128.08
20/10/15,127.83
19/10/15,125.14
16/10/15,132.8
15/10/15,130.72
14/10/15,130.83
13/10/15,131.4
12/10/15,134.11
9/10/15,141.67
8/10/15,140.78
7/10/15,139.0
6/10/15,143.62
5/10/15,138.53
2/10/15,134.14
1/10/15,136.68
30/9/15,138.94
29/9/15,136.32
28/9/15,134.88
25/9/15,139.59
24/9/15,136.52
23/9/15,138.16
22/9/15,141.64
21/9/15,140.31
18/9/15,135.62
17/9/15,137.6
16/9/15,138.21
15/9/15,133.29
14/9/15,130.43
11/9/15,136.99
10/9/15,139.36
9/9/15,135.97
8/9/15,140.21
4/9/15,141.82
3/9/15,143.71
2/9/15,142.52
1/9/15,139.56
31/8/15,164.04
28/8/15,152.18
27/8/15,145.68
26/8/15,135.49
25/8/15,143.86
24/8/15,147.1
21/8/15,154.49
20/8/15,153.46
19/8/15,155.92
18/8/15,164.68
17/8/15,165.42
14/8/15,168.69
13/8/15,171.41
12/8/15,176.35
11/8/15,169.37
10/8/15,169.4
7/8/15,162.3
6/8/15,164.78
5/8/15,167.05
4/8/15,168.52
3/8/15,167.45
31/7/15,184.1
30/7/15,182.79
29/7/15,182.24
28/7/15,180.32
27/7/15,182.04
24/7/15,182.82
23/7/15,185.21
22/7/15,186.76
21/7/15,192.09
20/7/15,193.03
17/7/15,192.86
16/7/15,189.67
15/7/15,185.89
14/7/15,193.07
13/7/15,193.96
10/7/15,201.65
9/7/15,204.51
8/7/15,199.9
7/7/15,194.94
6/7/15,192.37
2/7/15,203.43
1/7/15,200.68
30/6/15,208.96
29/6/15,203.03
26/6/15,204.85
25/6/15,203.68
24/6/15,205.55
23/6/15,207.66
22/6/15,202.97
19/6/15,205.86
18/6/15,211.01
17/6/15,210.05
16/6/15,212.45
15/6/15,209.91
12/6/15,212.11
11/6/15,213.81
10/6/15,214.64
9/6/15,207.71
8/6/15,200.75
5/6/15,203.0
4/6/15,198.06
3/6/15,204.53
2/6/15,206.48
1/6/15,204.22
29/5/15,208.58
28/5/15,198.51
27/5/15,194.45
26/5/15,199.83
22/5/15,205.39
21/5/15,208.24
20/5/15,204.11
19/5/15,199.5
18/5/15,204.11
15/5/15,205.68
14/5/15,205.75
13/5/15,204.05
12/5/15,203.93
11/5/15,198.64
8/5/15,199.18
7/5/15,199.03
6/5/15,203.66
5/5/15,206.34
4/5/15,203.39
1/5/15,204.53
30/4/15,204.97
29/4/15,201.79
28/4/15,200.18
27/4/15,200.9
24/4/15,200.79
23/4/15,199.56
22/4/15,192.45
21/4/15,188.81
20/4/15,193.15
17/4/15,192.99
16/4/15,193.54
15/4/15,193.6
14/4/15,183.6
13/4/15,180.46
10/4/15,180.73
9/4/15,175.92
8/4/15,173.92
7/4/15,186.09
6/4/15,184.25
2/4/15,176.13
1/4/15,183.12
31/3/15,178.0
30/3/15,180.06
27/3/15,179.8
26/3/15,188.17
25/3/15,183.65
24/3/15,179.97
23/3/15,180.39
20/3/15,179.78
19/3/15,177.43
18/3/15,179.91
17/3/15,173.01
16/3/15,172.86
13/3/15,176.23
12/3/15,180.95
11/3/15,182.64
10/3/15,181.83
9/3/15,187.47
6/3/15,188.19
5/3/15,188.73
4/3/15,192.57
3/3/15,194.99
2/3/15,189.73
27/2/15,176.76
26/2/15,170.76
25/2/15,171.87
24/2/15,162.02
23/2/15,164.62
20/2/15,164.07
19/2/15,161.62
18/2/15,157.36
17/2/15,159.01
13/2/15,162.62
12/2/15,159.55
11/2/15,154.32
10/2/15,155.23
9/2/15,157.82
6/2/15,155.91
5/2/15,152.48
4/2/15,148.17
3/2/15,160.13
2/2/15,154.46
30/1/15,141.52
29/1/15,135.37
28/1/15,134.5
27/1/15,135.01
26/1/15,131.67
23/1/15,134.79
22/1/15,133.08
21/1/15,132.55
20/1/15,131.28
16/1/15,135.88
15/1/15,129.94
14/1/15,135.07
13/1/15,126.85
12/1/15,127.45
9/1/15,132.32
8/1/15,134.09
7/1/15,133.76
6/1/15,135.43
5/1/15,138.14
2/1/15,143.34
31/12/14,143.53
30/12/14,145.37
29/12/14,145.28
26/12/14,150.87
24/12/14,151.27
23/12/14,157.04
22/12/14,153.5
19/12/14,155.95
18/12/14,152.72
17/12/14,156.62
16/12/14,154.1
15/12/14,157.64
12/12/14,159.73
11/12/14,162.44
10/12/14,164.18
9/12/14,172.36
8/12/14,170.66
5/12/14,177.34
4/12/14,179.48
3/12/14,180.7
2/12/14,181.16
1/12/14,188.1
28/11/14,190.39
26/11/14,203.51
25/11/14,203.18
24/11/14,203.34
21/11/14,205.65
20/11/14,202.76
19/11/14,204.38
18/11/14,204.32
17/11/14,202.63
14/11/14,204.25
13/11/14,200.16
12/11/14,210.7
11/11/14,210.36
10/11/14,210.11
7/11/14,213.52
6/11/14,213.01
5/11/14,208.67
4/11/14,207.8
3/11/14,211.76
31/10/14,216.95
30/10/14,219.58
29/10/14,222.07
28/10/14,219.61
27/10/14,217.02
24/10/14,218.17
23/10/14,220.69
22/10/14,215.56
21/10/14,221.34
20/10/14,220.02
17/10/14,223.27
16/10/14,221.09
15/10/14,214.87
14/10/14,218.02
13/10/14,225.53
10/10/14,225.75
9/10/14,227.49
8/10/14,231.84
7/10/14,236.83
6/10/14,241.32
3/10/14,237.85
2/10/14,240.91
1/10/14,244.97
30/9/14,258.69
29/9/14,269.63
26/9/14,266.19
25/9/14,271.8
24/9/14,266.38
23/9/14,262.87
22/9/14,258.47
19/9/14,261.14
18/9/14,256.1
17/9/14,256.92
16/9/14,255.88
15/9/14,253.08
12/9/14,251.88
11/9/14,252.41
10/9/14,252.65
9/9/14,254.84
8/9/14,256.19
5/9/14,258.34
4/9/14,259.99
3/9/14,262.0
2/9/14,254.3
29/8/14,278.27
28/8/14,275.27
27/8/14,274.59
26/8/14,276.31
25/8/14,274.97
22/8/14,273.84
21/8/14,274.75
20/8/14,271.26
19/8/14,269.54
18/8/14,265.6
15/8/14,269.86
14/8/14,266.66
13/8/14,275.44
12/8/14,273.45
11/8/14,275.25
8/8/14,275.37
7/8/14,277.23
6/8/14,273.97
5/8/14,271.55
4/8/14,272.49
1/8/14,274.43
31/7/14,283.11
30/7/14,284.33
29/7/14,287.09
28/7/14,284.92
25/7/14,286.53
24/7/14,283.68
23/7/14,286.01
22/7/14,288.07
21/7/14,289.14
18/7/14,286.03
17/7/14,288.17
16/7/14,288.25
15/7/14,289.86
14/7/14,292.51
11/7/14,290.85
10/7/14,295.76
9/7/14,293.77
8/7/14,297.29
7/7/14,298.9
3/7/14,301.98
2/7/14,302.4
1/7/14,303.66
30/6/14,307.7
27/6/14,309.88
26/6/14,308.56
25/6/14,309.27
24/6/14,312.58
23/6/14,310.76
20/6/14,312.77
19/6/14,312.55
18/6/14,309.82
17/6/14,309.11
16/6/14,307.18
13/6/14,305.77
12/6/14,308.37
11/6/14,300.08
10/6/14,297.45
9/6/14,298.48
6/6/14,293.9
5/6/14,295.63
4/6/14,293.52
3/6/14,294.87
2/6/14,294.99
30/5/14,299.65
29/5/14,301.36
28/5/14,300.59
27/5/14,299.52
23/5/14,302.35
22/5/14,300.58
21/5/14,299.42
20/5/14,296.4
19/5/14,296.46
16/5/14,297.35
15/5/14,296.42
14/5/14,296.93
13/5/14,293.02
12/5/14,291.46
9/5/14,289.6
8/5/14,290.5
7/5/14,291.82
6/5/14,288.58
5/5/14,290.92
2/5/14,294.45
1/5/14,293.88
30/4/14,300.77
29/4/14,306.34
28/4/14,304.03
25/4/14,307.51
24/4/14,308.95
23/4/14,309.35
22/4/14,309.52
21/4/14,308.69
17/4/14,305.47
16/4/14,304.05
15/4/14,304.21
14/4/14,303.84
11/4/14,301.44
10/4/14,300.79
9/4/14,300.84
8/4/14,298.01
7/4/14,292.6
4/4/14,293.13
3/4/14,291.18
2/4/14,286.68
1/4/14,286.97
31/3/14,291.1
28/3/14,293.75
27/3/14,294.26
26/3/14,290.89
25/3/14,288.28
24/3/14,289.09
21/3/14,290.79
20/3/14,289.55
19/3/14,286.88
18/3/14,290.28
17/3/14,288.11
14/3/14,295.97
13/3/14,293.29
12/3/14,295.58
11/3/14,296.7
10/3/14,294.94
7/3/14,297.38
6/3/14,294.55
5/3/14,294.03
4/3/14,298.53
3/3/14,302.03
28/2/14,278.98
27/2/14,276.18
26/2/14,279.92
25/2/14,279.81
24/2/14,283.36
21/2/14,283.33
20/2/14,284.66
19/2/14,282.47
18/2/14,283.23
14/2/14,280.53
13/2/14,277.72
12/2/14,276.31
11/2/14,275.26
10/2/14,272.48
7/2/14,274.89
6/2/14,268.3
5/2/14,264.13
4/2/14,260.31
3/2/14,260.69
31/1/14,262.72
30/1/14,266.26
29/1/14,266.09
28/1/14,262.78
27/1/14,262.17
24/1/14,266.32
23/1/14,266.18
22/1/14,267.71
21/1/14,262.06
17/1/14,262.04
16/1/14,259.51
15/1/14,262.64
14/1/14,262.24
13/1/14,263.41
10/1/14,266.91
9/1/14,264.26
8/1/14,265.63
7/1/14,267.86
6/1/14,264.6
3/1/14,264.88
2/1/14,269.5
31/12/13,278.58
30/12/13,278.77
27/12/13,281.61
26/12/13,282.0
24/12/13,281.42
23/12/13,278.03
20/12/13,278.31
19/12/13,274.01
18/12/13,269.73
17/12/13,264.72
16/12/13,264.37
13/12/13,262.93
12/12/13,263.48
11/12/13,266.11
10/12/13,268.29
9/12/13,267.49
6/12/13,272.69
5/12/13,271.27
4/12/13,271.92
3/12/13,272.37
2/12/13,267.84
29/11/13,268.41
27/11/13,269.83
26/11/13,268.69
25/11/13,268.07
22/11/13,272.61
21/11/13,274.38
20/11/13,266.3
19/11/13,263.95
18/11/13,265.68
15/11/13,265.77
14/11/13,268.37
13/11/13,262.8
12/11/13,258.64
11/11/13,259.65
8/11/13,255.34
7/11/13,250.31
6/11/13,254.8
5/11/13,251.61
4/11/13,252.82
1/11/13,254.54
31/10/13,263.37
30/10/13,265.08
29/10/13,260.98
28/10/13,263.09
25/10/13,258.71
24/10/13,258.96
23/10/13,255.23
22/10/13,261.67
21/10/13,265.38
18/10/13,267.32
17/10/13,264.79
16/10/13,270.21
15/10/13,265.98
14/10/13,266.68
11/10/13,266.81
10/10/13,269.81
9/10/13,262.3
8/10/13,263.06
7/10/13,262.61
4/10/13,260.76
3/10/13,263.96
2/10/13,262.87
1/10/13,261.06
30/9/13,263.47
27/9/13,267.62
26/9/13,270.5
25/9/13,267.29
24/9/13,265.92
23/9/13,262.3
20/9/13,268.42
19/9/13,269.72
18/9/13,274.21
17/9/13,266.11
16/9/13,271.66
13/9/13,276.96
12/9/13,276.27
11/9/13,271.22
10/9/13,273.57
9/9/13,280.24
6/9/13,285.37
5/9/13,283.6
4/9/13,286.43
3/9/13,286.46
30/8/13,301.83
29/8/13,306.64
28/8/13,309.45
27/8/13,303.41
26/8/13,295.17
23/8/13,300.72
22/8/13,296.48
21/8/13,293.77
20/8/13,292.72
19/8/13,293.33
16/8/13,296.75
15/8/13,298.45
14/8/13,298.3
13/8/13,294.25
12/8/13,290.41
9/8/13,290.82
8/8/13,285.76
7/8/13,287.11
6/8/13,291.51
5/8/13,295.06
2/8/13,299.47
1/8/13,302.84
31/7/13,304.42
30/7/13,301.85
29/7/13,301.25
26/7/13,304.44
25/7/13,301.7
24/7/13,305.48
23/7/13,305.91
22/7/13,305.51
19/7/13,312.34
18/7/13,310.98
17/7/13,311.01
16/7/13,313.43
15/7/13,310.29
12/7/13,311.75
11/7/13,302.14
10/7/13,301.49
9/7/13,292.6
8/7/13,288.37
5/7/13,289.68
3/7/13,283.82
2/7/13,278.33
1/7/13,273.79
28/6/13,275.2
27/6/13,274.26
26/6/13,273.06
25/6/13,273.74
24/6/13,273.76
21/6/13,276.17
20/6/13,278.72
19/6/13,289.24
18/6/13,287.94
17/6/13,285.61
14/6/13,289.67
13/6/13,286.13
12/6/13,281.01
11/6/13,282.31
10/6/13,284.81
7/6/13,287.15
6/6/13,285.09
5/6/13,282.3
4/6/13,281.82
3/6/13,278.51
31/5/13,277.89
30/5/13,281.25
29/5/13,280.31
28/5/13,285.28
24/5/13,283.9
23/5/13,282.81
22/5/13,281.94
21/5/13,284.58
20/5/13,290.56
17/5/13,290.69
16/5/13,288.22
15/5/13,286.7
14/5/13,283.76
13/5/13,282.1
10/5/13,286.03
9/5/13,288.51
8/5/13,285.38
7/5/13,283.34
6/5/13,286.57
3/5/13,282.54
2/5/13,278.06
1/5/13,271.93
30/4/13,280.09
29/4/13,282.75
26/4/13,283.49
25/4/13,281.18
24/4/13,274.74
23/4/13,271.9
22/4/13,276.94
19/4/13,277.24
18/4/13,275.55
17/4/13,272.9
16/4/13,278.18
15/4/13,275.76
12/4/13,280.18
11/4/13,283.1
10/4/13,286.51
9/4/13,294.24
8/4/13,290.93
5/4/13,286.36
4/4/13,289.87
3/4/13,291.4
2/4/13,304.08
1/4/13,310.15
28/3/13,310.54
27/3/13,311.55
26/3/13,311.06
25/3/13,306.26
22/3/13,306.25
21/3/13,307.06
20/3/13,311.63
19/3/13,304.51
18/3/13,312.89
15/3/13,316.38
14/3/13,314.13
13/3/13,314.23
12/3/13,315.02
11/3/13,315.24
8/3/13,320.35
7/3/13,312.33
6/3/13,312.47
5/3/13,314.82
4/3/13,309.83
1/3/13,312.86
28/2/13,291.46
27/2/13,285.65
26/2/13,298.16
25/2/13,306.11
22/2/13,307.96
21/2/13,303.65
20/2/13,305.95
19/2/13,312.12
15/2/13,313.45
14/2/13,311.66
13/2/13,303.54
12/2/13,305.03
11/2/13,302.12
8/2/13,305.88
7/2/13,299.99
6/2/13,303.97
5/2/13,303.74
4/2/13,301.15
1/2/13,305.36
31/1/13,302.58
30/1/13,303.87
29/1/13,297.34
28/1/13,293.48
25/1/13,287.54
24/1/13,286.29
23/1/13,283.38
22/1/13,282.99
18/1/13,279.68
17/1/13,276.84
16/1/13,272.14
15/1/13,270.66
14/1/13,275.41
11/1/13,273.95
10/1/13,279.33
9/1/13,277.89
8/1/13,279.44
7/1/13,277.74
4/1/13,276.43
3/1/13,279.77
2/1/13,279.51
31/12/12,281.2
28/12/12,279.99
27/12/12,282.13
26/12/12,281.58
24/12/12,275.06
21/12/12,273.47
20/12/12,275.43
19/12/12,274.31
18/12/12,269.09
17/12/12,265.46
14/12/12,266.21
13/12/12,260.21
12/12/12,264.65
11/12/12,261.05
10/12/12,259.81
7/12/12,259.74
6/12/12,259.69
5/12/12,263.78
4/12/12,268.9
3/12/12,272.65
30/11/12,276.14
29/11/12,278.7
28/11/12,273.39
27/11/12,273.21
26/11/12,272.63
23/11/12,274.39
21/11/12,274.95
20/11/12,271.25
19/11/12,275.45
16/11/12,271.01
15/11/12,269.62
14/11/12,267.9
13/11/12,265.38
12/11/12,267.63
9/11/12,269.92
8/11/12,260.73
7/11/12,258.89
6/11/12,269.89
5/11/12,262.02
2/11/12,257.36
1/11/12,263.36
31/10/12,276.18
30/10/12,272.88
29/10/12,275.68
26/10/12,269.91
25/10/12,267.64
24/10/12,260.3
23/10/12,260.5
22/10/12,264.75
19/10/12,269.63
18/10/12,274.51
17/10/12,278.17
16/10/12,284.53
15/10/12,285.03
12/10/12,289.28
11/10/12,295.56
10/10/12,295.93
9/10/12,295.87
8/10/12,289.31
5/10/12,295.25
4/10/12,294.29
3/10/12,279.95
2/10/12,286.92
1/10/12,292.01
28/9/12,334.2
27/9/12,314.43
26/9/12,308.11
25/9/12,296.71
24/9/12,291.76
21/9/12,294.25
20/9/12,290.4
19/9/12,282.86
18/9/12,289.9
17/9/12,294.33
14/9/12,301.56
13/9/12,296.22
12/9/12,300.16
11/9/12,304.35
10/9/12,302.4
7/9/12,301.96
6/9/12,299.1
5/9/12,294.98
4/9/12,295.22
31/8/12,310.56
30/8/12,308.26
29/8/12,310.03
28/8/12,312.61
27/8/12,315.48
24/8/12,307.8
23/8/12,311.58
22/8/12,310.42
21/8/12,306.52
20/8/12,303.08
17/8/12,302.75
16/8/12,308.32
15/8/12,308.4
14/8/12,300.14
13/8/12,299.07
10/8/12,300.39
9/8/12,300.08
8/8/12,298.04
7/8/12,299.13
6/8/12,292.22
3/8/12,293.1
2/8/12,286.96
1/8/12,283.42
31/7/12,291.46
30/7/12,293.68
27/7/12,288.78
26/7/12,281.38
25/7/12,279.29
24/7/12,282.48
23/7/12,288.29
20/7/12,294.3
19/7/12,293.89
18/7/12,288.34
17/7/12,284.5
16/7/12,285.47
13/7/12,281.61
12/7/12,280.62
11/7/12,276.89
10/7/12,274.69
9/7/12,275.94
6/7/12,271.6
5/7/12,276.48
3/7/12,272.29
2/7/12,262.39
29/6/12,272.72
28/6/12,261.42
27/6/12,262.04
26/6/12,264.51
25/6/12,264.58
22/6/12,256.99
21/6/12,255.01
20/6/12,259.02
19/6/12,264.15
18/6/12,266.09
15/6/12,270.17
14/6/12,267.64
13/6/12,265.54
12/6/12,265.02
11/6/12,265.66
8/6/12,268.52
7/6/12,268.5
6/6/12,269.03
5/6/12,268.47
4/6/12,267.07
1/6/12,265.68
31/5/12,282.5
30/5/12,285.82
29/5/12,290.65
25/5/12,289.29
24/5/12,287.65
23/5/12,287.23
22/5/12,293.7
21/5/12,294.01
18/5/12,288.95
17/5/12,287.82
16/5/12,292.09
15/5/12,294.41
14/5/12,295.9
11/5/12,300.08
10/5/12,301.02
9/5/12,302.41
8/5/12,299.44
7/5/12,297.41
4/5/12,297.58
3/5/12,305.0
2/5/12,307.57
1/5/12,309.71
30/4/12,318.44
27/4/12,320.62
26/4/12,318.33
25/4/12,315.57
24/4/12,315.93
23/4/12,318.73
20/4/12,314.27
19/4/12,315.41
18/4/12,320.27
17/4/12,323.4
16/4/12,326.7
13/4/12,334.61
12/4/12,335.67
11/4/12,329.55
10/4/12,324.96
9/4/12,329.67
5/4/12,334.05
4/4/12,333.36
3/4/12,339.54
2/4/12,338.22
30/3/12,338.99
29/3/12,340.06
28/3/12,339.55
27/3/12,340.56
26/3/12,341.66
23/3/12,338.52
22/3/12,333.96
21/3/12,335.71
20/3/12,336.31
19/3/12,336.78
16/3/12,335.69
15/3/12,328.85
14/3/12,334.7
13/3/12,335.46
12/3/12,332.3
9/3/12,333.24
8/3/12,331.4
7/3/12,328.74
6/3/12,322.99
5/3/12,325.8
2/3/12,327.21
1/3/12,335.17
29/2/12,304.23
28/2/12,304.01
27/2/12,312.83
24/2/12,315.28
23/2/12,311.36
22/2/12,308.77
21/2/12,307.02
17/2/12,301.56
16/2/12,304.71
15/2/12,300.67
14/2/12,298.25
13/2/12,301.25
10/2/12,297.49
9/2/12,301.28
8/2/12,297.52
7/2/12,292.75
6/2/12,292.79
3/2/12,291.44
2/2/12,286.89
1/2/12,289.22
31/1/12,288.74
30/1/12,287.07
27/1/12,292.68
26/1/12,284.66
25/1/12,283.38
24/1/12,280.5
23/1/12,277.79
20/1/12,278.44
19/1/12,281.58
18/1/12,282.54
17/1/12,277.13
13/1/12,273.42
12/1/12,273.13
11/1/12,276.33
10/1/12,277.28
9/1/12,275.9
6/1/12,275.16
5/1/12,273.65
4/1/12,278.52
3/1/12,274.86
30/12/11,268.63
29/12/11,268.01
28/12/11,265.13
27/12/11,268.88
23/12/11,268.72
22/12/11,263.98
21/12/11,261.99
20/12/11,257.87
19/12/11,248.91
16/12/11,248.7
15/12/11,248.77
14/12/11,250.37
13/12/11,262.54
12/12/11,256.36
9/12/11,259.61
8/12/11,256.66
7/12/11,258.69
6/12/11,264.54
5/12/11,261.37
2/12/11,261.62
1/12/11,255.79
30/11/11,256.77
29/11/11,253.91
28/11/11,251.81
25/11/11,244.89
23/11/11,251.77
22/11/11,256.18
21/11/11,248.9
18/11/11,247.84
17/11/11,250.71
16/11/11,262.73
15/11/11,258.57
14/11/11,253.53
11/11/11,260.38
10/11/11,263.68
9/11/11,264.42
8/11/11,270.64
7/11/11,272.82
4/11/11,266.34
3/11/11,264.18
2/11/11,262.72
1/11/11,262.44
31/10/11,264.29
28/10/11,268.22
27/10/11,274.2
26/10/11,265.16
25/10/11,269.98
24/10/11,268.88
21/10/11,268.46
20/10/11,267.55
19/10/11,267.15
18/10/11,274.69
17/10/11,274.29
14/10/11,282.47
13/10/11,275.75
12/10/11,274.87
11/10/11,274.76
10/10/11,269.53
7/10/11,264.76
6/10/11,268.6
5/10/11,256.92
4/10/11,248.84
3/10/11,251.1
30/9/11,262.6
29/9/11,261.92
28/9/11,265.07
27/9/11,269.55
26/9/11,256.94
23/9/11,255.47
22/9/11,256.0
21/9/11,266.65
20/9/11,270.14
19/9/11,269.65
16/9/11,278.41
15/9/11,278.28
14/9/11,272.58
13/9/11,274.24
12/9/11,273.82
9/9/11,277.1
8/9/11,288.52
7/9/11,290.8
6/9/11,282.26
2/9/11,283.96
1/9/11,289.27
31/8/11,303.2
30/8/11,299.58
29/8/11,290.64
26/8/11,293.46
25/8/11,296.79
24/8/11,287.84
23/8/11,287.66
22/8/11,283.51
19/8/11,284.12
18/8/11,278.32
17/8/11,287.03
16/8/11,285.38
15/8/11,287.45
12/8/11,282.22
11/8/11,282.73
10/8/11,278.25
9/8/11,266.76
8/8/11,269.16
5/8/11,280.52
4/8/11,273.72
3/8/11,293.13
2/8/11,303.73
1/8/11,305.4
29/7/11,311.29
28/7/11,311.76
27/7/11,314.23
26/7/11,315.36
25/7/11,312.64
22/7/11,313.01
21/7/11,309.95
20/7/11,314.7
19/7/11,311.49
18/7/11,309.74
15/7/11,312.93
14/7/11,312.48
13/7/11,315.16
12/7/11,309.82
11/7/11,307.05
8/7/11,309.26
7/7/11,312.7
6/7/11,299.76
5/7/11,297.74
1/7/11,297.26
30/6/11,303.16
29/6/11,300.97
28/6/11,288.96
27/6/11,280.75
24/6/11,277.66
23/6/11,283.76
22/6/11,297.33
21/6/11,288.26
20/6/11,291.15
17/6/11,294.6
16/6/11,294.94
15/6/11,292.35
14/6/11,306.46
13/6/11,299.68
10/6/11,301.77
9/6/11,303.98
8/6/11,297.87
7/6/11,299.19
6/6/11,294.99
3/6/11,299.31
2/6/11,296.77
1/6/11,297.73
31/5/11,315.04
27/5/11,309.2
26/5/11,304.83
25/5/11,301.62
24/5/11,299.28
23/5/11,293.81
20/5/11,293.58
19/5/11,292.6
18/5/11,295.55
17/5/11,291.93
16/5/11,293.11
13/5/11,307.44
12/5/11,306.39
11/5/11,312.28
10/5/11,337.97
9/5/11,327.84
6/5/11,309.01
5/5/11,309.54
4/5/11,332.25
3/5/11,332.94
2/5/11,334.79
29/4/11,346.48
28/4/11,342.98
27/4/11,341.94
26/4/11,335.72
25/4/11,332.29
21/4/11,330.86
20/4/11,327.73
19/4/11,323.31
18/4/11,325.28
15/4/11,328.92
14/4/11,323.47
13/4/11,324.24
12/4/11,316.41
11/4/11,320.05
8/4/11,326.07
7/4/11,318.65
6/4/11,319.29
5/4/11,320.13
4/4/11,316.88
1/4/11,315.13
31/3/11,310.76
30/3/11,306.4
29/3/11,304.58
28/3/11,302.74
25/3/11,304.45
24/3/11,304.48
23/3/11,302.13
22/3/11,300.45
21/3/11,299.74
18/3/11,294.94
17/3/11,295.06
16/3/11,284.37
15/3/11,280.29
14/3/11,296.03
11/3/11,298.77
10/3/11,301.96
9/3/11,302.72
8/3/11,294.67
7/3/11,300.39
4/3/11,304.64
3/3/11,302.62
2/3/11,302.95
1/3/11,298.34
28/2/11,272.96
25/2/11,273.95
24/2/11,271.67
23/2/11,271.49
22/2/11,260.21
18/2/11,255.13
17/2/11,252.77
16/2/11,254.47
15/2/11,248.88
14/2/11,251.74
11/2/11,246.52
10/2/11,246.98
9/2/11,252.6
8/2/11,249.42
7/2/11,245.05
4/2/11,243.53
3/2/11,250.34
2/2/11,249.85
1/2/11,251.94
31/1/11,249.06
28/1/11,245.68
27/1/11,238.16
26/1/11,243.06
25/1/11,234.27
24/1/11,241.32
21/1/11,245.89
20/1/11,242.25
19/1/11,248.16
18/1/11,247.92
14/1/11,249.46
13/1/11,244.59
12/1/11,246.31
11/1/11,247.84
10/1/11,245.43
7/1/11,241.31
6/1/11,244.3
5/1/11,244.51
4/1/11,241.4
3/1/11,242.73
31/12/10,245.32
30/12/10,239.18
29/12/10,239.04
28/12/10,240.56
27/12/10,242.09
23/12/10,244.26
22/12/10,242.45
21/12/10,239.85
20/12/10,237.78
17/12/10,231.78
16/12/10,230.43
15/12/10,230.92
14/12/10,229.64
13/12/10,231.84
10/12/10,230.93
9/12/10,234.05
8/12/10,230.46
7/12/10,232.3
6/12/10,234.17
3/12/10,235.21
2/12/10,235.53
1/12/10,230.04
30/11/10,226.52
29/11/10,228.46
26/11/10,221.03
24/11/10,221.36
23/11/10,213.42
22/11/10,215.19
19/11/10,219.6
18/11/10,222.83
17/11/10,215.79
16/11/10,215.57
15/11/10,219.5
12/11/10,220.99
11/11/10,223.57
10/11/10,223.62
9/11/10,218.5
8/11/10,217.85
5/11/10,218.0
4/11/10,217.71
3/11/10,213.8
2/11/10,210.96
1/11/10,209.29
29/10/10,210.45
28/10/10,211.39
27/10/10,210.2
26/10/10,209.4
25/10/10,207.73
22/10/10,206.38
21/10/10,204.1
20/10/10,208.26
19/10/10,204.83
18/10/10,215.15
15/10/10,210.38
14/10/10,213.65
13/10/10,216.61
12/10/10,212.39
11/10/10,216.55
8/10/10,215.12
7/10/10,211.8
6/10/10,215.59
5/10/10,212.55
4/10/10,209.33
1/10/10,208.61
30/9/10,204.48
29/9/10,199.55
28/9/10,194.79
27/9/10,194.88
24/9/10,194.71
23/9/10,191.74
22/9/10,190.14
21/9/10,191.96
20/9/10,194.96
17/9/10,191.92
16/9/10,192.47
15/9/10,196.25
14/9/10,196.9
13/9/10,198.06
10/9/10,197.31
9/9/10,193.54
8/9/10,193.94
7/9/10,193.29
3/9/10,191.95
2/9/10,192.16
1/9/10,188.91
31/8/10,188.94
30/8/10,193.41
27/8/10,194.79
26/8/10,190.85
25/8/10,186.39
24/8/10,184.94
23/8/10,188.1
20/8/10,192.51
19/8/10,192.87
18/8/10,196.12
17/8/10,195.32
16/8/10,192.43
13/8/10,193.96
12/8/10,195.48
11/8/10,199.76
10/8/10,208.53
9/8/10,211.87
6/8/10,211.27
5/8/10,216.44
4/8/10,217.5
3/8/10,219.35
2/8/10,216.85
30/7/10,210.66
29/7/10,209.74
28/7/10,206.34
27/7/10,206.32
26/7/10,210.58
23/7/10,212.22
22/7/10,214.66
21/7/10,206.78
20/7/10,207.86
19/7/10,205.9
16/7/10,204.86
15/7/10,206.07
14/7/10,206.65
13/7/10,208.21
12/7/10,202.8
9/7/10,207.0
8/7/10,205.11
7/7/10,202.53
6/7/10,197.13
2/7/10,197.77
1/7/10,199.76
30/6/10,206.06
29/6/10,207.2
28/6/10,213.76
25/6/10,216.78
24/6/10,209.35
23/6/10,208.23
22/6/10,213.35
21/6/10,214.28
18/6/10,214.76
17/6/10,216.4
16/6/10,214.52
15/6/10,212.15
14/6/10,207.64
11/6/10,204.97
10/6/10,207.05
9/6/10,203.97
8/6/10,198.91
7/6/10,199.49
4/6/10,199.53
3/6/10,208.12
2/6/10,202.61
1/6/10,198.25
28/5/10,201.98
27/5/10,203.89
26/5/10,197.04
25/5/10,193.08
24/5/10,197.08
21/5/10,196.12
20/5/10,196.45
19/5/10,201.52
18/5/10,204.31
17/5/10,204.31
14/5/10,213.08
13/5/10,219.51
12/5/10,221.04
11/5/10,219.52
10/5/10,217.26
7/5/10,212.51
6/5/10,215.63
5/5/10,222.04
4/5/10,232.22
3/5/10,243.51
30/4/10,239.63
29/4/10,235.56
28/4/10,233.27
27/4/10,232.68
26/4/10,234.09
23/4/10,235.31
22/4/10,230.02
21/4/10,228.27
20/4/10,228.09
19/4/10,225.44
16/4/10,227.7
15/4/10,232.62
14/4/10,233.27
13/4/10,230.93
12/4/10,229.58
9/4/10,228.93
8/4/10,229.83
7/4/10,231.47
6/4/10,234.83
5/4/10,235.02
1/4/10,232.37
31/3/10,231.0
30/3/10,227.47
29/3/10,226.13
26/3/10,220.74
25/3/10,221.77
24/3/10,222.12
23/3/10,226.28
22/3/10,225.62
19/3/10,225.56
18/3/10,230.09
17/3/10,230.97
16/3/10,227.5
15/3/10,222.28
12/3/10,225.5
11/3/10,227.2
10/3/10,228.51
9/3/10,226.03
8/3/10,228.92
5/3/10,227.1
4/3/10,223.37
3/3/10,224.76
2/3/10,219.66
1/3/10,215.56
26/2/10,207.88
25/2/10,203.7
24/2/10,209.89
23/2/10,206.56
22/2/10,211.58
19/2/10,208.57
18/2/10,206.92
17/2/10,200.71
16/2/10,198.82
12/2/10,192.95
11/2/10,193.57
10/2/10,192.9
9/2/10,192.9
8/2/10,189.4
5/2/10,188.64
4/2/10,195.08
3/2/10,203.62
2/2/10,201.79
1/2/10,193.21
29/1/10,190.31
28/1/10,191.74
27/1/10,193.92
26/1/10,196.74
25/1/10,200.08
22/1/10,196.57
21/1/10,198.29
20/1/10,204.65
19/1/10,205.91
15/1/10,204.54
14/1/10,207.38
13/1/10,206.02
12/1/10,209.78
11/1/10,214.27
8/1/10,215.53
7/1/10,213.49
6/1/10,213.66
5/1/10,212.5
4/1/10,210.44
31/12/09,205.25
30/12/09,204.06
29/12/09,201.06
28/12/09,201.84
24/12/09,198.96
23/12/09,196.66
22/12/09,188.88
21/12/09,186.91
18/12/09,189.48
17/12/09,185.2
16/12/09,187.39
15/12/09,184.51
14/12/09,182.67
11/12/09,184.16
10/12/09,183.51
9/12/09,185.73
8/12/09,192.46
7/12/09,194.06
4/12/09,197.5
3/12/09,199.3
2/12/09,199.28
1/12/09,204.23
30/11/09,200.08
27/11/09,192.62
25/11/09,199.76
24/11/09,193.9
23/11/09,197.94
20/11/09,198.06
19/11/09,196.95
18/11/09,201.14
17/11/09,200.49
16/11/09,198.68
13/11/09,191.62
12/11/09,194.05
11/11/09,199.27
10/11/09,197.74
9/11/09,198.18
6/11/09,192.43
5/11/09,198.77
4/11/09,201.27
3/11/09,200.04
2/11/09,199.03
30/10/09,194.32
29/10/09,201.9
28/10/09,198.64
27/10/09,207.05
26/10/09,203.38
23/10/09,204.38
22/10/09,204.42
21/10/09,205.43
20/10/09,198.77
19/10/09,198.72
16/10/09,197.93
15/10/09,194.49
14/10/09,185.75
13/10/09,183.18
12/10/09,179.9
9/10/09,176.8
8/10/09,177.97
7/10/09,172.03
6/10/09,177.27
5/10/09,175.39
2/10/09,174.09
1/10/09,175.79
30/9/09,172.59
29/9/09,162.81
28/9/09,163.8
25/9/09,162.05
24/9/09,163.66
23/9/09,170.49
22/9/09,178.16
21/9/09,175.14
18/9/09,183.24
17/9/09,185.12
16/9/09,184.83
15/9/09,178.92
14/9/09,174.33
11/9/09,175.98
10/9/09,180.36
9/9/09,182.81
8/9/09,182.89
4/9/09,177.63
3/9/09,179.28
2/9/09,180.86
1/9/09,178.22
31/8/09,198.59
28/8/09,206.18
27/8/09,203.14
26/8/09,198.26
25/8/09,200.7
24/8/09,204.91
21/8/09,199.56
20/8/09,198.22
19/8/09,203.46
18/8/09,200.02
17/8/09,195.15
14/8/09,193.8
13/8/09,201.92
12/8/09,202.53
11/8/09,204.22
10/8/09,202.74
7/8/09,200.81
6/8/09,206.07
5/8/09,205.12
4/8/09,205.67
3/8/09,206.93
31/7/09,204.48
30/7/09,199.11
29/7/09,185.5
28/7/09,191.06
27/7/09,193.47
24/7/09,191.59
23/7/09,191.32
22/7/09,183.83
21/7/09,181.2
20/7/09,178.94
17/7/09,176.99
16/7/09,171.35
15/7/09,170.81
14/7/09,164.66
13/7/09,163.94
10/7/09,165.05
9/7/09,166.38
8/7/09,163.33
7/7/09,173.28
6/7/09,174.04
2/7/09,179.08
1/7/09,185.9
30/6/09,189.72
29/6/09,193.58
26/6/09,187.41
25/6/09,189.83
24/6/09,184.25
23/6/09,189.32
22/6/09,185.97
19/6/09,192.44
18/6/09,202.95
17/6/09,203.26
16/6/09,207.11
15/6/09,205.3
12/6/09,204.31
11/6/09,206.49
10/6/09,201.53
9/6/09,196.67
8/6/09,193.6
5/6/09,195.46
4/6/09,196.21
3/6/09,190.16
2/6/09,192.52
1/6/09,192.43
29/5/09,193.1
28/5/09,191.05
27/5/09,189.17
26/5/09,185.24
22/5/09,184.08
21/5/09,179.97
20/5/09,180.95
19/5/09,181.25
18/5/09,175.81
15/5/09,168.06
14/5/09,172.37
13/5/09,168.88
12/5/09,166.79
11/5/09,168.02
8/5/09,170.55
7/5/09,166.55
6/5/09,162.8
5/5/09,157.22
4/5/09,158.6
1/5/09,151.74
30/4/09,147.42
29/4/09,144.84
28/4/09,139.77
27/4/09,140.32
24/4/09,144.2
23/4/09,139.44
22/4/09,139.06
21/4/09,141.44
20/4/09,141.19
17/4/09,149.27
16/4/09,147.43
15/4/09,144.68
14/4/09,145.76
13/4/09,146.32
9/4/09,148.1
8/4/09,143.96
7/4/09,146.04
6/4/09,147.55
3/4/09,149.24
2/4/09,146.98
1/4/09,137.17
31/3/09,140.0
30/3/09,137.99
27/3/09,148.79
26/3/09,153.11
25/3/09,149.5
24/3/09,150.26
23/3/09,148.81
20/3/09,145.7
19/3/09,143.73
18/3/09,136.57
17/3/09,142.38
16/3/09,136.73
13/3/09,135.29
12/3/09,134.57
11/3/09,125.12
10/3/09,129.72
9/3/09,133.51
6/3/09,133.22
5/3/09,131.27
4/3/09,138.16
3/3/09,131.94
2/3/09,128.62
27/2/09,128.07
26/2/09,130.04
25/2/09,116.67
24/2/09,108.37
23/2/09,104.33
20/2/09,107.46
19/2/09,109.86
18/2/09,106.52
17/2/09,111.18
13/2/09,120.63
12/2/09,125.83
11/2/09,126.98
10/2/09,124.39
9/2/09,124.71
6/2/09,125.07
5/2/09,127.48
4/2/09,121.84
3/2/09,116.7
2/2/09,114.92
30/1/09,126.89
29/1/09,123.09
28/1/09,118.35
27/1/09,110.85
26/1/09,115.31
23/1/09,115.44
22/1/09,109.34
21/1/09,117.38
20/1/09,114.31
16/1/09,116.72
15/1/09,117.42
14/1/09,116.77
13/1/09,114.89
12/1/09,108.41
9/1/09,111.12
8/1/09,108.82
7/1/09,107.64
6/1/09,118.92
5/1/09,118.24
2/1/09,111.05
31/12/08,100.82
30/12/08,88.53
29/12/08,87.45
26/12/08,84.4
24/12/08,79.27
23/12/08,85.6
22/12/08,88.62
19/12/08,96.93
18/12/08,96.29
17/12/08,100.55
16/12/08,104.0
15/12/08,103.69
12/12/08,107.77
11/12/08,107.86
10/12/08,96.87
9/12/08,93.64
8/12/08,96.18
5/12/08,90.12
4/12/08,96.95
3/12/08,104.15
2/12/08,105.83
1/12/08,111.12
28/11/08,114.62
26/11/08,117.98
25/11/08,109.49
24/11/08,114.25
21/11/08,106.43
20/11/08,100.7
19/11/08,110.7
18/11/08,113.68
17/11/08,117.46
14/11/08,123.91
13/11/08,130.24
12/11/08,124.81
11/11/08,130.59
10/11/08,136.79
7/11/08,134.95
6/11/08,133.6
5/11/08,142.44
4/11/08,153.27
3/11/08,136.25
31/10/08,144.13
30/10/08,146.7
29/10/08,153.3
28/10/08,145.55
27/10/08,147.69
24/10/08,147.79
23/10/08,157.78
22/10/08,157.09
21/10/08,169.19
20/10/08,172.01
17/10/08,166.61
16/10/08,162.2
15/10/08,178.22
14/10/08,188.48
13/10/08,191.76
10/10/08,180.7
9/10/08,202.73
8/10/08,202.98
7/10/08,206.28
6/10/08,205.91
3/10/08,222.83
2/10/08,225.5
1/10/08,236.0
30/9/08,248.47
29/9/08,239.7
26/9/08,266.51
25/9/08,269.73
24/9/08,259.47
23/9/08,259.5
22/9/08,270.38
19/9/08,259.97
18/9/08,248.24
17/9/08,246.3
16/9/08,240.08
15/9/08,256.14
12/9/08,276.96
11/9/08,274.88
10/9/08,266.16
9/9/08,265.26
8/9/08,275.03
5/9/08,268.61
4/9/08,274.04
3/9/08,276.68
2/9/08,273.37
29/8/08,300.99
28/8/08,302.14
27/8/08,306.72
26/8/08,296.97
25/8/08,288.23
22/8/08,286.86
21/8/08,304.52
20/8/08,291.03
19/8/08,286.39
18/8/08,281.52
15/8/08,286.02
14/8/08,291.2
13/8/08,293.23
12/8/08,284.32
11/8/08,286.66
8/8/08,288.74
7/8/08,300.27
6/8/08,294.93
5/8/08,295.64
4/8/08,300.02
1/8/08,308.43
31/7/08,304.8
30/7/08,313.51
29/7/08,300.77
28/7/08,307.0
25/7/08,303.23
24/7/08,305.94
23/7/08,303.44
22/7/08,314.7
21/7/08,321.71
18/7/08,317.09
17/7/08,316.33
16/7/08,327.94
15/7/08,338.48
14/7/08,355.77
11/7/08,356.32
10/7/08,351.09
9/7/08,338.08
8/7/08,336.31
7/7/08,348.27
3/7/08,357.1
2/7/08,354.94
1/7/08,351.34
30/6/08,350.15
27/6/08,350.12
26/6/08,351.13
25/6/08,339.41
24/6/08,346.35
23/6/08,345.51
20/6/08,343.92
19/6/08,335.26
18/6/08,346.67
17/6/08,341.79
16/6/08,343.79
13/6/08,346.26
12/6/08,352.6
11/6/08,346.58
10/6/08,331.93
9/6/08,339.4
6/6/08,354.8
5/6/08,333.45
4/6/08,319.51
3/6/08,335.25
2/6/08,339.07
30/5/08,340.89
29/5/08,340.42
28/5/08,344.76
27/5/08,338.3
23/5/08,339.6
22/5/08,332.97
21/5/08,339.65
20/5/08,330.44
19/5/08,323.66
16/5/08,322.35
15/5/08,316.58
14/5/08,318.04
13/5/08,320.0
12/5/08,316.42
9/5/08,320.12
8/5/08,313.78
7/5/08,311.82
6/5/08,310.55
5/5/08,305.29
2/5/08,296.64
1/5/08,287.82
30/4/08,293.12
29/4/08,293.92
28/4/08,303.07
25/4/08,305.37
24/4/08,301.86
23/4/08,305.07
22/4/08,301.64
21/4/08,297.91
18/4/08,298.93
17/4/08,295.78
16/4/08,293.9
15/4/08,288.1
14/4/08,282.18
11/4/08,280.73
10/4/08,279.21
9/4/08,277.42
8/4/08,275.04
7/4/08,278.35
4/4/08,275.67
3/4/08,272.43
2/4/08,277.36
1/4/08,263.92
31/3/08,261.63
28/3/08,271.7
27/3/08,271.63
26/3/08,274.29
25/3/08,268.02
24/3/08,264.12
20/3/08,260.51
19/3/08,256.03
18/3/08,266.0
17/3/08,250.42
14/3/08,268.94
13/3/08,268.28
12/3/08,272.86
11/3/08,272.61
10/3/08,271.49
7/3/08,269.43
6/3/08,265.32
5/3/08,264.21
4/3/08,252.91
3/3/08,267.2
29/2/08,251.23
28/2/08,249.57
27/2/08,247.77
26/2/08,255.05
25/2/08,254.19
22/2/08,253.37
21/2/08,252.2
20/2/08,258.52
19/2/08,260.31
15/2/08,249.38
14/2/08,247.61
13/2/08,238.99
12/2/08,236.8
11/2/08,239.62
8/2/08,235.72
7/2/08,226.78
6/2/08,223.99
5/2/08,226.47
4/2/08,231.17
1/2/08,228.34
31/1/08,230.91
30/1/08,233.4
29/1/08,232.95
28/1/08,232.53
25/1/08,231.82
24/1/08,228.28
23/1/08,225.08
22/1/08,228.06
18/1/08,230.34
17/1/08,226.68
16/1/08,227.83
15/1/08,230.92
14/1/08,237.28
11/1/08,232.03
10/1/08,236.01
9/1/08,243.55
8/1/08,247.39
7/1/08,242.98
4/1/08,251.1
3/1/08,254.14
2/1/08,256.89
31/12/07,247.58
28/12/07,245.97
27/12/07,249.62
26/12/07,245.26
24/12/07,238.4
21/12/07,237.95
20/12/07,232.76
19/12/07,233.19
18/12/07,230.43
17/12/07,233.54
14/12/07,234.17
13/12/07,237.44
12/12/07,241.28
11/12/07,229.14
10/12/07,225.01
7/12/07,226.9
6/12/07,230.13
5/12/07,221.7
4/12/07,225.17
3/12/07,225.01
30/11/07,225.91
29/11/07,226.48
28/11/07,227.57
27/11/07,237.3
26/11/07,244.14
23/11/07,246.7
21/11/07,243.71
20/11/07,245.15
19/11/07,238.16
16/11/07,237.54
15/11/07,233.62
14/11/07,237.04
13/11/07,231.67
12/11/07,241.65
9/11/07,245.6
8/11/07,243.76
7/11/07,244.06
6/11/07,243.5
5/11/07,238.11
2/11/07,243.95
1/11/07,234.32
31/10/07,234.0
30/10/07,225.71
29/10/07,232.74
26/10/07,227.4
25/10/07,223.58
24/10/07,214.75
23/10/07,210.89
22/10/07,213.34
19/10/07,216.87
18/10/07,218.51
17/10/07,214.66
16/10/07,217.37
15/10/07,215.75
12/10/07,208.51
11/10/07,206.66
10/10/07,203.36
9/10/07,202.02
8/10/07,200.02
5/10/07,204.93
4/10/07,205.22
3/10/07,199.59
2/10/07,198.28
1/10/07,198.13
28/9/07,206.83
27/9/07,209.39
26/9/07,202.74
25/9/07,203.79
24/9/07,208.34
21/9/07,211.45
20/9/07,213.51
19/9/07,209.34
18/9/07,206.03
17/9/07,204.42
14/9/07,203.64
13/9/07,204.64
12/9/07,201.6
11/9/07,198.11
10/9/07,197.86
7/9/07,198.64
6/9/07,197.17
5/9/07,199.65
4/9/07,199.1
31/8/07,205.19
30/8/07,208.01
29/8/07,210.08
28/8/07,201.54
27/8/07,203.93
24/8/07,198.14
23/8/07,192.32
22/8/07,188.9
21/8/07,186.37
20/8/07,193.65
17/8/07,203.88
16/8/07,197.83
15/8/07,200.88
14/8/07,197.38
13/8/07,193.75
10/8/07,195.48
9/8/07,193.4
8/8/07,193.77
7/8/07,194.42
6/8/07,192.59
3/8/07,202.9
2/8/07,203.62
1/8/07,202.96
31/7/07,214.08
30/7/07,208.56
27/7/07,210.17
26/7/07,207.59
25/7/07,208.79
24/7/07,204.77
23/7/07,210.41
20/7/07,216.46
19/7/07,219.14
18/7/07,219.53
17/7/07,210.07
16/7/07,212.62
13/7/07,222.48
12/7/07,226.63
11/7/07,230.63
10/7/07,236.94
9/7/07,234.46
6/7/07,230.96
5/7/07,228.43
3/7/07,226.44
2/7/07,224.87
29/6/07,229.42
28/6/07,226.67
27/6/07,225.46
26/6/07,224.69
25/6/07,230.25
22/6/07,228.66
21/6/07,224.67
20/6/07,222.81
19/6/07,223.46
18/6/07,226.43
15/6/07,226.01
14/6/07,222.47
13/6/07,215.53
12/6/07,213.5
11/6/07,215.13
8/6/07,212.71
7/6/07,219.27
6/6/07,219.04
5/6/07,220.73
4/6/07,223.8
1/6/07,224.46
31/5/07,225.12
30/5/07,227.25
29/5/07,229.79
25/5/07,240.37
24/5/07,235.69
23/5/07,231.04
22/5/07,230.63
21/5/07,240.13
18/5/07,240.77
17/5/07,243.66
16/5/07,233.7
15/5/07,230.16
14/5/07,230.12
11/5/07,235.21
10/5/07,232.61
9/5/07,223.09
8/5/07,220.45
7/5/07,218.96
4/5/07,221.64
3/5/07,224.76
2/5/07,223.26
1/5/07,224.47
30/4/07,244.05
27/4/07,236.13
26/4/07,229.03
25/4/07,228.26
24/4/07,220.89
23/4/07,219.07
20/4/07,213.74
19/4/07,208.88
18/4/07,208.33
17/4/07,205.58
16/4/07,211.57
13/4/07,217.97
12/4/07,219.18
11/4/07,215.87
10/4/07,212.3
9/4/07,209.46
5/4/07,212.88
4/4/07,210.54
3/4/07,201.77
2/4/07,204.28
30/3/07,211.15
29/3/07,213.55
28/3/07,205.72
27/3/07,207.3
26/3/07,207.2
23/3/07,199.83
22/3/07,195.75
21/3/07,193.49
20/3/07,194.21
19/3/07,195.81
16/3/07,190.71
15/3/07,188.16
14/3/07,192.83
13/3/07,193.18
12/3/07,191.05
9/3/07,190.21
8/3/07,192.61
7/3/07,189.55
6/3/07,185.33
5/3/07,184.47
2/3/07,190.18
1/3/07,191.01
28/2/07,184.76
27/2/07,181.61
26/2/07,177.77
23/2/07,176.31
22/2/07,175.48
21/2/07,170.47
20/2/07,164.91
16/2/07,164.53
15/2/07,159.72
14/2/07,161.62
13/2/07,160.91
12/2/07,155.27
9/2/07,161.48
8/2/07,159.33
7/2/07,154.15
6/2/07,157.25
5/2/07,155.99
2/2/07,157.29
1/2/07,152.53
31/1/07,150.09
30/1/07,152.13
29/1/07,144.1
26/1/07,148.34
25/1/07,144.41
24/1/07,146.16
23/1/07,144.73
22/1/07,137.54
19/1/07,139.8
18/1/07,135.53
17/1/07,137.86
16/1/07,136.93
12/1/07,143.2
11/1/07,139.05
10/1/07,142.92
9/1/07,146.96
8/1/07,146.85
5/1/07,149.31
4/1/07,148.7
3/1/07,154.89
29/12/06,160.21
28/12/06,159.8
27/12/06,158.89
26/12/06,157.16
22/12/06,163.09
21/12/06,164.89
20/12/06,169.3
19/12/06,171.06
18/12/06,167.49
15/12/06,170.39
14/12/06,167.01
13/12/06,162.21
12/12/06,159.7
11/12/06,159.58
8/12/06,161.71
7/12/06,162.32
6/12/06,162.13
5/12/06,164.39
4/12/06,166.31
1/12/06,170.21
30/11/06,170.24
29/11/06,170.84
28/11/06,163.71
27/11/06,159.75
24/11/06,159.67
22/11/06,159.67
21/11/06,164.27
20/11/06,156.05
17/11/06,154.93
16/11/06,154.11
15/11/06,159.47
14/11/06,155.77
13/11/06,154.71
10/11/06,156.56
9/11/06,160.52
8/11/06,157.77
7/11/06,153.56
6/11/06,154.33
3/11/06,152.57
2/11/06,147.65
1/11/06,149.48
31/10/06,144.66
30/10/06,146.0
27/10/06,155.63
26/10/06,154.22
25/10/06,158.75
24/10/06,153.22
23/10/06,150.44
20/10/06,150.94
19/10/06,153.28
18/10/06,150.03
17/10/06,151.71
16/10/06,153.22
13/10/06,151.81
12/10/06,148.72
11/10/06,147.87
10/10/06,148.67
9/10/06,152.07
6/10/06,153.02
5/10/06,154.72
4/10/06,153.46
3/10/06,149.81
2/10/06,154.25
29/9/06,156.32
28/9/06,156.02
27/9/06,156.33
26/9/06,152.62
25/9/06,150.08
22/9/06,151.99
21/9/06,153.38
20/9/06,149.29
19/9/06,154.83
18/9/06,162.66
15/9/06,163.71
14/9/06,160.16
13/9/06,160.05
12/9/06,160.83
11/9/06,162.15
8/9/06,164.23
7/9/06,168.41
6/9/06,167.9
5/9/06,168.26
1/9/06,178.42
31/8/06,182.07
30/8/06,183.35
29/8/06,182.5
28/8/06,182.83
25/8/06,190.58
24/8/06,186.08
23/8/06,188.55
22/8/06,198.07
21/8/06,197.83
18/8/06,200.52
17/8/06,196.5
16/8/06,202.58
15/8/06,206.92
14/8/06,204.98
11/8/06,213.24
10/8/06,206.78
9/8/06,219.87
8/8/06,227.2
7/8/06,232.0
4/8/06,232.05
3/8/06,236.54
2/8/06,241.24
1/8/06,237.24
31/7/06,234.96
28/7/06,233.8
27/7/06,235.29
26/7/06,237.5
25/7/06,239.0
24/7/06,241.93
21/7/06,242.46
20/7/06,235.86
19/7/06,233.27
18/7/06,236.69
17/7/06,239.9
14/7/06,243.08
13/7/06,238.56
12/7/06,236.75
11/7/06,231.22
10/7/06,230.49
7/7/06,238.76
6/7/06,240.55
5/7/06,241.42
3/7/06,238.46
30/6/06,239.31
29/6/06,236.65
28/6/06,231.85
27/6/06,232.89
26/6/06,234.33
23/6/06,229.47
22/6/06,227.52
21/6/06,223.02
20/6/06,216.68
19/6/06,216.37
16/6/06,220.48
15/6/06,220.19
14/6/06,218.22
13/6/06,217.1
12/6/06,225.99
9/6/06,230.53
8/6/06,227.87
7/6/06,226.25
6/6/06,234.64
5/6/06,233.67
2/6/06,236.25
1/6/06,227.46
31/5/06,228.73
30/5/06,233.47
26/5/06,231.0
25/5/06,224.0
24/5/06,215.67
23/5/06,225.0
22/5/06,217.22
19/5/06,218.5
18/5/06,217.5
17/5/06,216.0
16/5/06,222.58
15/5/06,226.8
12/5/06,242.56
11/5/06,248.95
10/5/06,245.94
9/5/06,235.1
8/5/06,224.86
5/5/06,226.73
4/5/06,217.36
3/5/06,228.25
2/5/06,232.5
1/5/06,227.56
28/4/06,221.0
27/4/06,216.69
26/4/06,225.1
25/4/06,224.5
24/4/06,230.4
21/4/06,235.95
20/4/06,232.2
19/4/06,234.69
18/4/06,232.14
17/4/06,228.47
13/4/06,222.97
12/4/06,221.55
11/4/06,219.21
10/4/06,215.14
7/4/06,212.51
6/4/06,214.39
5/4/06,210.6
4/4/06,206.25
3/4/06,205.12
31/3/06,206.45
30/3/06,208.05
29/3/06,207.55
28/3/06,203.85
27/3/06,197.2
24/3/06,195.75
23/3/06,191.5
22/3/06,184.8
21/3/06,189.75
20/3/06,187.48
17/3/06,193.25
16/3/06,194.9
15/3/06,191.05
14/3/06,194.89
13/3/06,187.0
10/3/06,181.85
9/3/06,184.0
8/3/06,183.23
7/3/06,185.35
6/3/06,184.1
3/3/06,189.81
2/3/06,186.25
1/3/06,179.99
28/2/06,154.43
27/2/06,148.7
24/2/06,155.97
23/2/06,152.01
22/2/06,149.79
21/2/06,153.07
17/2/06,152.87
16/2/06,148.83
15/2/06,143.1
14/2/06,144.61
13/2/06,147.8
10/2/06,151.05
9/2/06,158.01
8/2/06,158.31
7/2/06,161.4
6/2/06,166.22
3/2/06,170.17
2/2/06,168.93
1/2/06,174.35
31/1/06,175.58
30/1/06,180.49
27/1/06,177.14
26/1/06,172.43
25/1/06,170.46
24/1/06,177.44
23/1/06,181.0
20/1/06,183.0
19/1/06,180.0
18/1/06,180.0
17/1/06,184.0
13/1/06,177.11
12/1/06,176.85
11/1/06,176.31
10/1/06,178.0
9/1/06,179.75
6/1/06,184.55
5/1/06,181.7
4/1/06,182.45
3/1/06,178.62
30/12/05,174.0
29/12/05,168.24
28/12/05,162.11
27/12/05,157.34
23/12/05,160.05
22/12/05,159.06
21/12/05,157.64
20/12/05,155.88
19/12/05,157.52
16/12/05,161.89
15/12/05,168.0
14/12/05,168.57
13/12/05,169.09
12/12/05,168.68
9/12/05,163.99
8/12/05,166.66
7/12/05,159.76
6/12/05,161.0
5/12/05,161.5
2/12/05,163.13
1/12/05,159.25
30/11/05,152.71
29/11/05,148.06
28/11/05,150.19
23/11/05,154.8
22/11/05,155.82
21/11/05,150.8
18/11/05,150.23
17/11/05,150.43
16/11/05,152.67
15/11/05,150.87
14/11/05,154.3
11/11/05,154.0
10/11/05,154.38
9/11/05,158.8
8/11/05,160.74
7/11/05,157.9
4/11/05,160.5
3/11/05,162.6
2/11/05,157.6
1/11/05,159.6
31/10/05,158.11
28/10/05,164.5
27/10/05,161.0
26/10/05,160.0
25/10/05,166.2
24/10/05,160.53
21/10/05,164.5
20/10/05,160.25
19/10/05,165.72
18/10/05,169.0
17/10/05,175.7
14/10/05,170.44
13/10/05,172.86
12/10/05,177.57
11/10/05,177.0
10/10/05,173.0
7/10/05,174.0
6/10/05,172.0
5/10/05,176.5
4/10/05,184.53
3/10/05,188.88